OrderID,CustomerID,EmployeeID,ProductID,OrderDate,Quantity,UnitPrice,UnitCost,DiscountPct
1,185,9,54,2024-03-19,3,295710,156000,0.15
2,101,15,32,2025-09-23,4,484101,322000,0.2
3,486,13,14,2024-01-07,2,615107,440000,0.1
4,226,11,43,2024-12-03,5,288284,203000,0.15
5,165,20,56,2024-11-03,5,863852,432000,0.05
6,91,13,89,2024-11-17,2,273964,141000,0.15
7,401,8,41,2025-08-12,3,579025,345000,0.15
8,187,4,42,2025-02-06,4,387805,204000,0.1
9,93,18,73,2025-07-12,2,148321,84000,0.2
10,409,10,4,2025-03-24,4,213367,177000,0.05
11,256,5,89,2025-11-20,1,273964,141000,0.15
12,338,5,82,2024-09-15,3,354688,203000,0.05
13,230,20,92,2024-03-16,4,759219,396000,0.15
14,260,14,62,2025-07-01,5,230470,154000,0.15
15,459,18,70,2025-12-19,1,651468,327000,0.1
16,337,12,77,2024-09-11,1,92902,58000,0.0
17,331,13,22,2025-07-30,5,353698,252000,0.0
18,6,4,97,2024-04-18,3,246451,166000,0.15
19,286,19,34,2025-06-15,2,886449,498000,0.2
20,192,13,89,2025-04-01,5,273964,141000,0.05
21,177,1,60,2024-06-03,5,272251,183000,0.2
22,472,3,62,2025-03-01,1,230470,154000,0.1
23,176,15,15,2024-11-15,2,564164,320000,0.1
24,244,4,27,2024-12-22,5,381913,245000,0.15
25,154,2,57,2024-03-09,4,683509,406000,0.1
26,332,4,91,2024-12-17,1,128108,89000,0.0
27,90,18,87,2025-06-12,2,866392,494000,0.05
28,491,15,21,2025-03-12,3,527487,336000,0.2
29,328,14,30,2024-07-09,4,836817,422000,0.05
30,231,19,51,2024-07-21,1,525757,280000,0.2
31,110,7,55,2025-12-22,4,78058,57000,0.0
32,410,18,36,2024-04-14,1,236121,173000,0.2
33,235,4,24,2024-07-20,3,510411,408000,0.1
34,161,20,34,2025-10-16,4,886449,498000,0.2
35,59,12,50,2025-08-24,5,244295,174000,0.15
36,417,10,46,2024-06-25,4,181428,126000,0.2
37,69,11,79,2025-11-19,5,250982,148000,0.0
38,94,12,16,2024-04-29,2,150904,81000,0.1
39,215,20,89,2025-02-01,2,273964,141000,0.2
40,96,16,18,2025-03-09,5,542999,398000,0.15
41,86,16,82,2025-07-22,5,354688,203000,0.05
42,432,15,37,2024-11-18,2,466547,278000,0.05
43,249,5,80,2024-01-10,1,341486,186000,0.1
44,335,16,25,2025-06-01,4,356587,291000,0.2
45,431,15,53,2025-12-28,4,269183,146000,0.15
46,16,8,63,2025-08-01,2,639248,338000,0.0
47,276,10,38,2024-08-18,1,313675,175000,0.1
48,282,17,22,2025-05-22,4,353698,252000,0.2
49,397,18,15,2024-10-01,5,564164,320000,0.0
50,280,7,47,2025-03-27,5,325148,173000,0.0
51,448,2,55,2024-10-31,1,78058,57000,0.05
52,225,4,58,2024-03-30,3,282366,172000,0.1
53,353,12,100,2025-08-25,2,130122,92000,0.05
54,316,5,91,2024-06-18,5,128108,89000,0.15
55,180,18,27,2025-08-06,2,381913,245000,0.0
56,166,10,36,2024-06-21,5,236121,173000,0.2
57,461,4,38,2025-06-10,5,313675,175000,0.1
58,444,5,18,2024-10-10,4,542999,398000,0.0
59,365,11,90,2024-05-29,2,260462,156000,0.05
60,296,9,32,2024-05-25,4,484101,322000,0.15
61,39,3,81,2025-04-07,4,402769,257000,0.15
62,480,12,52,2025-12-12,5,107522,76000,0.1
63,2,3,59,2025-08-18,4,468552,288000,0.1
64,408,18,94,2024-03-05,4,98417,77000,0.1
65,254,9,51,2024-08-04,2,525757,280000,0.15
66,296,5,42,2025-07-14,3,387805,204000,0.1
67,391,2,73,2025-11-29,4,148321,84000,0.1
68,64,6,6,2024-01-17,1,618850,348000,0.15
69,104,5,57,2025-03-14,4,683509,406000,0.0
70,48,12,84,2024-10-07,3,133333,78000,0.05
71,463,6,33,2025-11-11,1,420924,285000,0.1
72,387,8,7,2025-12-17,4,571254,384000,0.1
73,110,16,55,2024-01-02,1,78058,57000,0.0
74,266,15,10,2024-08-19,2,728704,377000,0.2
75,441,14,2,2024-05-03,1,457712,313000,0.1
76,118,13,89,2024-03-13,2,273964,141000,0.15
77,189,10,12,2024-11-16,1,200189,128000,0.0
78,347,5,18,2025-10-18,4,542999,398000,0.05
79,313,6,9,2024-01-09,5,449456,257000,0.2
80,384,5,57,2025-10-05,3,683509,406000,0.05
81,45,4,53,2024-08-10,5,269183,146000,0.15
82,180,14,18,2025-01-28,1,542999,398000,0.2
83,331,3,41,2024-10-10,2,579025,345000,0.05
84,370,20,32,2025-09-06,5,484101,322000,0.2
85,266,20,37,2024-07-29,1,466547,278000,0.1
86,331,2,66,2024-10-29,2,636541,341000,0.15
87,124,16,31,2024-04-25,4,317221,202000,0.15
88,456,1,82,2025-06-24,5,354688,203000,0.0
89,441,19,47,2025-01-31,3,325148,173000,0.05
90,89,16,54,2025-11-30,3,295710,156000,0.2
91,35,1,99,2025-08-24,1,754227,445000,0.0
92,486,13,34,2024-03-02,2,886449,498000,0.0
93,217,13,65,2025-03-01,3,173690,128000,0.2
94,79,9,11,2025-09-22,5,501111,364000,0.2
95,472,7,11,2025-06-07,3,501111,364000,0.0
96,301,3,20,2025-02-04,5,188439,117000,0.1
97,126,3,40,2024-02-29,4,612399,307000,0.05
98,312,2,56,2025-09-18,1,863852,432000,0.15
99,363,5,40,2024-01-13,2,612399,307000,0.0
100,488,12,90,2025-05-23,1,260462,156000,0.05
101,191,5,67,2024-06-19,5,327734,181000,0.1
102,172,14,96,2024-01-31,3,110974,65000,0.0
103,365,19,35,2024-09-26,5,801865,464000,0.0
104,262,12,81,2025-04-11,1,402769,257000,0.15
105,189,6,8,2024-06-19,4,506180,391000,0.2
106,371,4,33,2025-11-21,1,420924,285000,0.2
107,440,1,30,2024-02-15,5,836817,422000,0.0
108,197,5,32,2025-01-07,1,484101,322000,0.15
109,215,8,23,2025-11-02,1,435414,346000,0.2
110,139,3,42,2024-11-23,2,387805,204000,0.15
111,345,2,74,2025-05-29,3,481960,308000,0.0
112,489,13,23,2024-02-17,2,435414,346000,0.2
113,168,3,9,2024-11-14,4,449456,257000,0.1
114,103,10,71,2025-01-12,4,899254,479000,0.0
115,238,12,73,2024-09-05,3,148321,84000,0.2
116,390,8,76,2025-07-13,4,67949,56000,0.05
117,120,18,20,2024-01-25,1,188439,117000,0.15
118,389,13,45,2024-01-02,1,732045,452000,0.1
119,272,8,95,2024-07-29,3,377246,224000,0.0
120,365,9,54,2024-05-25,4,295710,156000,0.0
121,212,12,12,2025-06-16,1,200189,128000,0.05
122,259,5,59,2024-04-07,1,468552,288000,0.2
123,291,2,82,2025-08-29,4,354688,203000,0.0
124,134,11,56,2024-10-25,2,863852,432000,0.05
125,140,8,51,2025-04-08,3,525757,280000,0.1
126,56,5,10,2025-08-21,2,728704,377000,0.05
127,161,14,14,2025-04-22,2,615107,440000,0.15
128,232,10,16,2024-07-31,5,150904,81000,0.1
129,81,10,60,2024-04-02,3,272251,183000,0.0
130,428,11,91,2024-08-08,5,128108,89000,0.0
131,203,17,19,2024-12-30,1,484036,311000,0.05
132,16,13,7,2024-06-27,3,571254,384000,0.1
133,49,15,58,2024-09-12,5,282366,172000,0.2
134,32,8,14,2024-01-13,2,615107,440000,0.0
135,352,3,17,2025-01-16,2,195974,134000,0.15
136,12,3,75,2024-03-17,5,615439,387000,0.1
137,464,11,26,2024-04-04,4,579595,443000,0.05
138,87,19,16,2024-02-21,1,150904,81000,0.15
139,196,14,56,2024-01-31,4,863852,432000,0.15
140,141,9,23,2024-07-10,3,435414,346000,0.05
141,318,20,58,2025-09-20,2,282366,172000,0.0
142,452,18,32,2025-02-25,3,484101,322000,0.15
143,197,5,62,2024-10-13,1,230470,154000,0.0
144,323,18,54,2024-09-12,2,295710,156000,0.2
145,279,16,3,2025-05-06,4,285890,144000,0.1
146,199,9,45,2024-11-25,5,732045,452000,0.2
147,113,1,24,2025-09-03,1,510411,408000,0.1
148,272,12,100,2025-04-28,3,130122,92000,0.0
149,52,8,99,2024-06-12,5,754227,445000,0.05
150,418,2,85,2025-06-30,2,572260,305000,0.1
151,182,6,98,2025-02-01,2,252844,145000,0.2
152,413,12,23,2024-11-21,2,435414,346000,0.2
153,289,5,76,2025-08-04,1,67949,56000,0.1
154,159,6,73,2025-07-09,2,148321,84000,0.15
155,120,20,63,2024-02-27,1,639248,338000,0.0
156,1,11,29,2025-05-04,1,147705,110000,0.2
157,368,6,79,2024-12-14,2,250982,148000,0.05
158,301,5,42,2024-05-31,1,387805,204000,0.0
159,492,3,100,2025-01-08,1,130122,92000,0.2
160,173,10,48,2024-04-13,4,725534,462000,0.2
161,406,16,42,2025-03-23,2,387805,204000,0.05
162,496,18,84,2025-12-25,3,133333,78000,0.05
163,341,19,89,2024-08-16,5,273964,141000,0.1
164,151,5,23,2025-12-06,4,435414,346000,0.1
165,436,19,23,2025-02-04,1,435414,346000,0.2
166,472,20,5,2024-11-21,2,501235,278000,0.2
167,73,11,29,2025-05-23,5,147705,110000,0.0
168,164,6,96,2024-12-21,1,110974,65000,0.05
169,6,9,82,2025-04-02,1,354688,203000,0.1
170,132,4,27,2024-12-24,2,381913,245000,0.0
171,225,14,93,2025-01-30,1,781223,436000,0.0
172,180,18,22,2025-01-22,4,353698,252000,0.15
173,334,8,49,2025-08-14,1,432853,263000,0.15
174,151,1,21,2024-02-04,4,527487,336000,0.0
175,176,6,41,2024-03-16,3,579025,345000,0.0
176,483,3,49,2025-07-14,2,432853,263000,0.0
177,361,1,44,2025-05-09,5,533229,334000,0.2
178,81,2,56,2025-03-20,2,863852,432000,0.2
179,210,18,13,2024-07-13,3,670509,409000,0.05
180,145,10,93,2025-11-07,5,781223,436000,0.1
181,293,18,31,2025-02-06,1,317221,202000,0.0
182,2,14,63,2025-01-04,2,639248,338000,0.0
183,103,4,12,2025-05-06,3,200189,128000,0.2
184,150,3,4,2025-10-15,2,213367,177000,0.05
185,242,16,61,2025-02-11,1,184225,100000,0.1
186,279,13,85,2025-10-19,3,572260,305000,0.0
187,96,15,24,2025-01-13,3,510411,408000,0.15
188,135,8,6,2025-04-21,3,618850,348000,0.15
189,386,4,35,2024-06-03,5,801865,464000,0.0
190,498,19,11,2025-02-27,3,501111,364000,0.2
191,420,17,30,2025-01-31,5,836817,422000,0.0
192,452,8,54,2025-08-09,5,295710,156000,0.15
193,463,2,61,2025-02-08,3,184225,100000,0.0
194,347,20,65,2025-08-08,5,173690,128000,0.2
195,486,6,19,2024-06-26,1,484036,311000,0.15
196,217,3,28,2024-02-13,2,158902,91000,0.05
197,76,20,88,2025-10-04,4,141570,73000,0.05
198,199,18,34,2024-03-30,3,886449,498000,0.0
199,267,15,51,2024-10-09,5,525757,280000,0.1
200,401,14,2,2025-06-19,5,457712,313000,0.2
201,291,19,15,2024-05-31,4,564164,320000,0.05
202,400,4,75,2025-07-30,1,615439,387000,0.0
203,136,13,37,2025-02-24,5,466547,278000,0.1
204,243,2,84,2025-09-15,4,133333,78000,0.2
205,317,20,23,2024-05-27,3,435414,346000,0.15
206,456,11,88,2025-02-09,4,141570,73000,0.0
207,472,9,89,2025-05-01,2,273964,141000,0.0
208,160,9,48,2024-11-06,1,725534,462000,0.1
209,154,15,63,2024-05-17,1,639248,338000,0.05
210,310,3,100,2025-03-02,3,130122,92000,0.1
211,380,16,25,2025-02-20,4,356587,291000,0.05
212,264,6,98,2024-02-27,5,252844,145000,0.1
213,70,17,9,2025-02-17,3,449456,257000,0.2
214,449,7,73,2024-07-16,1,148321,84000,0.05
215,26,12,8,2025-04-12,2,506180,391000,0.0
216,422,15,91,2025-01-12,2,128108,89000,0.1
217,16,8,65,2025-11-28,4,173690,128000,0.0
218,91,16,48,2025-04-01,4,725534,462000,0.2
219,84,9,76,2024-12-18,5,67949,56000,0.1
220,198,2,96,2024-01-29,1,110974,65000,0.1
221,332,8,21,2024-08-14,5,527487,336000,0.05
222,210,17,87,2025-10-29,2,866392,494000,0.1
223,332,6,3,2024-05-15,1,285890,144000,0.15
224,312,10,77,2024-09-15,1,92902,58000,0.05
225,437,12,92,2025-01-20,3,759219,396000,0.15
226,155,17,59,2025-04-22,3,468552,288000,0.05
227,4,17,80,2024-04-14,4,341486,186000,0.2
228,305,20,85,2025-10-24,3,572260,305000,0.2
229,33,11,37,2025-05-08,3,466547,278000,0.0
230,336,10,36,2024-09-24,3,236121,173000,0.1
231,461,2,25,2024-09-03,2,356587,291000,0.2
232,72,1,77,2025-11-28,4,92902,58000,0.1
233,465,14,84,2024-09-22,4,133333,78000,0.1
234,363,19,52,2025-08-20,4,107522,76000,0.0
235,274,16,25,2025-12-03,3,356587,291000,0.05
236,433,6,86,2024-11-03,3,619302,320000,0.2
237,50,16,85,2024-10-27,5,572260,305000,0.05
238,485,11,17,2024-07-06,3,195974,134000,0.2
239,115,10,84,2024-12-29,1,133333,78000,0.05
240,300,10,54,2024-09-23,3,295710,156000,0.1
241,444,19,60,2024-02-24,1,272251,183000,0.15
242,456,7,75,2025-04-28,5,615439,387000,0.0
243,153,14,65,2025-06-26,1,173690,128000,0.15
244,176,14,7,2024-07-24,2,571254,384000,0.05
245,442,6,73,2024-11-19,4,148321,84000,0.05
246,324,6,100,2024-12-06,1,130122,92000,0.15
247,141,7,41,2025-04-07,1,579025,345000,0.0
248,251,3,98,2024-06-11,2,252844,145000,0.2
249,220,13,17,2025-10-10,5,195974,134000,0.15
250,20,18,55,2024-01-05,4,78058,57000,0.15
251,388,17,26,2024-11-25,3,579595,443000,0.0
252,376,8,25,2025-10-03,1,356587,291000,0.0
253,53,13,29,2024-05-12,3,147705,110000,0.1
254,34,2,65,2024-06-20,5,173690,128000,0.1
255,306,17,39,2025-06-16,3,275775,169000,0.15
256,462,16,44,2024-12-16,4,533229,334000,0.05
257,10,8,46,2025-02-17,2,181428,126000,0.05
258,302,17,29,2024-01-23,2,147705,110000,0.05
259,334,2,22,2025-12-29,1,353698,252000,0.1
260,25,20,49,2025-09-30,3,432853,263000,0.2
261,354,4,7,2024-02-19,1,571254,384000,0.0
262,281,9,54,2024-05-06,4,295710,156000,0.15
263,352,1,61,2025-12-12,2,184225,100000,0.05
264,267,9,39,2025-11-09,4,275775,169000,0.0
265,426,4,80,2025-03-04,5,341486,186000,0.05
266,59,4,66,2024-10-16,5,636541,341000,0.0
267,399,9,64,2024-07-23,2,81699,58000,0.2
268,210,10,67,2025-12-21,2,327734,181000,0.1
269,467,7,21,2025-05-23,1,527487,336000,0.2
270,2,1,89,2024-08-28,4,273964,141000,0.1
271,343,16,86,2025-08-10,1,619302,320000,0.0
272,371,4,20,2024-03-17,1,188439,117000,0.2
273,136,15,33,2024-10-30,2,420924,285000,0.15
274,437,10,7,2024-02-10,1,571254,384000,0.05
275,49,2,47,2024-04-28,3,325148,173000,0.15
276,184,15,2,2024-12-02,2,457712,313000,0.05
277,418,11,80,2025-01-16,3,341486,186000,0.0
278,493,15,24,2025-02-13,1,510411,408000,0.15
279,333,6,35,2025-03-07,4,801865,464000,0.15
280,54,14,15,2024-06-12,2,564164,320000,0.0
281,225,6,76,2025-11-25,4,67949,56000,0.2
282,15,5,79,2025-09-18,4,250982,148000,0.1
283,226,2,62,2025-02-25,4,230470,154000,0.0
284,361,17,9,2024-01-13,3,449456,257000,0.1
285,490,11,99,2024-08-17,5,754227,445000,0.2
286,222,8,67,2024-04-07,5,327734,181000,0.2
287,430,18,62,2024-06-01,3,230470,154000,0.15
288,479,6,79,2025-10-20,1,250982,148000,0.0
289,39,16,65,2024-06-18,4,173690,128000,0.15
290,26,17,42,2024-10-11,2,387805,204000,0.1
291,419,8,29,2025-02-16,5,147705,110000,0.15
292,230,3,11,2025-08-09,4,501111,364000,0.15
293,255,1,64,2024-05-01,4,81699,58000,0.1
294,286,18,14,2024-02-06,4,615107,440000,0.15
295,327,10,1,2025-09-25,1,234738,139000,0.2
296,344,15,66,2025-11-01,5,636541,341000,0.05
297,433,15,44,2024-08-16,3,533229,334000,0.0
298,243,12,43,2025-09-06,5,288284,203000,0.2
299,389,8,92,2024-04-09,4,759219,396000,0.0
300,494,10,1,2025-10-10,3,234738,139000,0.1
301,55,2,71,2025-12-19,5,899254,479000,0.1
302,55,9,22,2025-02-23,4,353698,252000,0.05
303,477,13,79,2024-05-03,2,250982,148000,0.05
304,56,14,28,2024-12-12,4,158902,91000,0.05
305,235,19,6,2025-04-06,5,618850,348000,0.0
306,272,2,65,2024-01-05,2,173690,128000,0.15
307,474,17,71,2025-05-09,4,899254,479000,0.2
308,375,5,100,2024-06-26,2,130122,92000,0.2
309,452,11,14,2025-09-12,4,615107,440000,0.2
310,469,8,65,2025-09-15,4,173690,128000,0.15
311,232,5,36,2024-10-28,4,236121,173000,0.1
312,454,17,18,2025-12-17,4,542999,398000,0.2
313,378,18,39,2025-12-29,5,275775,169000,0.1
314,320,10,81,2024-08-02,2,402769,257000,0.05
315,333,6,88,2025-12-28,3,141570,73000,0.05
316,60,12,65,2025-12-28,5,173690,128000,0.1
317,483,14,72,2025-08-07,4,531452,441000,0.2
318,414,1,87,2025-03-08,5,866392,494000,0.1
319,75,2,67,2025-01-25,1,327734,181000,0.0
320,385,6,86,2024-09-30,1,619302,320000,0.05
321,354,10,37,2024-03-04,3,466547,278000,0.05
322,417,15,27,2025-01-02,5,381913,245000,0.0
323,381,18,14,2024-08-17,5,615107,440000,0.2
324,148,2,50,2025-12-13,2,244295,174000,0.2
325,161,18,49,2025-12-02,4,432853,263000,0.15
326,318,15,7,2024-07-26,1,571254,384000,0.1
327,379,20,29,2025-07-13,3,147705,110000,0.2
328,91,3,26,2025-04-04,2,579595,443000,0.1
329,194,2,24,2024-05-02,2,510411,408000,0.2
330,67,6,55,2024-09-27,3,78058,57000,0.2
331,239,5,75,2024-12-04,3,615439,387000,0.0
332,27,20,6,2025-09-03,2,618850,348000,0.1
333,282,12,85,2025-08-09,3,572260,305000,0.15
334,490,6,10,2024-08-13,3,728704,377000,0.2
335,213,18,67,2024-06-12,1,327734,181000,0.2
336,114,7,69,2024-12-23,4,214926,121000,0.0
337,151,7,85,2025-01-04,3,572260,305000,0.1
338,288,1,97,2025-05-01,5,246451,166000,0.2
339,464,20,15,2024-09-03,3,564164,320000,0.15
340,454,11,80,2025-11-29,2,341486,186000,0.0
341,277,10,49,2024-09-19,1,432853,263000,0.15
342,412,17,4,2025-06-10,5,213367,177000,0.1
343,460,7,58,2024-10-30,4,282366,172000,0.0
344,86,18,42,2024-04-08,5,387805,204000,0.0
345,344,7,69,2024-08-03,1,214926,121000,0.0
346,276,14,88,2024-07-29,4,141570,73000,0.0
347,236,11,83,2024-01-25,1,147849,97000,0.05
348,92,9,5,2024-02-25,1,501235,278000,0.0
349,467,9,72,2024-08-21,1,531452,441000,0.2
350,208,14,53,2025-10-07,4,269183,146000,0.15
351,61,18,41,2025-11-20,1,579025,345000,0.15
352,24,3,1,2025-08-22,5,234738,139000,0.0
353,403,10,46,2024-10-23,5,181428,126000,0.0
354,196,13,78,2025-03-24,1,201181,104000,0.1
355,274,8,85,2024-06-09,1,572260,305000,0.15
356,492,5,18,2024-10-29,4,542999,398000,0.2
357,448,18,39,2025-07-20,3,275775,169000,0.0
358,294,20,19,2024-01-06,1,484036,311000,0.0
359,157,7,51,2024-03-28,5,525757,280000,0.2
360,464,17,96,2025-02-26,3,110974,65000,0.05
361,316,9,19,2024-08-14,2,484036,311000,0.05
362,410,19,25,2025-11-18,1,356587,291000,0.05
363,282,3,7,2025-10-22,5,571254,384000,0.15
364,102,19,38,2024-04-10,1,313675,175000,0.1
365,344,8,63,2024-05-11,3,639248,338000,0.1
366,461,7,13,2024-03-12,3,670509,409000,0.2
367,316,10,41,2024-12-02,4,579025,345000,0.15
368,291,12,89,2025-08-02,5,273964,141000,0.05
369,161,8,41,2024-01-05,4,579025,345000,0.05
370,69,11,29,2025-01-03,4,147705,110000,0.1
371,397,10,62,2025-01-02,4,230470,154000,0.15
372,331,20,63,2024-06-28,5,639248,338000,0.0
373,101,9,11,2025-07-05,3,501111,364000,0.05
374,435,17,94,2024-01-20,1,98417,77000,0.0
375,208,19,81,2025-08-15,1,402769,257000,0.2
376,279,18,28,2024-09-23,1,158902,91000,0.2
377,115,19,61,2025-02-05,2,184225,100000,0.1
378,257,17,94,2025-04-20,3,98417,77000,0.05
379,6,8,12,2025-05-29,4,200189,128000,0.1
380,229,6,79,2024-05-23,2,250982,148000,0.2
381,447,5,23,2025-11-06,5,435414,346000,0.2
382,113,16,95,2024-02-11,4,377246,224000,0.1
383,120,2,30,2025-01-13,1,836817,422000,0.1
384,199,16,86,2025-01-04,2,619302,320000,0.2
385,166,4,59,2025-10-26,1,468552,288000,0.0
386,297,18,91,2024-09-26,5,128108,89000,0.1
387,194,12,73,2025-10-31,2,148321,84000,0.15
388,193,8,76,2024-09-14,1,67949,56000,0.2
389,250,16,67,2024-12-19,4,327734,181000,0.1
390,226,6,78,2024-05-22,1,201181,104000,0.2
391,144,7,30,2025-10-20,1,836817,422000,0.2
392,309,4,20,2025-01-05,2,188439,117000,0.05
393,369,4,85,2024-12-04,2,572260,305000,0.15
394,303,6,62,2024-08-03,4,230470,154000,0.15
395,23,5,83,2024-09-06,4,147849,97000,0.0
396,323,17,74,2024-05-17,5,481960,308000,0.05
397,86,9,6,2024-02-27,5,618850,348000,0.05
398,497,19,24,2025-09-05,5,510411,408000,0.15
399,111,15,82,2024-03-28,1,354688,203000,0.1
400,113,14,78,2024-06-23,4,201181,104000,0.15
401,320,17,77,2024-07-05,2,92902,58000,0.2
402,306,19,34,2025-04-09,2,886449,498000,0.1
403,68,4,9,2025-01-29,2,449456,257000,0.15
404,351,14,3,2025-05-31,2,285890,144000,0.2
405,244,20,20,2024-06-30,5,188439,117000,0.0
406,386,4,77,2025-05-30,1,92902,58000,0.2
407,277,1,12,2025-09-09,4,200189,128000,0.05
408,190,2,100,2025-03-06,4,130122,92000,0.2
409,481,16,90,2024-08-22,5,260462,156000,0.15
410,412,19,99,2025-08-26,4,754227,445000,0.1
411,245,8,13,2024-09-17,4,670509,409000,0.05
412,210,9,11,2025-07-10,3,501111,364000,0.2
413,268,4,25,2025-08-14,1,356587,291000,0.0
414,106,11,67,2025-11-01,1,327734,181000,0.15
415,219,19,53,2024-06-07,3,269183,146000,0.0
416,290,12,33,2025-03-09,3,420924,285000,0.2
417,212,18,79,2024-07-27,3,250982,148000,0.15
418,287,18,72,2025-01-14,4,531452,441000,0.05
419,177,13,62,2025-08-14,3,230470,154000,0.1
420,229,6,95,2024-08-23,2,377246,224000,0.0
421,403,11,13,2025-02-14,2,670509,409000,0.2
422,200,1,71,2024-06-13,5,899254,479000,0.0
423,223,3,12,2025-09-06,2,200189,128000,0.15
424,41,20,9,2025-01-14,3,449456,257000,0.05
425,336,17,5,2025-09-20,4,501235,278000,0.15
426,328,16,37,2024-06-28,5,466547,278000,0.0
427,477,17,57,2025-11-03,1,683509,406000,0.05
428,262,17,37,2025-09-05,2,466547,278000,0.0
429,346,2,90,2024-06-22,2,260462,156000,0.2
430,45,9,47,2024-06-10,2,325148,173000,0.0
431,203,13,100,2025-11-16,4,130122,92000,0.1
432,378,3,76,2024-01-16,2,67949,56000,0.2
433,469,19,12,2025-07-26,5,200189,128000,0.1
434,311,7,45,2024-08-19,3,732045,452000,0.1
435,134,6,59,2024-01-05,4,468552,288000,0.2
436,38,17,53,2025-07-26,5,269183,146000,0.0
437,490,9,38,2025-06-09,3,313675,175000,0.0
438,227,13,69,2025-12-11,5,214926,121000,0.1
439,493,15,73,2024-12-13,4,148321,84000,0.05
440,247,4,88,2024-01-29,4,141570,73000,0.2
441,404,8,34,2025-10-10,1,886449,498000,0.15
442,490,12,87,2025-02-26,2,866392,494000,0.1
443,427,9,67,2025-12-18,5,327734,181000,0.0
444,345,11,32,2025-02-12,3,484101,322000,0.0
445,161,12,10,2025-05-02,5,728704,377000,0.05
446,485,7,28,2024-07-06,5,158902,91000,0.1
447,447,9,64,2024-09-04,2,81699,58000,0.05
448,429,20,27,2024-09-12,2,381913,245000,0.05
449,472,3,46,2024-05-02,2,181428,126000,0.0
450,392,18,87,2024-01-07,4,866392,494000,0.2
451,162,16,6,2025-09-27,4,618850,348000,0.1
452,392,17,74,2024-07-06,3,481960,308000,0.15
453,66,2,36,2025-08-13,4,236121,173000,0.05
454,17,17,68,2025-07-07,4,380357,285000,0.15
455,500,4,45,2025-04-13,4,732045,452000,0.05
456,353,1,90,2024-11-19,5,260462,156000,0.15
457,52,11,2,2025-08-17,2,457712,313000,0.15
458,281,9,47,2024-07-10,5,325148,173000,0.1
459,176,12,31,2025-09-19,3,317221,202000,0.15
460,215,12,24,2024-08-03,4,510411,408000,0.15
461,93,19,47,2025-04-06,4,325148,173000,0.1
462,370,9,17,2024-04-12,5,195974,134000,0.05
463,101,5,31,2025-01-25,5,317221,202000,0.15
464,91,14,95,2024-01-10,2,377246,224000,0.15
465,369,11,64,2025-06-30,2,81699,58000,0.2
466,440,19,63,2025-07-29,3,639248,338000,0.1
467,84,2,7,2025-12-08,4,571254,384000,0.0
468,50,15,28,2025-10-06,3,158902,91000,0.15
469,185,18,96,2025-01-04,3,110974,65000,0.1
470,211,4,72,2024-01-21,3,531452,441000,0.1
471,295,18,45,2025-08-13,5,732045,452000,0.05
472,345,17,23,2024-11-28,3,435414,346000,0.1
473,315,10,63,2025-01-25,4,639248,338000,0.0
474,414,11,60,2025-10-17,2,272251,183000,0.05
475,435,3,54,2025-02-18,5,295710,156000,0.2
476,161,11,11,2024-08-21,2,501111,364000,0.1
477,331,13,84,2025-09-11,3,133333,78000,0.1
478,267,15,35,2025-08-24,4,801865,464000,0.1
479,65,8,53,2024-01-24,2,269183,146000,0.05
480,86,13,85,2024-08-03,3,572260,305000,0.0
481,281,2,14,2025-04-29,1,615107,440000,0.0
482,54,9,4,2024-03-26,4,213367,177000,0.2
483,477,13,80,2025-11-01,2,341486,186000,0.0
484,227,5,40,2024-10-17,2,612399,307000,0.05
485,18,12,17,2024-01-30,5,195974,134000,0.05
486,479,9,42,2025-07-07,4,387805,204000,0.15
487,277,6,71,2025-12-15,4,899254,479000,0.05
488,384,19,76,2025-10-08,5,67949,56000,0.15
489,466,12,56,2024-11-13,5,863852,432000,0.2
490,227,10,62,2024-04-01,5,230470,154000,0.05
491,156,1,47,2024-06-08,4,325148,173000,0.1
492,147,16,1,2024-12-18,5,234738,139000,0.05
493,154,1,69,2025-05-03,1,214926,121000,0.15
494,119,1,99,2025-09-03,4,754227,445000,0.1
495,452,18,71,2025-02-25,3,899254,479000,0.05
496,367,13,56,2024-06-16,4,863852,432000,0.05
497,217,8,49,2024-03-22,2,432853,263000,0.1
498,333,18,67,2024-10-18,5,327734,181000,0.1
499,94,5,35,2024-03-11,4,801865,464000,0.05
500,232,9,38,2025-09-24,1,313675,175000,0.15
501,165,1,90,2024-07-11,5,260462,156000,0.15
502,96,4,20,2024-01-23,1,188439,117000,0.2
503,373,1,37,2025-03-24,3,466547,278000,0.05
504,253,7,30,2024-01-16,1,836817,422000,0.05
505,191,15,44,2025-05-25,4,533229,334000,0.1
506,432,5,90,2024-03-23,1,260462,156000,0.1
507,279,16,8,2024-03-14,3,506180,391000,0.15
508,425,1,24,2025-01-25,2,510411,408000,0.1
509,127,2,16,2025-03-29,2,150904,81000,0.15
510,341,7,26,2025-06-17,4,579595,443000,0.0
511,82,2,61,2024-11-26,4,184225,100000,0.1
512,130,16,96,2024-05-05,5,110974,65000,0.2
513,455,2,82,2025-01-04,3,354688,203000,0.05
514,325,14,86,2024-08-29,2,619302,320000,0.0
515,300,4,42,2024-10-09,1,387805,204000,0.05
516,298,16,51,2024-02-13,2,525757,280000,0.0
517,395,3,89,2025-01-15,5,273964,141000,0.05
518,352,20,32,2024-04-03,2,484101,322000,0.15
519,331,5,44,2024-12-30,1,533229,334000,0.0
520,250,8,90,2024-05-08,5,260462,156000,0.0
521,376,7,41,2025-03-25,5,579025,345000,0.1
522,129,2,3,2024-05-17,4,285890,144000,0.1
523,278,16,63,2024-10-28,4,639248,338000,0.2
524,179,11,25,2025-07-10,5,356587,291000,0.05
525,469,18,94,2025-09-05,4,98417,77000,0.1
526,231,10,21,2024-06-07,1,527487,336000,0.2
527,1,17,34,2025-04-09,5,886449,498000,0.1
528,439,12,49,2025-09-26,2,432853,263000,0.0
529,370,3,100,2024-11-24,5,130122,92000,0.05
530,269,16,85,2024-07-13,5,572260,305000,0.15
531,145,11,99,2025-09-19,5,754227,445000,0.05
532,268,3,53,2024-04-08,3,269183,146000,0.0
533,104,4,6,2024-02-02,2,618850,348000,0.05
534,293,13,63,2024-02-02,2,639248,338000,0.0
535,360,19,85,2025-09-30,4,572260,305000,0.2
536,311,3,33,2024-08-14,1,420924,285000,0.1
537,240,2,2,2024-03-22,2,457712,313000,0.15
538,407,2,47,2025-01-12,5,325148,173000,0.15
539,376,3,79,2024-02-11,3,250982,148000,0.2
540,50,4,39,2025-06-15,1,275775,169000,0.05
541,98,7,93,2025-01-29,2,781223,436000,0.2
542,486,6,68,2025-10-02,2,380357,285000,0.2
543,393,19,72,2024-04-18,5,531452,441000,0.15
544,86,6,46,2024-04-16,4,181428,126000,0.15
545,337,6,71,2024-12-11,4,899254,479000,0.2
546,463,11,69,2024-12-26,5,214926,121000,0.15
547,392,14,71,2025-02-26,3,899254,479000,0.1
548,289,18,93,2024-09-03,3,781223,436000,0.2
549,185,15,28,2024-09-17,4,158902,91000,0.2
550,146,20,58,2024-02-05,4,282366,172000,0.0
551,4,10,3,2024-11-05,5,285890,144000,0.05
552,396,9,29,2024-01-23,2,147705,110000,0.1
553,475,19,71,2025-08-07,5,899254,479000,0.2
554,183,5,20,2025-04-16,1,188439,117000,0.0
555,128,8,18,2025-08-19,3,542999,398000,0.1
556,205,19,33,2025-08-07,3,420924,285000,0.0
557,89,16,28,2025-05-09,1,158902,91000,0.1
558,329,10,89,2025-09-01,5,273964,141000,0.0
559,400,2,5,2024-03-21,5,501235,278000,0.15
560,214,4,99,2025-03-20,3,754227,445000,0.1
561,325,13,99,2024-01-12,2,754227,445000,0.2
562,164,18,7,2024-02-12,3,571254,384000,0.2
563,358,8,73,2025-05-29,2,148321,84000,0.1
564,386,20,20,2025-04-01,1,188439,117000,0.15
565,222,10,74,2024-08-15,5,481960,308000,0.0
566,43,16,51,2024-12-10,2,525757,280000,0.05
567,135,3,74,2025-02-12,1,481960,308000,0.2
568,67,5,52,2025-12-15,5,107522,76000,0.15
569,203,19,62,2025-05-14,5,230470,154000,0.05
570,127,8,26,2025-06-20,5,579595,443000,0.2
571,351,19,10,2024-11-27,3,728704,377000,0.15
572,188,12,12,2025-03-09,1,200189,128000,0.15
573,336,1,25,2025-08-31,3,356587,291000,0.1
574,316,15,99,2024-12-24,3,754227,445000,0.05
575,474,8,80,2024-02-15,2,341486,186000,0.15
576,58,2,26,2024-03-28,3,579595,443000,0.05
577,8,11,32,2024-10-21,5,484101,322000,0.05
578,242,1,89,2025-04-05,1,273964,141000,0.1
579,105,18,43,2024-08-04,2,288284,203000,0.2
580,319,5,67,2025-05-09,3,327734,181000,0.2
581,464,17,89,2025-08-19,1,273964,141000,0.15
582,146,7,6,2024-03-02,3,618850,348000,0.05
583,239,1,90,2024-02-24,5,260462,156000,0.1
584,437,12,9,2025-11-09,4,449456,257000,0.1
585,198,8,14,2025-10-26,1,615107,440000,0.1
586,249,20,49,2024-11-19,5,432853,263000,0.0
587,257,15,69,2024-07-22,1,214926,121000,0.05
588,473,17,72,2024-09-10,1,531452,441000,0.0
589,382,6,40,2025-02-06,3,612399,307000,0.15
590,321,10,3,2024-12-29,3,285890,144000,0.1
591,321,9,31,2024-03-04,5,317221,202000,0.1
592,116,5,50,2024-10-13,1,244295,174000,0.2
593,374,13,44,2024-03-30,4,533229,334000,0.05
594,124,19,67,2025-03-03,5,327734,181000,0.05
595,169,15,20,2025-09-11,4,188439,117000,0.1
596,71,19,70,2025-10-30,2,651468,327000,0.05
597,353,17,70,2024-11-12,2,651468,327000,0.05
598,478,19,18,2025-11-02,4,542999,398000,0.05
599,273,4,21,2025-07-24,3,527487,336000,0.0
600,392,11,24,2024-01-31,3,510411,408000,0.05
601,382,9,53,2025-03-29,4,269183,146000,0.1
602,95,1,20,2024-05-14,2,188439,117000,0.0
603,311,19,98,2024-09-30,5,252844,145000,0.2
604,119,1,79,2024-08-25,2,250982,148000,0.2
605,258,20,46,2024-05-17,1,181428,126000,0.15
606,252,16,61,2025-01-31,3,184225,100000,0.05
607,17,14,18,2024-08-19,2,542999,398000,0.05
608,114,7,98,2025-02-26,1,252844,145000,0.1
609,475,15,97,2024-06-30,2,246451,166000,0.0
610,455,8,79,2025-04-13,4,250982,148000,0.1
611,377,13,55,2025-09-14,4,78058,57000,0.0
612,481,19,93,2025-09-18,3,781223,436000,0.15
613,449,2,77,2025-10-18,5,92902,58000,0.2
614,424,2,67,2025-04-12,1,327734,181000,0.15
615,377,2,32,2025-02-09,5,484101,322000,0.2
616,493,2,72,2025-10-07,4,531452,441000,0.2
617,453,10,25,2025-02-11,3,356587,291000,0.15
618,217,10,100,2024-06-19,3,130122,92000,0.15
619,238,15,79,2024-05-25,1,250982,148000,0.2
620,399,19,12,2024-07-03,5,200189,128000,0.0
621,212,11,90,2025-02-06,5,260462,156000,0.05
622,303,7,58,2025-04-09,1,282366,172000,0.05
623,355,6,59,2024-11-27,1,468552,288000,0.1
624,362,15,92,2024-04-26,1,759219,396000,0.0
625,363,13,82,2025-06-20,3,354688,203000,0.0
626,194,18,94,2024-06-12,5,98417,77000,0.2
627,290,5,49,2024-12-09,1,432853,263000,0.05
628,27,14,21,2025-12-30,2,527487,336000,0.05
629,321,6,40,2024-10-22,3,612399,307000,0.15
630,319,9,16,2024-01-04,2,150904,81000,0.05
631,279,1,2,2025-05-25,4,457712,313000,0.15
632,302,16,78,2024-08-10,4,201181,104000,0.05
633,308,20,59,2024-03-22,4,468552,288000,0.15
634,318,18,1,2024-10-11,2,234738,139000,0.2
635,29,12,27,2024-05-31,1,381913,245000,0.05
636,296,20,5,2025-11-14,2,501235,278000,0.0
637,56,14,39,2024-02-20,3,275775,169000,0.0
638,339,20,23,2025-09-17,2,435414,346000,0.1
639,384,19,74,2025-04-11,5,481960,308000,0.05
640,166,12,47,2024-11-02,1,325148,173000,0.0
641,34,10,49,2025-07-17,1,432853,263000,0.15
642,441,9,61,2025-12-12,2,184225,100000,0.0
643,108,7,43,2025-06-21,5,288284,203000,0.15
644,374,17,79,2025-08-08,1,250982,148000,0.0
645,148,14,12,2025-12-24,4,200189,128000,0.2
646,295,20,78,2025-06-22,3,201181,104000,0.1
647,255,17,46,2025-07-30,2,181428,126000,0.2
648,453,20,94,2024-07-03,4,98417,77000,0.15
649,61,1,30,2024-01-02,3,836817,422000,0.05
650,213,14,60,2025-09-22,1,272251,183000,0.05
651,413,7,6,2025-07-27,3,618850,348000,0.1
652,405,3,2,2024-09-17,2,457712,313000,0.1
653,166,1,40,2025-07-17,3,612399,307000,0.2
654,371,19,15,2025-02-09,3,564164,320000,0.1
655,170,11,79,2024-07-17,1,250982,148000,0.05
656,331,5,87,2024-02-06,4,866392,494000,0.15
657,459,11,62,2025-07-03,2,230470,154000,0.15
658,154,19,60,2025-06-17,4,272251,183000,0.0
659,10,7,93,2025-07-02,3,781223,436000,0.2
660,497,5,74,2024-03-08,3,481960,308000,0.1
661,321,18,36,2025-01-19,1,236121,173000,0.1
662,96,20,22,2025-02-02,5,353698,252000,0.2
663,17,9,15,2025-12-27,3,564164,320000,0.1
664,191,15,53,2024-08-31,1,269183,146000,0.15
665,90,4,39,2024-11-05,2,275775,169000,0.2
666,228,17,48,2024-04-04,1,725534,462000,0.05
667,98,11,4,2024-06-06,4,213367,177000,0.2
668,74,4,62,2024-12-01,5,230470,154000,0.1
669,236,13,67,2024-02-07,2,327734,181000,0.05
670,160,2,92,2024-01-05,5,759219,396000,0.0
671,240,2,88,2024-12-07,5,141570,73000,0.0
672,296,10,14,2024-01-24,5,615107,440000,0.1
673,99,10,82,2024-07-24,2,354688,203000,0.1
674,344,4,36,2025-03-27,5,236121,173000,0.1
675,59,1,35,2024-10-07,2,801865,464000,0.05
676,106,18,80,2024-04-14,5,341486,186000,0.2
677,73,10,45,2024-10-04,5,732045,452000,0.1
678,160,20,74,2024-03-13,2,481960,308000,0.05
679,67,1,44,2024-02-21,5,533229,334000,0.15
680,28,3,61,2025-01-27,1,184225,100000,0.0
681,306,19,55,2025-12-22,4,78058,57000,0.05
682,160,11,81,2024-12-30,4,402769,257000,0.2
683,291,5,26,2025-04-21,5,579595,443000,0.0
684,159,15,12,2025-04-11,4,200189,128000,0.0
685,441,20,61,2024-05-27,2,184225,100000,0.05
686,359,11,34,2024-07-06,3,886449,498000,0.15
687,34,16,42,2024-01-31,4,387805,204000,0.15
688,434,6,15,2025-04-17,3,564164,320000,0.15
689,66,17,37,2025-08-11,3,466547,278000,0.2
690,285,3,14,2024-11-29,4,615107,440000,0.0
691,303,14,39,2025-02-14,5,275775,169000,0.15
692,82,16,31,2025-07-15,5,317221,202000,0.05
693,417,19,50,2024-08-01,1,244295,174000,0.1
694,279,8,56,2024-12-16,4,863852,432000,0.2
695,59,19,23,2025-05-13,1,435414,346000,0.2
696,50,15,77,2025-07-22,4,92902,58000,0.1
697,307,4,23,2024-03-12,3,435414,346000,0.15
698,254,2,88,2024-12-01,5,141570,73000,0.15
699,463,1,12,2025-08-17,2,200189,128000,0.05
700,273,10,97,2025-04-08,2,246451,166000,0.05
701,101,7,50,2025-04-02,5,244295,174000,0.2
702,407,10,88,2025-08-06,3,141570,73000,0.1
703,5,20,56,2025-08-19,3,863852,432000,0.0
704,32,12,66,2024-10-28,4,636541,341000,0.05
705,287,12,71,2025-12-21,1,899254,479000,0.0
706,222,19,15,2024-08-28,3,564164,320000,0.0
707,196,14,51,2025-02-19,3,525757,280000,0.15
708,72,7,70,2025-05-01,2,651468,327000,0.05
709,79,10,72,2025-03-03,4,531452,441000,0.1
710,37,1,86,2024-01-12,2,619302,320000,0.05
711,44,5,19,2024-05-19,4,484036,311000,0.15
712,310,14,83,2025-12-13,4,147849,97000,0.15
713,218,18,80,2025-06-05,2,341486,186000,0.15
714,96,14,58,2024-08-19,4,282366,172000,0.1
715,434,8,78,2025-05-25,1,201181,104000,0.2
716,475,18,92,2025-02-24,5,759219,396000,0.1
717,291,16,74,2024-02-08,3,481960,308000,0.0
718,247,3,91,2025-08-17,3,128108,89000,0.0
719,265,3,19,2025-04-21,5,484036,311000,0.1
720,242,3,67,2024-09-08,5,327734,181000,0.0
721,314,2,88,2024-11-15,5,141570,73000,0.2
722,233,17,44,2025-04-25,5,533229,334000,0.0
723,181,10,61,2025-03-07,5,184225,100000,0.1
724,473,20,38,2025-12-12,2,313675,175000,0.0
725,32,16,96,2024-09-23,3,110974,65000,0.2
726,337,10,75,2024-02-22,2,615439,387000,0.2
727,249,3,95,2024-10-20,5,377246,224000,0.0
728,130,5,17,2024-10-11,5,195974,134000,0.0
729,8,4,79,2024-09-20,3,250982,148000,0.1
730,338,15,78,2024-06-03,2,201181,104000,0.2
731,121,16,48,2025-12-18,2,725534,462000,0.1
732,44,5,24,2024-12-17,5,510411,408000,0.0
733,395,13,77,2025-02-26,2,92902,58000,0.15
734,296,12,31,2024-08-03,4,317221,202000,0.05
735,86,15,7,2024-02-23,3,571254,384000,0.0
736,383,18,52,2025-05-02,4,107522,76000,0.1
737,135,5,30,2025-04-30,4,836817,422000,0.15
738,475,15,68,2024-10-22,4,380357,285000,0.0
739,490,2,49,2025-11-30,3,432853,263000,0.2
740,313,9,13,2025-03-18,5,670509,409000,0.1
741,131,19,43,2024-04-10,3,288284,203000,0.1
742,302,7,51,2025-11-19,4,525757,280000,0.05
743,281,1,67,2024-11-16,3,327734,181000,0.05
744,211,4,87,2024-01-13,1,866392,494000,0.0
745,113,10,68,2024-12-25,1,380357,285000,0.15
746,318,3,33,2024-01-25,2,420924,285000,0.0
747,327,4,8,2025-09-05,5,506180,391000,0.05
748,67,13,91,2025-09-11,1,128108,89000,0.0
749,357,6,85,2024-04-23,5,572260,305000,0.05
750,480,3,33,2025-11-07,3,420924,285000,0.15
751,355,11,82,2025-03-13,4,354688,203000,0.1
752,398,2,33,2024-10-10,2,420924,285000,0.0
753,133,9,49,2024-03-02,4,432853,263000,0.1
754,476,7,23,2025-05-18,4,435414,346000,0.0
755,252,4,79,2025-10-22,4,250982,148000,0.05
756,315,4,19,2024-08-11,5,484036,311000,0.15
757,38,3,57,2024-02-05,3,683509,406000,0.0
758,460,16,74,2024-01-20,3,481960,308000,0.15
759,200,9,20,2025-11-11,1,188439,117000,0.0
760,2,17,20,2025-08-11,3,188439,117000,0.15
761,207,3,91,2025-03-22,4,128108,89000,0.15
762,489,16,70,2025-01-28,2,651468,327000,0.0
763,171,10,16,2025-01-02,5,150904,81000,0.2
764,274,11,52,2025-01-09,1,107522,76000,0.0
765,104,6,11,2025-10-25,4,501111,364000,0.1
766,98,10,71,2025-11-07,1,899254,479000,0.15
767,353,12,90,2025-10-07,4,260462,156000,0.0
768,72,2,63,2024-07-13,1,639248,338000,0.15
769,251,13,25,2024-09-01,1,356587,291000,0.2
770,274,15,9,2025-05-26,5,449456,257000,0.1
771,173,2,3,2024-02-27,1,285890,144000,0.1
772,342,17,52,2025-10-31,1,107522,76000,0.05
773,120,3,59,2025-08-16,5,468552,288000,0.05
774,10,16,5,2025-10-31,2,501235,278000,0.15
775,333,5,80,2025-12-19,1,341486,186000,0.05
776,421,4,2,2024-11-10,2,457712,313000,0.0
777,33,4,59,2025-08-28,5,468552,288000,0.05
778,113,3,15,2025-09-22,4,564164,320000,0.2
779,206,11,26,2025-11-25,4,579595,443000,0.1
780,165,7,16,2024-05-20,5,150904,81000,0.2
781,172,3,98,2024-06-26,1,252844,145000,0.2
782,87,12,16,2025-03-01,3,150904,81000,0.05
783,474,19,71,2024-09-06,2,899254,479000,0.15
784,314,13,6,2025-10-09,2,618850,348000,0.0
785,42,1,100,2025-05-13,2,130122,92000,0.0
786,334,19,1,2025-12-24,2,234738,139000,0.0
787,65,7,37,2025-12-09,4,466547,278000,0.15
788,211,8,19,2025-04-06,3,484036,311000,0.2
789,93,16,23,2025-09-02,5,435414,346000,0.0
790,215,1,79,2024-12-22,1,250982,148000,0.1
791,272,4,72,2024-04-30,2,531452,441000,0.05
792,113,15,80,2025-06-03,3,341486,186000,0.2
793,100,4,99,2024-02-24,2,754227,445000,0.1
794,82,2,20,2024-06-29,4,188439,117000,0.15
795,223,9,7,2024-08-02,3,571254,384000,0.1
796,54,2,43,2024-02-14,5,288284,203000,0.15
797,249,17,69,2024-01-30,2,214926,121000,0.05
798,304,19,15,2025-03-31,1,564164,320000,0.05
799,460,11,42,2025-11-24,4,387805,204000,0.05
800,51,8,30,2024-08-21,1,836817,422000,0.1
801,457,8,95,2025-01-19,4,377246,224000,0.05
802,28,14,10,2025-05-11,4,728704,377000,0.2
803,92,13,19,2025-04-10,2,484036,311000,0.2
804,324,12,48,2024-07-17,2,725534,462000,0.15
805,17,19,35,2024-05-10,2,801865,464000,0.1
806,437,15,8,2024-04-23,3,506180,391000,0.05
807,113,10,59,2024-12-17,4,468552,288000,0.05
808,296,18,78,2024-06-23,2,201181,104000,0.2
809,251,7,30,2025-06-18,1,836817,422000,0.15
810,8,14,76,2024-10-12,4,67949,56000,0.15
811,223,19,95,2024-12-01,2,377246,224000,0.05
812,460,1,29,2025-08-10,5,147705,110000,0.05
813,376,17,54,2025-04-26,1,295710,156000,0.0
814,246,4,5,2025-02-07,4,501235,278000,0.2
815,286,1,58,2024-03-26,4,282366,172000,0.05
816,184,10,89,2024-05-15,4,273964,141000,0.05
817,343,10,31,2025-05-06,1,317221,202000,0.0
818,13,15,21,2025-08-20,4,527487,336000,0.2
819,405,12,60,2024-07-08,2,272251,183000,0.15
820,37,13,81,2025-10-04,4,402769,257000,0.0
821,152,14,89,2024-02-03,3,273964,141000,0.2
822,295,7,97,2025-07-09,3,246451,166000,0.2
823,377,2,88,2024-12-09,1,141570,73000,0.2
824,197,12,66,2024-04-23,3,636541,341000,0.0
825,188,6,60,2025-01-09,5,272251,183000,0.0
826,364,7,83,2025-07-28,5,147849,97000,0.0
827,59,16,18,2025-07-06,3,542999,398000,0.05
828,165,12,95,2024-08-18,5,377246,224000,0.05
829,28,3,35,2024-10-10,5,801865,464000,0.15
830,257,17,48,2025-05-12,3,725534,462000,0.15
831,423,18,16,2025-11-25,4,150904,81000,0.2
832,410,3,38,2025-01-11,4,313675,175000,0.2
833,201,6,25,2024-03-23,4,356587,291000,0.0
834,142,4,37,2024-06-17,1,466547,278000,0.0
835,448,7,90,2024-06-03,2,260462,156000,0.15
836,497,18,67,2025-03-02,1,327734,181000,0.1
837,228,1,17,2025-03-06,4,195974,134000,0.1
838,447,8,38,2024-01-23,2,313675,175000,0.0
839,176,11,67,2025-08-15,3,327734,181000,0.15
840,228,15,63,2025-07-15,5,639248,338000,0.2
841,88,9,39,2024-11-09,5,275775,169000,0.05
842,395,2,30,2024-10-22,4,836817,422000,0.1
843,490,6,19,2025-04-11,3,484036,311000,0.1
844,94,6,80,2024-10-19,2,341486,186000,0.2
845,60,2,91,2024-08-31,2,128108,89000,0.05
846,134,12,41,2025-03-27,5,579025,345000,0.05
847,18,11,24,2025-12-25,2,510411,408000,0.2
848,277,6,45,2025-04-04,2,732045,452000,0.1
849,208,16,69,2024-01-26,3,214926,121000,0.0
850,80,1,99,2024-11-23,2,754227,445000,0.15
851,332,10,95,2024-12-05,5,377246,224000,0.2
852,76,19,61,2025-11-13,3,184225,100000,0.2
853,58,16,94,2025-12-06,4,98417,77000,0.1
854,158,1,6,2024-04-29,2,618850,348000,0.2
855,183,3,52,2025-04-01,5,107522,76000,0.05
856,100,19,42,2025-10-18,1,387805,204000,0.2
857,12,3,68,2024-07-19,2,380357,285000,0.1
858,202,7,69,2025-06-08,4,214926,121000,0.0
859,262,2,63,2025-09-11,3,639248,338000,0.2
860,367,14,86,2024-05-31,3,619302,320000,0.15
861,146,12,48,2024-01-13,4,725534,462000,0.1
862,45,7,45,2025-07-28,3,732045,452000,0.15
863,148,6,94,2025-03-29,4,98417,77000,0.15
864,428,19,94,2024-05-22,4,98417,77000,0.15
865,156,16,77,2024-07-31,1,92902,58000,0.05
866,388,13,68,2025-08-27,3,380357,285000,0.0
867,469,9,12,2025-10-16,1,200189,128000,0.15
868,364,19,54,2025-04-18,2,295710,156000,0.2
869,427,13,97,2024-07-09,2,246451,166000,0.05
870,422,10,38,2024-02-13,5,313675,175000,0.15
871,379,15,75,2025-07-26,3,615439,387000,0.15
872,135,10,29,2024-06-06,1,147705,110000,0.0
873,341,10,82,2025-10-31,4,354688,203000,0.0
874,331,8,54,2025-12-05,2,295710,156000,0.15
875,497,3,4,2025-05-19,1,213367,177000,0.1
876,290,14,77,2025-05-07,3,92902,58000,0.2
877,263,19,34,2025-01-17,4,886449,498000,0.0
878,30,5,3,2025-08-18,3,285890,144000,0.05
879,84,2,41,2024-12-31,4,579025,345000,0.05
880,467,12,35,2025-10-13,3,801865,464000,0.15
881,328,3,7,2025-06-26,3,571254,384000,0.1
882,307,6,66,2024-04-06,2,636541,341000,0.05
883,410,10,70,2025-12-02,3,651468,327000,0.1
884,297,12,35,2025-07-01,3,801865,464000,0.0
885,145,12,19,2025-06-14,1,484036,311000,0.05
886,472,6,100,2024-12-14,4,130122,92000,0.15
887,114,7,14,2025-05-30,2,615107,440000,0.05
888,365,18,72,2025-06-28,5,531452,441000,0.2
889,470,3,90,2025-04-16,1,260462,156000,0.15
890,179,10,15,2025-05-06,2,564164,320000,0.0
891,456,20,89,2025-03-28,3,273964,141000,0.05
892,156,1,67,2025-12-27,3,327734,181000,0.05
893,439,5,96,2024-05-11,1,110974,65000,0.05
894,108,5,89,2024-05-08,2,273964,141000,0.1
895,10,16,11,2024-03-20,4,501111,364000,0.0
896,56,2,97,2024-07-20,4,246451,166000,0.0
897,241,4,85,2024-03-01,5,572260,305000,0.2
898,342,1,33,2024-11-04,1,420924,285000,0.0
899,106,19,97,2025-09-08,1,246451,166000,0.0
900,47,5,26,2024-01-30,2,579595,443000,0.1
901,181,6,96,2024-12-22,3,110974,65000,0.2
902,292,3,65,2025-06-01,5,173690,128000,0.05
903,112,7,13,2025-06-25,5,670509,409000,0.0
904,499,4,37,2024-01-05,2,466547,278000,0.2
905,358,19,28,2025-01-10,5,158902,91000,0.15
906,428,12,24,2024-07-04,4,510411,408000,0.0
907,117,14,49,2025-06-10,4,432853,263000,0.05
908,57,17,15,2025-04-22,3,564164,320000,0.0
909,148,18,18,2025-12-22,4,542999,398000,0.1
910,253,4,93,2024-12-01,1,781223,436000,0.0
911,377,10,50,2025-09-06,3,244295,174000,0.15
912,209,10,88,2025-07-21,4,141570,73000,0.05
913,481,12,55,2025-05-02,2,78058,57000,0.0
914,54,13,23,2025-11-19,1,435414,346000,0.15
915,74,13,57,2024-05-02,5,683509,406000,0.0
916,34,12,52,2024-06-21,5,107522,76000,0.0
917,433,13,26,2025-09-01,3,579595,443000,0.05
918,143,19,16,2025-05-26,2,150904,81000,0.15
919,244,20,76,2024-12-30,3,67949,56000,0.15
920,76,15,52,2024-10-12,4,107522,76000,0.2
921,255,8,14,2025-05-16,1,615107,440000,0.1
922,378,2,81,2024-04-11,2,402769,257000,0.0
923,196,20,9,2024-07-02,4,449456,257000,0.0
924,319,20,87,2024-11-06,3,866392,494000,0.05
925,406,15,13,2025-05-19,1,670509,409000,0.2
926,259,9,26,2025-05-17,3,579595,443000,0.15
927,10,2,70,2025-07-13,3,651468,327000,0.2
928,162,13,56,2025-04-05,1,863852,432000,0.15
929,91,18,57,2024-02-03,4,683509,406000,0.0
930,221,5,85,2025-05-18,3,572260,305000,0.05
931,292,16,40,2024-04-22,4,612399,307000,0.15
932,241,16,85,2025-08-08,5,572260,305000,0.2
933,201,9,72,2024-02-27,2,531452,441000,0.2
934,347,12,64,2025-09-23,5,81699,58000,0.15
935,15,19,99,2024-03-03,3,754227,445000,0.1
936,415,19,6,2024-12-23,2,618850,348000,0.1
937,220,12,4,2024-04-09,3,213367,177000,0.15
938,339,8,46,2024-02-27,4,181428,126000,0.1
939,44,3,32,2025-08-29,2,484101,322000,0.1
940,11,18,40,2024-06-22,1,612399,307000,0.1
941,443,14,42,2025-11-04,1,387805,204000,0.15
942,11,16,73,2024-09-30,5,148321,84000,0.15
943,293,13,76,2025-01-21,1,67949,56000,0.1
944,52,7,42,2025-05-15,5,387805,204000,0.0
945,174,6,44,2025-11-14,4,533229,334000,0.2
946,104,16,79,2025-03-22,3,250982,148000,0.1
947,148,9,82,2024-08-07,1,354688,203000,0.2
948,412,8,7,2025-02-15,3,571254,384000,0.2
949,304,11,80,2024-04-07,1,341486,186000,0.2
950,244,14,35,2025-06-27,1,801865,464000,0.2
951,422,10,27,2025-10-29,3,381913,245000,0.0
952,277,11,65,2025-11-10,3,173690,128000,0.15
953,320,17,26,2024-09-14,4,579595,443000,0.15
954,322,17,59,2024-01-20,5,468552,288000,0.05
955,339,15,24,2024-08-06,5,510411,408000,0.15
956,479,19,35,2025-03-20,5,801865,464000,0.2
957,187,15,94,2024-07-24,1,98417,77000,0.2
958,392,10,19,2025-12-02,2,484036,311000,0.05
959,325,7,56,2024-03-06,4,863852,432000,0.1
960,83,9,53,2025-10-23,3,269183,146000,0.1
961,123,4,88,2025-02-19,5,141570,73000,0.05
962,409,10,20,2024-09-08,2,188439,117000,0.0
963,217,2,60,2025-03-22,4,272251,183000,0.2
964,15,9,26,2024-05-19,2,579595,443000,0.1
965,437,2,36,2025-10-21,5,236121,173000,0.05
966,441,3,93,2024-02-26,4,781223,436000,0.0
967,462,14,41,2024-03-06,5,579025,345000,0.1
968,121,4,47,2024-05-23,1,325148,173000,0.15
969,341,19,74,2025-06-18,5,481960,308000,0.0
970,453,3,100,2025-05-23,5,130122,92000,0.1
971,169,19,31,2024-11-16,5,317221,202000,0.0
972,112,5,95,2025-03-09,4,377246,224000,0.05
973,226,14,14,2024-10-08,2,615107,440000,0.05
974,274,12,33,2025-05-17,5,420924,285000,0.0
975,217,16,90,2025-07-12,1,260462,156000,0.1
976,186,16,88,2024-05-28,2,141570,73000,0.1
977,331,20,92,2024-01-22,3,759219,396000,0.1
978,283,13,5,2024-09-16,1,501235,278000,0.05
979,444,8,40,2025-07-01,3,612399,307000,0.0
980,475,9,57,2025-02-06,4,683509,406000,0.0
981,108,6,39,2024-10-31,1,275775,169000,0.05
982,141,3,57,2024-02-04,3,683509,406000,0.15
983,475,11,100,2025-02-26,4,130122,92000,0.15
984,358,9,92,2024-06-13,4,759219,396000,0.0
985,309,18,65,2025-03-06,1,173690,128000,0.1
986,15,2,95,2025-12-12,3,377246,224000,0.15
987,70,1,83,2025-10-18,2,147849,97000,0.15
988,295,3,52,2024-11-17,2,107522,76000,0.1
989,366,5,15,2025-06-12,2,564164,320000,0.05
990,245,5,77,2025-04-07,4,92902,58000,0.1
991,410,10,34,2024-12-01,2,886449,498000,0.2
992,94,13,26,2025-01-11,1,579595,443000,0.15
993,486,1,49,2024-01-22,5,432853,263000,0.05
994,499,15,72,2024-04-01,5,531452,441000,0.05
995,206,20,26,2024-02-20,3,579595,443000,0.05
996,46,12,55,2024-06-01,5,78058,57000,0.1
997,368,17,22,2024-01-15,5,353698,252000,0.0
998,115,7,56,2024-05-01,4,863852,432000,0.15
999,196,5,25,2025-05-21,3,356587,291000,0.1
1000,422,10,56,2024-08-08,2,863852,432000,0.2
1001,210,5,94,2024-07-03,2,98417,77000,0.15
1002,317,15,4,2024-08-29,3,213367,177000,0.1
1003,332,15,32,2025-12-01,3,484101,322000,0.2
1004,447,11,11,2024-05-16,1,501111,364000,0.15
1005,197,14,89,2025-12-31,4,273964,141000,0.05
1006,49,18,95,2024-03-15,5,377246,224000,0.1
1007,242,12,8,2024-08-28,1,506180,391000,0.1
1008,130,17,78,2024-01-06,5,201181,104000,0.0
1009,344,12,80,2025-02-08,4,341486,186000,0.1
1010,92,9,17,2025-08-17,5,195974,134000,0.0
1011,450,15,22,2024-12-13,5,353698,252000,0.15
1012,272,14,17,2025-12-28,1,195974,134000,0.1
1013,23,5,19,2024-11-16,3,484036,311000,0.0
1014,145,9,64,2025-03-16,3,81699,58000,0.1
1015,224,6,79,2024-11-16,3,250982,148000,0.2
1016,437,15,41,2025-07-23,4,579025,345000,0.05
1017,118,6,7,2024-02-25,2,571254,384000,0.05
1018,362,15,5,2024-06-16,4,501235,278000,0.1
1019,227,12,56,2024-02-11,1,863852,432000,0.15
1020,253,4,91,2025-04-13,5,128108,89000,0.15
1021,48,7,93,2024-12-23,2,781223,436000,0.0
1022,422,9,37,2025-06-04,2,466547,278000,0.05
1023,498,1,73,2025-08-20,5,148321,84000,0.05
1024,472,3,68,2025-03-02,5,380357,285000,0.05
1025,14,10,32,2024-12-02,4,484101,322000,0.0
1026,303,4,88,2025-01-17,1,141570,73000,0.15
1027,236,16,42,2024-03-24,2,387805,204000,0.0
1028,3,11,59,2025-11-04,3,468552,288000,0.2
1029,486,19,6,2024-11-28,5,618850,348000,0.15
1030,145,11,17,2025-10-21,2,195974,134000,0.0
1031,196,3,8,2025-09-08,1,506180,391000,0.2
1032,495,13,52,2024-09-02,3,107522,76000,0.05
1033,199,13,12,2024-06-15,1,200189,128000,0.05
1034,252,14,37,2024-11-01,2,466547,278000,0.0
1035,184,4,95,2024-05-14,3,377246,224000,0.2
1036,229,13,48,2025-05-16,5,725534,462000,0.05
1037,217,3,61,2025-09-06,3,184225,100000,0.2
1038,96,14,97,2025-09-20,4,246451,166000,0.1
1039,263,11,81,2024-02-11,4,402769,257000,0.0
1040,270,17,60,2025-05-22,2,272251,183000,0.05
1041,41,16,11,2025-03-23,3,501111,364000,0.15
1042,463,10,39,2025-12-01,2,275775,169000,0.05
1043,292,2,32,2024-10-29,5,484101,322000,0.15
1044,56,17,71,2025-06-09,1,899254,479000,0.0
1045,339,19,55,2025-04-20,4,78058,57000,0.0
1046,42,17,33,2025-08-22,3,420924,285000,0.1
1047,403,6,3,2024-07-02,1,285890,144000,0.15
1048,449,10,51,2025-03-02,1,525757,280000,0.0
1049,231,20,41,2025-11-17,5,579025,345000,0.15
1050,95,3,34,2024-08-04,3,886449,498000,0.05
1051,55,14,96,2025-11-20,5,110974,65000,0.1
1052,60,1,69,2025-02-08,1,214926,121000,0.0
1053,208,20,22,2025-12-09,4,353698,252000,0.15
1054,417,20,93,2025-09-25,4,781223,436000,0.1
1055,65,5,47,2024-03-30,4,325148,173000,0.1
1056,357,7,2,2024-01-17,2,457712,313000,0.0
1057,75,8,4,2025-10-26,2,213367,177000,0.15
1058,155,15,56,2024-03-29,5,863852,432000,0.05
1059,60,6,19,2024-01-23,4,484036,311000,0.15
1060,11,15,20,2025-04-27,4,188439,117000,0.15
1061,292,13,75,2024-10-28,2,615439,387000,0.05
1062,323,14,7,2024-04-15,3,571254,384000,0.0
1063,375,18,54,2025-09-02,4,295710,156000,0.2
1064,249,17,38,2025-02-13,1,313675,175000,0.15
1065,366,2,76,2024-08-25,5,67949,56000,0.15
1066,162,18,68,2025-08-13,1,380357,285000,0.15
1067,60,16,9,2025-04-29,3,449456,257000,0.15
1068,224,1,80,2025-12-15,3,341486,186000,0.15
1069,177,15,21,2025-04-25,3,527487,336000,0.05
1070,466,11,30,2025-08-24,5,836817,422000,0.05
1071,371,13,78,2024-10-27,4,201181,104000,0.05
1072,319,7,54,2024-06-14,3,295710,156000,0.15
1073,89,7,37,2024-05-12,1,466547,278000,0.15
1074,407,14,21,2024-04-13,5,527487,336000,0.15
1075,286,2,64,2024-08-02,3,81699,58000,0.05
1076,347,6,3,2024-12-31,3,285890,144000,0.1
1077,173,14,23,2024-03-06,5,435414,346000,0.0
1078,288,8,15,2024-05-03,5,564164,320000,0.05
1079,394,2,63,2024-12-29,3,639248,338000,0.1
1080,437,17,99,2024-06-03,5,754227,445000,0.1
1081,410,15,78,2025-03-24,1,201181,104000,0.0
1082,313,4,97,2025-09-17,1,246451,166000,0.0
1083,86,4,72,2024-04-17,1,531452,441000,0.2
1084,363,15,27,2024-10-26,3,381913,245000,0.05
1085,79,12,98,2024-04-11,5,252844,145000,0.15
1086,225,14,43,2024-07-25,2,288284,203000,0.0
1087,175,10,99,2025-04-30,1,754227,445000,0.05
1088,191,14,65,2024-09-29,2,173690,128000,0.0
1089,216,8,47,2025-06-26,2,325148,173000,0.05
1090,460,15,18,2025-02-23,4,542999,398000,0.15
1091,75,1,67,2025-03-29,3,327734,181000,0.0
1092,174,11,92,2024-03-27,5,759219,396000,0.0
1093,202,2,52,2024-03-03,2,107522,76000,0.15
1094,324,17,85,2024-02-29,2,572260,305000,0.2
1095,359,18,38,2025-11-28,4,313675,175000,0.15
1096,424,9,39,2024-01-09,3,275775,169000,0.1
1097,207,15,68,2025-12-18,5,380357,285000,0.05
1098,404,20,83,2025-10-01,2,147849,97000,0.2
1099,208,7,84,2025-10-26,4,133333,78000,0.1
1100,172,13,39,2025-07-04,1,275775,169000,0.0
1101,146,7,93,2025-07-07,2,781223,436000,0.2
1102,267,11,12,2024-11-15,5,200189,128000,0.2
1103,456,18,97,2024-01-29,2,246451,166000,0.0
1104,372,14,76,2024-11-07,3,67949,56000,0.05
1105,133,17,65,2025-01-16,1,173690,128000,0.0
1106,482,4,46,2025-10-28,1,181428,126000,0.0
1107,233,11,58,2024-01-06,3,282366,172000,0.2
1108,341,18,31,2025-10-04,5,317221,202000,0.2
1109,146,19,77,2024-11-02,2,92902,58000,0.1
1110,378,8,87,2025-06-16,2,866392,494000,0.15
1111,99,12,14,2025-08-19,3,615107,440000,0.2
1112,218,14,59,2025-12-29,1,468552,288000,0.05
1113,455,5,11,2025-03-11,1,501111,364000,0.0
1114,190,17,61,2024-03-20,2,184225,100000,0.15
1115,399,13,52,2025-06-15,5,107522,76000,0.2
1116,217,15,34,2025-10-13,5,886449,498000,0.15
1117,74,17,89,2024-06-15,4,273964,141000,0.15
1118,496,17,17,2024-05-12,4,195974,134000,0.15
1119,243,2,68,2025-04-11,1,380357,285000,0.05
1120,472,4,96,2025-01-13,2,110974,65000,0.2
1121,190,19,78,2024-05-03,4,201181,104000,0.0
1122,61,12,38,2024-06-05,1,313675,175000,0.2
1123,249,1,40,2024-10-28,3,612399,307000,0.1
1124,25,10,19,2025-03-07,2,484036,311000,0.2
1125,2,4,37,2025-05-15,2,466547,278000,0.05
1126,214,16,71,2024-02-15,3,899254,479000,0.0
1127,461,11,74,2025-04-08,3,481960,308000,0.2
1128,391,5,49,2024-05-15,4,432853,263000,0.2
1129,230,5,65,2025-11-14,4,173690,128000,0.15
1130,341,20,94,2025-10-01,3,98417,77000,0.0
1131,174,18,53,2025-02-08,4,269183,146000,0.05
1132,46,6,6,2025-10-23,4,618850,348000,0.1
1133,408,10,91,2025-10-07,1,128108,89000,0.2
1134,99,20,72,2024-03-28,1,531452,441000,0.2
1135,268,7,70,2025-08-06,5,651468,327000,0.0
1136,62,18,97,2024-01-20,4,246451,166000,0.2
1137,126,19,24,2024-07-29,1,510411,408000,0.1
1138,165,13,57,2025-09-13,1,683509,406000,0.2
1139,175,14,76,2024-01-24,1,67949,56000,0.15
1140,163,13,24,2025-06-24,4,510411,408000,0.0
1141,278,6,33,2024-04-11,1,420924,285000,0.0
1142,394,3,37,2024-09-18,2,466547,278000,0.05
1143,87,2,20,2025-11-25,3,188439,117000,0.15
1144,366,2,79,2024-01-28,3,250982,148000,0.05
1145,73,14,39,2024-11-23,4,275775,169000,0.0
1146,27,7,42,2024-05-03,3,387805,204000,0.15
1147,253,17,31,2024-08-30,5,317221,202000,0.2
1148,138,2,97,2024-04-27,5,246451,166000,0.15
1149,34,16,41,2025-02-20,4,579025,345000,0.2
1150,138,18,4,2024-01-20,4,213367,177000,0.05
1151,334,5,76,2025-07-22,1,67949,56000,0.05
1152,43,17,39,2025-04-01,5,275775,169000,0.15
1153,87,8,27,2025-07-07,2,381913,245000,0.1
1154,22,1,69,2025-04-07,4,214926,121000,0.2
1155,498,6,60,2025-10-30,5,272251,183000,0.1
1156,307,9,1,2024-10-06,1,234738,139000,0.15
1157,109,19,88,2025-10-09,4,141570,73000,0.1
1158,379,18,66,2024-06-14,3,636541,341000,0.0
1159,203,4,73,2024-04-01,1,148321,84000,0.1
1160,108,20,18,2025-03-18,5,542999,398000,0.1
1161,134,15,65,2025-10-12,3,173690,128000,0.1
1162,108,15,35,2024-12-15,2,801865,464000,0.1
1163,69,1,77,2025-12-09,3,92902,58000,0.0
1164,345,6,78,2024-01-10,4,201181,104000,0.0
1165,276,3,53,2025-02-06,5,269183,146000,0.15
1166,457,15,84,2024-02-01,1,133333,78000,0.2
1167,424,20,87,2025-01-20,1,866392,494000,0.1
1168,5,4,46,2025-12-14,4,181428,126000,0.05
1169,5,8,60,2025-03-31,3,272251,183000,0.05
1170,472,12,96,2025-11-27,1,110974,65000,0.1
1171,156,8,25,2025-10-02,1,356587,291000,0.2
1172,144,16,30,2024-02-07,4,836817,422000,0.1
1173,101,13,91,2024-01-08,5,128108,89000,0.05
1174,253,6,15,2025-05-27,3,564164,320000,0.2
1175,350,20,71,2025-11-19,2,899254,479000,0.2
1176,66,3,73,2025-08-25,2,148321,84000,0.0
1177,452,17,17,2024-08-21,3,195974,134000,0.2
1178,12,18,94,2025-11-25,3,98417,77000,0.05
1179,2,14,79,2025-04-09,3,250982,148000,0.2
1180,433,14,83,2025-03-18,1,147849,97000,0.1
1181,254,12,36,2025-04-22,1,236121,173000,0.2
1182,143,14,67,2024-02-18,1,327734,181000,0.05
1183,201,7,69,2024-01-06,4,214926,121000,0.1
1184,378,8,43,2024-01-26,1,288284,203000,0.2
1185,101,6,89,2024-09-12,4,273964,141000,0.0
1186,321,4,43,2025-10-03,3,288284,203000,0.0
1187,304,11,4,2024-01-25,4,213367,177000,0.15
1188,123,11,33,2025-04-29,2,420924,285000,0.0
1189,484,3,7,2024-08-30,3,571254,384000,0.2
1190,392,4,100,2025-03-25,5,130122,92000,0.2
1191,44,2,81,2024-05-07,4,402769,257000,0.2
1192,34,5,5,2025-12-11,4,501235,278000,0.1
1193,313,14,8,2024-11-04,4,506180,391000,0.0
1194,27,10,9,2025-07-26,1,449456,257000,0.0
1195,386,14,49,2025-09-24,4,432853,263000,0.0
1196,233,13,30,2024-01-11,5,836817,422000,0.2
1197,52,11,60,2025-09-26,4,272251,183000,0.2
1198,169,19,84,2025-06-13,1,133333,78000,0.15
1199,305,3,25,2024-01-13,1,356587,291000,0.0
1200,327,17,76,2024-05-09,2,67949,56000,0.2
1201,372,20,33,2025-05-07,3,420924,285000,0.15
1202,409,2,57,2024-05-20,2,683509,406000,0.05
1203,224,17,8,2025-08-21,2,506180,391000,0.1
1204,454,18,84,2025-08-20,3,133333,78000,0.1
1205,159,20,100,2025-04-25,2,130122,92000,0.05
1206,266,19,44,2024-01-09,3,533229,334000,0.1
1207,260,18,85,2024-08-31,2,572260,305000,0.0
1208,500,7,7,2024-07-19,4,571254,384000,0.1
1209,97,16,82,2024-12-15,2,354688,203000,0.0
1210,170,19,89,2025-12-10,4,273964,141000,0.2
1211,215,11,73,2024-11-02,3,148321,84000,0.2
1212,254,8,21,2024-02-13,1,527487,336000,0.15
1213,320,7,1,2025-04-22,2,234738,139000,0.05
1214,106,13,31,2025-01-19,4,317221,202000,0.1
1215,38,12,24,2024-01-11,1,510411,408000,0.1
1216,149,15,4,2024-05-25,5,213367,177000,0.0
1217,500,1,25,2024-02-14,5,356587,291000,0.1
1218,113,9,26,2024-06-27,2,579595,443000,0.1
1219,126,6,93,2025-07-21,2,781223,436000,0.1
1220,467,4,26,2024-09-25,1,579595,443000,0.05
1221,404,4,3,2025-11-01,2,285890,144000,0.15
1222,123,12,44,2025-04-12,2,533229,334000,0.1
1223,452,14,48,2025-09-30,2,725534,462000,0.2
1224,452,5,92,2024-05-27,1,759219,396000,0.0
1225,356,12,25,2025-01-22,2,356587,291000,0.2
1226,126,2,41,2025-10-13,5,579025,345000,0.15
1227,438,18,98,2024-07-12,5,252844,145000,0.2
1228,28,9,38,2024-09-10,2,313675,175000,0.1
1229,108,3,17,2025-05-15,5,195974,134000,0.2
1230,261,13,61,2024-06-20,5,184225,100000,0.0
1231,266,15,97,2025-05-25,5,246451,166000,0.1
1232,356,16,23,2025-06-22,3,435414,346000,0.1
1233,298,13,92,2024-10-01,4,759219,396000,0.15
1234,113,7,82,2024-07-31,5,354688,203000,0.0
1235,157,14,58,2024-08-11,2,282366,172000,0.15
1236,131,18,49,2025-01-18,5,432853,263000,0.05
1237,228,17,11,2024-10-29,2,501111,364000,0.0
1238,239,17,46,2024-02-12,2,181428,126000,0.2
1239,240,14,80,2025-04-06,3,341486,186000,0.15
1240,140,13,53,2024-11-20,3,269183,146000,0.15
1241,136,3,4,2024-08-27,2,213367,177000,0.15
1242,263,18,46,2025-05-28,1,181428,126000,0.1
1243,51,4,83,2024-08-21,1,147849,97000,0.1
1244,103,11,10,2025-07-13,3,728704,377000,0.0
1245,382,9,26,2024-11-05,3,579595,443000,0.1
1246,468,9,25,2025-07-10,5,356587,291000,0.05
1247,401,13,2,2024-12-20,3,457712,313000,0.1
1248,335,17,52,2025-04-28,5,107522,76000,0.0
1249,117,7,98,2024-08-21,2,252844,145000,0.15
1250,403,18,61,2025-08-24,2,184225,100000,0.2
1251,406,3,97,2024-12-14,4,246451,166000,0.15
1252,214,7,41,2025-12-15,2,579025,345000,0.15
1253,192,5,57,2024-01-31,4,683509,406000,0.2
1254,256,12,74,2024-01-10,2,481960,308000,0.1
1255,352,13,44,2025-03-11,2,533229,334000,0.15
1256,301,1,98,2024-11-29,5,252844,145000,0.1
1257,488,11,73,2024-06-06,1,148321,84000,0.05
1258,444,13,73,2025-08-10,5,148321,84000,0.2
1259,274,13,49,2024-03-06,2,432853,263000,0.15
1260,292,15,25,2024-12-02,4,356587,291000,0.0
1261,54,18,82,2024-06-24,3,354688,203000,0.0
1262,14,6,23,2025-05-15,1,435414,346000,0.2
1263,106,8,26,2024-10-17,1,579595,443000,0.15
1264,30,12,38,2025-04-10,5,313675,175000,0.0
1265,441,14,67,2024-11-30,1,327734,181000,0.05
1266,275,14,51,2024-05-12,2,525757,280000,0.0
1267,67,7,62,2024-07-30,1,230470,154000,0.15
1268,310,19,40,2024-06-11,4,612399,307000,0.15
1269,367,15,40,2025-05-29,5,612399,307000,0.05
1270,229,3,36,2024-05-26,2,236121,173000,0.0
1271,169,19,52,2025-06-22,5,107522,76000,0.05
1272,21,3,63,2025-08-12,4,639248,338000,0.15
1273,432,10,37,2025-12-18,4,466547,278000,0.1
1274,128,6,51,2025-03-01,5,525757,280000,0.05
1275,467,6,80,2025-01-28,4,341486,186000,0.15
1276,358,2,90,2025-02-06,5,260462,156000,0.0
1277,276,10,31,2025-10-05,2,317221,202000,0.1
1278,211,18,86,2025-05-20,1,619302,320000,0.05
1279,259,11,16,2024-04-17,3,150904,81000,0.0
1280,107,17,53,2024-09-15,4,269183,146000,0.05
1281,328,15,6,2024-03-15,4,618850,348000,0.0
1282,204,2,49,2024-07-18,3,432853,263000,0.15
1283,470,5,2,2025-12-27,3,457712,313000,0.0
1284,35,3,42,2025-04-17,4,387805,204000,0.15
1285,242,9,71,2024-05-23,2,899254,479000,0.15
1286,52,6,21,2025-09-13,2,527487,336000,0.0
1287,87,3,38,2025-02-04,1,313675,175000,0.2
1288,226,12,86,2024-06-06,1,619302,320000,0.1
1289,273,7,23,2025-11-22,2,435414,346000,0.0
1290,340,4,57,2025-10-18,1,683509,406000,0.2
1291,307,1,50,2024-02-23,3,244295,174000,0.15
1292,192,8,7,2024-09-12,4,571254,384000,0.05
1293,15,1,26,2025-03-07,1,579595,443000,0.0
1294,491,4,44,2024-08-13,2,533229,334000,0.0
1295,213,17,86,2024-02-15,2,619302,320000,0.05
1296,321,7,14,2025-07-29,3,615107,440000,0.1
1297,481,14,80,2025-02-08,2,341486,186000,0.2
1298,183,11,16,2024-04-18,2,150904,81000,0.05
1299,162,1,23,2025-10-31,1,435414,346000,0.15
1300,34,9,50,2024-08-13,2,244295,174000,0.15
1301,35,7,84,2024-02-14,5,133333,78000,0.1
1302,53,18,53,2025-05-26,3,269183,146000,0.2
1303,308,11,73,2024-04-07,2,148321,84000,0.1
1304,90,11,81,2024-12-06,4,402769,257000,0.05
1305,10,20,86,2024-12-09,4,619302,320000,0.0
1306,328,8,75,2025-06-07,4,615439,387000,0.15
1307,11,20,65,2024-08-26,5,173690,128000,0.0
1308,378,14,98,2024-08-30,1,252844,145000,0.1
1309,31,5,97,2024-03-22,2,246451,166000,0.2
1310,78,13,48,2024-07-25,4,725534,462000,0.1
1311,485,15,27,2025-09-04,1,381913,245000,0.05
1312,163,2,95,2024-10-11,3,377246,224000,0.05
1313,118,11,67,2024-01-25,4,327734,181000,0.1
1314,28,8,44,2025-07-06,2,533229,334000,0.05
1315,267,11,88,2025-01-25,2,141570,73000,0.2
1316,446,16,24,2024-03-07,4,510411,408000,0.0
1317,73,7,9,2025-10-11,2,449456,257000,0.0
1318,282,7,17,2025-08-29,1,195974,134000,0.05
1319,372,15,31,2025-03-12,5,317221,202000,0.0
1320,218,6,40,2024-09-07,2,612399,307000,0.05
1321,296,15,78,2024-10-19,2,201181,104000,0.1
1322,41,12,82,2025-05-07,2,354688,203000,0.1
1323,226,14,51,2025-04-27,4,525757,280000,0.05
1324,420,16,65,2024-06-08,5,173690,128000,0.15
1325,389,10,3,2024-03-26,4,285890,144000,0.15
1326,373,6,77,2025-07-20,5,92902,58000,0.05
1327,233,10,33,2024-11-09,4,420924,285000,0.15
1328,37,11,49,2025-05-07,5,432853,263000,0.2
1329,470,7,18,2024-06-07,4,542999,398000,0.05
1330,252,13,1,2025-01-18,1,234738,139000,0.2
1331,251,10,54,2025-01-28,4,295710,156000,0.1
1332,454,2,83,2025-02-22,5,147849,97000,0.0
1333,100,14,16,2024-06-15,4,150904,81000,0.2
1334,251,12,33,2025-12-27,3,420924,285000,0.2
1335,377,8,90,2025-03-10,1,260462,156000,0.15
1336,324,1,32,2025-01-05,4,484101,322000,0.0
1337,234,5,90,2025-09-11,2,260462,156000,0.1
1338,488,6,33,2025-08-15,2,420924,285000,0.2
1339,365,13,2,2025-10-21,1,457712,313000,0.0
1340,466,7,51,2025-06-14,5,525757,280000,0.0
1341,355,10,55,2024-09-15,2,78058,57000,0.15
1342,158,14,65,2025-08-23,5,173690,128000,0.15
1343,294,12,97,2025-10-13,1,246451,166000,0.0
1344,358,10,19,2025-02-11,3,484036,311000,0.05
1345,50,3,1,2024-01-02,2,234738,139000,0.15
1346,336,10,100,2025-03-02,4,130122,92000,0.2
1347,192,6,94,2024-06-29,4,98417,77000,0.05
1348,94,17,91,2025-05-13,2,128108,89000,0.05
1349,96,7,15,2024-08-05,4,564164,320000,0.2
1350,462,14,8,2024-09-22,2,506180,391000,0.05
1351,86,3,57,2025-10-13,5,683509,406000,0.0
1352,142,3,38,2024-05-07,1,313675,175000,0.15
1353,245,16,44,2024-08-28,1,533229,334000,0.2
1354,137,1,87,2024-03-03,1,866392,494000,0.0
1355,109,17,86,2024-04-09,5,619302,320000,0.0
1356,493,9,1,2025-06-16,4,234738,139000,0.2
1357,220,11,63,2025-09-10,4,639248,338000,0.1
1358,482,12,48,2024-09-02,3,725534,462000,0.1
1359,30,12,86,2025-09-17,4,619302,320000,0.15
1360,446,13,43,2025-04-12,1,288284,203000,0.0
1361,63,17,93,2025-09-08,2,781223,436000,0.0
1362,317,16,36,2025-04-07,2,236121,173000,0.1
1363,327,11,66,2024-01-04,4,636541,341000,0.05
1364,348,15,3,2024-11-29,3,285890,144000,0.0
1365,379,20,30,2025-02-13,5,836817,422000,0.15
1366,338,4,11,2025-05-02,3,501111,364000,0.15
1367,100,5,94,2025-09-13,4,98417,77000,0.1
1368,66,16,67,2024-02-02,5,327734,181000,0.2
1369,87,15,12,2025-04-23,3,200189,128000,0.2
1370,125,7,15,2024-09-03,4,564164,320000,0.2
1371,367,1,22,2025-03-21,1,353698,252000,0.0
1372,113,9,21,2024-10-14,3,527487,336000,0.15
1373,70,18,86,2025-11-12,4,619302,320000,0.0
1374,171,8,82,2025-12-09,4,354688,203000,0.0
1375,176,13,74,2025-10-21,5,481960,308000,0.0
1376,414,8,92,2025-03-23,4,759219,396000,0.2
1377,45,4,29,2024-10-24,3,147705,110000,0.0
1378,382,4,12,2024-07-11,3,200189,128000,0.2
1379,489,13,74,2024-11-16,3,481960,308000,0.05
1380,303,18,74,2024-03-04,1,481960,308000,0.1
1381,395,12,25,2024-11-23,4,356587,291000,0.15
1382,309,19,87,2025-11-10,2,866392,494000,0.2
1383,276,15,29,2024-01-10,1,147705,110000,0.15
1384,256,15,41,2024-08-12,2,579025,345000,0.1
1385,383,2,19,2024-05-29,5,484036,311000,0.1
1386,353,4,77,2025-05-29,3,92902,58000,0.1
1387,425,7,36,2025-10-08,5,236121,173000,0.15
1388,415,11,64,2024-03-01,3,81699,58000,0.15
1389,377,2,20,2025-12-18,2,188439,117000,0.05
1390,154,6,100,2025-02-05,2,130122,92000,0.15
1391,217,16,3,2024-12-11,5,285890,144000,0.15
1392,271,10,45,2024-03-14,4,732045,452000,0.15
1393,50,5,37,2025-02-07,2,466547,278000,0.2
1394,156,15,42,2025-12-27,5,387805,204000,0.0
1395,227,16,84,2024-05-20,2,133333,78000,0.2
1396,412,7,38,2024-08-11,2,313675,175000,0.05
1397,53,5,95,2025-08-12,1,377246,224000,0.1
1398,50,12,49,2024-02-27,4,432853,263000,0.05
1399,264,11,61,2024-04-30,2,184225,100000,0.0
1400,370,13,76,2025-10-04,4,67949,56000,0.05
1401,204,16,32,2024-09-03,1,484101,322000,0.0
1402,382,13,39,2025-10-30,5,275775,169000,0.05
1403,196,9,100,2025-10-27,1,130122,92000,0.15
1404,62,4,81,2024-01-12,4,402769,257000,0.1
1405,343,17,11,2025-10-18,1,501111,364000,0.15
1406,294,16,29,2025-08-09,1,147705,110000,0.2
1407,197,16,36,2024-07-04,1,236121,173000,0.2
1408,65,4,83,2025-08-08,4,147849,97000,0.1
1409,208,1,42,2024-07-08,1,387805,204000,0.2
1410,251,3,51,2025-06-26,5,525757,280000,0.2
1411,420,4,67,2025-12-31,5,327734,181000,0.2
1412,442,20,97,2024-07-04,2,246451,166000,0.0
1413,229,11,89,2025-07-22,2,273964,141000,0.0
1414,106,6,16,2025-08-11,1,150904,81000,0.05
1415,44,4,12,2024-02-05,5,200189,128000,0.1
1416,88,14,65,2025-07-11,3,173690,128000,0.1
1417,24,17,85,2024-11-03,1,572260,305000,0.05
1418,296,16,38,2024-05-23,5,313675,175000,0.15
1419,311,18,89,2024-12-26,3,273964,141000,0.2
1420,420,2,66,2025-11-09,2,636541,341000,0.0
1421,154,7,31,2024-05-25,1,317221,202000,0.05
1422,303,12,18,2024-08-09,5,542999,398000,0.2
1423,39,18,36,2025-03-08,2,236121,173000,0.2
1424,463,6,33,2025-10-27,3,420924,285000,0.15
1425,347,14,52,2024-09-17,4,107522,76000,0.0
1426,37,9,89,2024-07-27,2,273964,141000,0.2
1427,337,17,82,2025-07-31,2,354688,203000,0.1
1428,162,14,78,2024-06-06,2,201181,104000,0.15
1429,40,9,49,2024-09-10,1,432853,263000,0.2
1430,281,14,16,2025-12-01,5,150904,81000,0.0
1431,466,11,9,2025-01-06,3,449456,257000,0.0
1432,141,1,100,2024-08-19,3,130122,92000,0.05
1433,488,4,13,2025-01-22,4,670509,409000,0.05
1434,302,16,16,2024-11-09,2,150904,81000,0.2
1435,293,10,13,2025-12-18,5,670509,409000,0.1
1436,460,2,71,2024-04-11,3,899254,479000,0.2
1437,177,18,22,2024-07-04,3,353698,252000,0.15
1438,304,5,71,2025-05-03,5,899254,479000,0.15
1439,80,5,34,2025-12-31,1,886449,498000,0.2
1440,28,12,19,2024-09-30,4,484036,311000,0.2
1441,362,15,91,2025-03-04,2,128108,89000,0.2
1442,258,10,24,2025-04-24,4,510411,408000,0.1
1443,157,3,36,2024-08-22,4,236121,173000,0.2
1444,325,3,40,2024-04-02,4,612399,307000,0.1
1445,295,2,10,2024-06-18,2,728704,377000,0.0
1446,414,1,11,2025-05-19,3,501111,364000,0.2
1447,255,17,55,2025-05-06,5,78058,57000,0.05
1448,8,20,88,2025-02-19,5,141570,73000,0.0
1449,274,12,25,2025-12-20,1,356587,291000,0.15
1450,311,15,32,2024-02-13,5,484101,322000,0.2
1451,39,12,22,2024-06-28,5,353698,252000,0.05
1452,217,16,18,2024-02-22,5,542999,398000,0.1
1453,174,8,49,2024-04-25,2,432853,263000,0.1
1454,248,10,70,2024-11-02,1,651468,327000,0.1
1455,292,13,34,2025-10-08,2,886449,498000,0.0
1456,479,15,28,2024-02-06,3,158902,91000,0.2
1457,4,20,80,2024-12-30,4,341486,186000,0.0
1458,55,1,59,2024-12-28,3,468552,288000,0.1
1459,5,4,45,2024-12-29,2,732045,452000,0.15
1460,271,17,56,2024-03-27,4,863852,432000,0.05
1461,4,5,20,2025-05-14,4,188439,117000,0.0
1462,203,12,99,2025-04-26,3,754227,445000,0.05
1463,275,9,39,2024-07-05,3,275775,169000,0.15
1464,72,12,14,2024-06-14,4,615107,440000,0.15
1465,453,7,96,2025-01-02,4,110974,65000,0.0
1466,69,13,15,2024-02-11,2,564164,320000,0.1
1467,342,7,54,2024-06-13,3,295710,156000,0.0
1468,251,18,62,2025-03-07,3,230470,154000,0.0
1469,257,13,64,2025-02-13,2,81699,58000,0.1
1470,65,5,17,2024-01-22,1,195974,134000,0.0
1471,122,2,45,2025-12-01,5,732045,452000,0.0
1472,378,1,87,2025-09-03,3,866392,494000,0.15
1473,249,3,56,2024-10-15,4,863852,432000,0.1
1474,79,17,98,2025-09-24,4,252844,145000,0.05
1475,443,9,24,2024-04-27,2,510411,408000,0.1
1476,243,4,90,2024-07-22,2,260462,156000,0.15
1477,97,19,90,2024-07-04,5,260462,156000,0.2
1478,68,13,81,2024-05-03,2,402769,257000,0.05
1479,219,1,5,2024-05-29,3,501235,278000,0.05
1480,195,14,79,2024-02-22,2,250982,148000,0.0
1481,173,14,68,2024-08-15,3,380357,285000,0.05
1482,330,2,62,2025-03-13,1,230470,154000,0.2
1483,144,12,39,2025-01-07,1,275775,169000,0.1
1484,459,2,92,2024-11-23,4,759219,396000,0.05
1485,339,11,24,2024-02-23,1,510411,408000,0.0
1486,466,20,28,2024-10-13,3,158902,91000,0.15
1487,486,16,13,2024-09-15,4,670509,409000,0.05
1488,50,1,47,2024-04-24,3,325148,173000,0.1
1489,185,12,88,2024-12-05,5,141570,73000,0.05
1490,191,8,96,2025-09-11,5,110974,65000,0.2
1491,197,3,84,2025-08-21,3,133333,78000,0.05
1492,22,19,14,2024-05-03,2,615107,440000,0.2
1493,229,4,84,2025-12-22,2,133333,78000,0.05
1494,155,16,10,2024-12-17,5,728704,377000,0.2
1495,23,5,98,2024-06-06,2,252844,145000,0.2
1496,130,18,25,2025-12-29,4,356587,291000,0.2
1497,368,4,45,2025-10-06,3,732045,452000,0.15
1498,269,17,56,2025-03-05,1,863852,432000,0.15
1499,357,5,3,2024-10-07,2,285890,144000,0.2
1500,407,7,38,2024-03-03,1,313675,175000,0.2
1501,273,17,95,2025-12-02,4,377246,224000,0.15
1502,197,18,10,2025-06-05,2,728704,377000,0.15
1503,140,7,100,2025-09-13,4,130122,92000,0.15
1504,112,19,24,2025-08-08,1,510411,408000,0.05
1505,258,17,90,2025-04-11,1,260462,156000,0.2
1506,363,9,34,2024-10-30,3,886449,498000,0.05
1507,24,18,71,2024-08-17,1,899254,479000,0.05
1508,76,9,31,2025-10-16,3,317221,202000,0.0
1509,128,7,18,2025-10-19,3,542999,398000,0.0
1510,178,20,69,2025-10-26,1,214926,121000,0.0
1511,453,18,48,2025-12-23,3,725534,462000,0.0
1512,151,11,34,2025-09-18,2,886449,498000,0.15
1513,375,9,8,2024-08-12,1,506180,391000,0.1
1514,337,19,23,2025-07-04,3,435414,346000,0.0
1515,325,20,14,2025-10-03,4,615107,440000,0.1
1516,167,9,71,2024-08-13,2,899254,479000,0.15
1517,229,8,27,2024-06-08,5,381913,245000,0.15
1518,462,16,94,2024-05-31,4,98417,77000,0.1
1519,95,6,12,2025-04-15,4,200189,128000,0.05
1520,332,10,25,2024-07-03,5,356587,291000,0.15
1521,419,13,3,2024-06-30,3,285890,144000,0.05
1522,74,3,88,2024-03-12,5,141570,73000,0.05
1523,497,13,55,2025-10-22,2,78058,57000,0.15
1524,309,4,13,2024-01-13,5,670509,409000,0.05
1525,424,1,49,2024-04-22,4,432853,263000,0.0
1526,395,3,98,2024-09-11,1,252844,145000,0.05
1527,406,1,35,2024-01-14,2,801865,464000,0.2
1528,44,7,14,2025-12-25,5,615107,440000,0.1
1529,418,6,18,2025-03-30,4,542999,398000,0.2
1530,125,2,40,2024-06-07,3,612399,307000,0.15
1531,11,2,70,2024-05-06,3,651468,327000,0.2
1532,262,14,14,2024-04-15,5,615107,440000,0.1
1533,117,14,19,2024-01-25,1,484036,311000,0.05
1534,147,8,50,2025-11-02,2,244295,174000,0.1
1535,87,4,88,2025-05-18,4,141570,73000,0.0
1536,40,20,29,2024-12-31,1,147705,110000,0.1
1537,459,2,43,2024-03-27,1,288284,203000,0.1
1538,272,11,78,2025-03-14,2,201181,104000,0.05
1539,458,10,77,2024-06-02,2,92902,58000,0.15
1540,139,16,80,2024-04-16,3,341486,186000,0.1
1541,409,3,85,2025-12-29,3,572260,305000,0.1
1542,76,13,1,2024-11-23,2,234738,139000,0.05
1543,296,14,58,2024-04-25,4,282366,172000,0.0
1544,166,5,94,2024-04-02,3,98417,77000,0.05
1545,254,14,24,2024-11-22,4,510411,408000,0.1
1546,171,5,62,2025-10-13,4,230470,154000,0.2
1547,282,16,84,2025-03-04,2,133333,78000,0.15
1548,275,8,69,2025-06-29,5,214926,121000,0.15
1549,270,19,50,2025-03-07,1,244295,174000,0.2
1550,186,1,100,2024-08-28,2,130122,92000,0.0
1551,243,5,27,2025-07-25,1,381913,245000,0.1
1552,435,5,15,2025-01-04,1,564164,320000,0.1
1553,498,14,38,2025-07-18,4,313675,175000,0.05
1554,383,5,32,2024-02-27,2,484101,322000,0.05
1555,357,14,16,2024-01-27,2,150904,81000,0.15
1556,298,3,48,2025-11-09,1,725534,462000,0.0
1557,76,12,62,2024-01-31,5,230470,154000,0.05
1558,7,19,19,2024-03-19,1,484036,311000,0.05
1559,381,5,54,2025-04-26,2,295710,156000,0.05
1560,211,11,96,2025-04-26,5,110974,65000,0.1
1561,80,2,57,2024-04-23,1,683509,406000,0.1
1562,258,6,83,2024-06-26,1,147849,97000,0.2
1563,486,15,2,2025-11-27,4,457712,313000,0.15
1564,157,8,71,2025-05-28,3,899254,479000,0.2
1565,268,13,55,2024-04-04,2,78058,57000,0.1
1566,29,8,17,2025-09-25,2,195974,134000,0.15
1567,431,3,51,2025-09-11,2,525757,280000,0.2
1568,335,13,89,2024-11-16,4,273964,141000,0.15
1569,332,14,49,2025-01-15,2,432853,263000,0.0
1570,40,12,25,2024-04-16,3,356587,291000,0.0
1571,145,6,78,2024-09-02,3,201181,104000,0.0
1572,306,1,70,2024-08-04,1,651468,327000,0.0
1573,104,2,97,2025-07-18,3,246451,166000,0.05
1574,290,2,31,2025-08-06,3,317221,202000,0.0
1575,162,3,73,2024-02-19,4,148321,84000,0.0
1576,491,13,40,2024-10-16,1,612399,307000,0.1
1577,372,12,65,2025-02-04,2,173690,128000,0.1
1578,460,17,17,2025-02-21,1,195974,134000,0.1
1579,301,13,13,2024-01-25,5,670509,409000,0.05
1580,83,5,62,2024-10-24,5,230470,154000,0.0
1581,48,8,88,2025-10-02,4,141570,73000,0.0
1582,265,20,28,2025-05-28,2,158902,91000,0.05
1583,403,5,84,2025-04-03,5,133333,78000,0.1
1584,439,14,44,2025-09-30,3,533229,334000,0.1
1585,313,20,6,2024-08-01,4,618850,348000,0.05
1586,255,4,10,2025-10-04,2,728704,377000,0.2
1587,445,3,2,2025-07-14,2,457712,313000,0.1
1588,87,10,64,2024-11-17,1,81699,58000,0.15
1589,187,12,21,2025-08-13,1,527487,336000,0.1
1590,396,15,12,2025-12-28,1,200189,128000,0.05
1591,333,5,34,2025-03-28,4,886449,498000,0.1
1592,187,10,16,2024-02-10,5,150904,81000,0.15
1593,67,15,52,2025-11-27,4,107522,76000,0.2
1594,192,3,47,2024-11-17,5,325148,173000,0.2
1595,135,2,88,2025-04-05,4,141570,73000,0.2
1596,421,18,80,2025-12-17,1,341486,186000,0.05
1597,193,6,2,2024-10-24,2,457712,313000,0.0
1598,199,15,73,2024-08-16,4,148321,84000,0.0
1599,240,18,86,2025-04-22,1,619302,320000,0.1
1600,375,4,60,2024-07-03,1,272251,183000,0.0
1601,169,3,51,2025-02-15,4,525757,280000,0.05
1602,109,16,41,2025-05-12,3,579025,345000,0.2
1603,280,5,15,2024-02-09,3,564164,320000,0.15
1604,291,2,61,2024-11-23,2,184225,100000,0.05
1605,405,14,77,2025-01-05,4,92902,58000,0.0
1606,445,1,61,2024-08-04,2,184225,100000,0.0
1607,326,6,98,2024-09-15,4,252844,145000,0.1
1608,208,3,11,2024-10-07,2,501111,364000,0.0
1609,110,9,39,2025-06-21,4,275775,169000,0.15
1610,176,10,24,2025-03-14,1,510411,408000,0.0
1611,247,16,22,2025-03-05,2,353698,252000,0.1
1612,468,19,69,2024-12-29,2,214926,121000,0.15
1613,102,3,50,2025-09-03,1,244295,174000,0.2
1614,166,11,93,2024-05-28,5,781223,436000,0.2
1615,256,11,2,2024-05-31,2,457712,313000,0.15
1616,370,1,15,2025-06-17,4,564164,320000,0.1
1617,497,19,58,2025-10-16,2,282366,172000,0.15
1618,216,18,13,2024-07-11,1,670509,409000,0.05
1619,111,12,100,2025-01-21,2,130122,92000,0.2
1620,190,12,27,2024-01-15,2,381913,245000,0.2
1621,420,4,3,2025-05-29,3,285890,144000,0.1
1622,211,12,90,2025-02-27,4,260462,156000,0.15
1623,499,11,46,2025-06-19,5,181428,126000,0.15
1624,192,6,15,2025-03-14,2,564164,320000,0.15
1625,224,13,71,2025-07-09,5,899254,479000,0.05
1626,318,4,37,2025-12-19,4,466547,278000,0.1
1627,9,20,12,2025-10-27,1,200189,128000,0.0
1628,475,18,53,2025-09-30,1,269183,146000,0.15
1629,413,2,13,2025-08-18,4,670509,409000,0.2
1630,115,15,86,2024-08-04,3,619302,320000,0.15
1631,439,16,71,2024-07-19,4,899254,479000,0.0
1632,465,13,16,2025-02-26,3,150904,81000,0.15
1633,146,9,1,2025-06-03,3,234738,139000,0.05
1634,345,8,85,2025-02-28,3,572260,305000,0.1
1635,14,5,1,2024-01-16,4,234738,139000,0.0
1636,172,6,48,2024-11-21,5,725534,462000,0.2
1637,499,13,74,2025-07-23,4,481960,308000,0.05
1638,411,19,25,2024-02-22,5,356587,291000,0.15
1639,207,11,55,2024-06-26,2,78058,57000,0.15
1640,51,5,67,2024-08-24,2,327734,181000,0.15
1641,432,9,65,2025-02-05,1,173690,128000,0.2
1642,48,3,71,2024-07-27,2,899254,479000,0.1
1643,395,19,4,2025-10-05,4,213367,177000,0.0
1644,279,3,20,2025-12-25,1,188439,117000,0.2
1645,233,12,74,2024-05-13,4,481960,308000,0.0
1646,100,18,24,2024-10-31,2,510411,408000,0.05
1647,27,9,32,2025-11-06,4,484101,322000,0.1
1648,297,4,11,2025-10-15,2,501111,364000,0.0
1649,55,5,15,2024-05-05,4,564164,320000,0.2
1650,40,16,37,2024-04-05,3,466547,278000,0.05
1651,252,1,47,2024-04-13,2,325148,173000,0.15
1652,40,7,53,2025-10-02,1,269183,146000,0.15
1653,325,15,88,2024-11-17,4,141570,73000,0.15
1654,463,6,21,2024-01-11,2,527487,336000,0.1
1655,61,11,85,2024-02-02,5,572260,305000,0.2
1656,280,1,45,2025-09-06,4,732045,452000,0.2
1657,99,20,21,2024-05-04,5,527487,336000,0.1
1658,263,5,4,2025-06-14,5,213367,177000,0.0
1659,16,11,28,2024-08-10,3,158902,91000,0.0
1660,482,5,18,2025-12-09,2,542999,398000,0.0
1661,489,3,35,2024-07-23,3,801865,464000,0.15
1662,382,16,45,2025-04-23,5,732045,452000,0.1
1663,129,6,56,2024-07-16,5,863852,432000,0.15
1664,299,19,26,2024-04-15,3,579595,443000,0.15
1665,222,15,40,2025-05-14,2,612399,307000,0.05
1666,319,4,55,2024-11-22,5,78058,57000,0.1
1667,291,12,78,2024-07-23,4,201181,104000,0.15
1668,456,2,48,2024-06-20,1,725534,462000,0.15
1669,151,20,66,2025-02-23,3,636541,341000,0.2
1670,16,4,83,2025-02-11,5,147849,97000,0.1
1671,184,8,24,2024-07-09,3,510411,408000,0.15
1672,75,11,10,2025-01-15,2,728704,377000,0.1
1673,6,11,16,2025-12-05,1,150904,81000,0.1
1674,461,8,28,2024-11-25,4,158902,91000,0.2
1675,309,7,72,2024-10-17,1,531452,441000,0.15
1676,143,20,68,2025-07-28,2,380357,285000,0.0
1677,216,14,86,2025-10-23,1,619302,320000,0.2
1678,26,16,41,2024-07-20,3,579025,345000,0.05
1679,62,4,64,2025-03-07,1,81699,58000,0.1
1680,303,13,58,2024-11-30,2,282366,172000,0.2
1681,10,19,31,2024-10-18,5,317221,202000,0.0
1682,431,13,1,2024-05-14,4,234738,139000,0.1
1683,173,1,5,2024-02-10,5,501235,278000,0.2
1684,371,10,9,2025-03-01,4,449456,257000,0.0
1685,41,18,36,2025-02-13,3,236121,173000,0.1
1686,25,13,100,2025-09-19,3,130122,92000,0.15
1687,496,4,39,2025-10-18,4,275775,169000,0.15
1688,115,2,48,2024-01-30,5,725534,462000,0.0
1689,442,14,2,2024-11-26,2,457712,313000,0.0
1690,371,12,29,2024-07-14,2,147705,110000,0.0
1691,453,2,69,2024-09-22,1,214926,121000,0.0
1692,136,11,15,2024-03-17,1,564164,320000,0.1
1693,358,6,89,2024-10-03,5,273964,141000,0.15
1694,65,11,18,2024-05-02,5,542999,398000,0.15
1695,229,4,19,2025-10-14,5,484036,311000,0.15
1696,245,16,67,2025-08-14,5,327734,181000,0.05
1697,48,9,36,2024-08-19,3,236121,173000,0.15
1698,286,8,99,2024-12-27,3,754227,445000,0.0
1699,498,16,85,2024-03-17,2,572260,305000,0.0
1700,111,15,8,2025-11-17,2,506180,391000,0.0
1701,175,7,50,2024-04-17,2,244295,174000,0.15
1702,390,10,76,2024-11-16,5,67949,56000,0.2
1703,55,5,91,2025-05-31,4,128108,89000,0.05
1704,445,20,29,2025-04-08,3,147705,110000,0.15
1705,36,9,66,2024-07-11,2,636541,341000,0.15
1706,332,4,55,2025-08-14,2,78058,57000,0.1
1707,124,1,19,2024-04-22,4,484036,311000,0.0
1708,244,17,59,2024-01-30,2,468552,288000,0.1
1709,475,18,58,2024-05-01,3,282366,172000,0.1
1710,78,13,11,2024-08-05,3,501111,364000,0.15
1711,28,15,65,2024-12-07,4,173690,128000,0.2
1712,333,13,35,2024-02-20,3,801865,464000,0.0
1713,97,13,94,2024-10-28,4,98417,77000,0.05
1714,312,16,23,2025-06-26,5,435414,346000,0.1
1715,26,8,67,2025-11-28,4,327734,181000,0.0
1716,459,2,15,2024-02-24,2,564164,320000,0.0
1717,273,4,74,2024-03-08,3,481960,308000,0.05
1718,367,13,36,2025-12-17,2,236121,173000,0.2
1719,376,9,51,2024-08-13,4,525757,280000,0.0
1720,178,10,64,2024-07-27,2,81699,58000,0.05
1721,49,6,91,2024-01-04,5,128108,89000,0.1
1722,437,8,65,2024-11-08,5,173690,128000,0.15
1723,96,11,22,2024-06-19,3,353698,252000,0.0
1724,243,14,59,2025-11-13,2,468552,288000,0.0
1725,452,3,43,2024-09-27,1,288284,203000,0.05
1726,497,16,22,2024-12-26,1,353698,252000,0.2
1727,242,4,75,2024-09-10,1,615439,387000,0.15
1728,149,8,6,2025-11-27,1,618850,348000,0.2
1729,397,4,68,2024-05-30,5,380357,285000,0.05
1730,252,12,13,2025-04-08,3,670509,409000,0.1
1731,187,15,70,2024-09-16,3,651468,327000,0.15
1732,171,17,2,2025-12-28,3,457712,313000,0.1
1733,139,17,100,2024-04-25,5,130122,92000,0.15
1734,439,8,94,2025-02-24,1,98417,77000,0.05
1735,16,8,85,2025-05-24,2,572260,305000,0.1
1736,382,3,74,2024-07-30,4,481960,308000,0.1
1737,450,18,25,2024-10-07,4,356587,291000,0.0
1738,467,12,58,2024-09-28,5,282366,172000,0.05
1739,484,9,43,2025-03-03,4,288284,203000,0.2
1740,267,11,40,2025-08-16,2,612399,307000,0.0
1741,291,12,79,2025-04-10,1,250982,148000,0.15
1742,475,5,37,2025-05-25,1,466547,278000,0.0
1743,320,18,60,2024-10-23,2,272251,183000,0.2
1744,148,3,86,2025-05-13,2,619302,320000,0.1
1745,112,10,38,2024-02-11,1,313675,175000,0.15
1746,157,1,76,2025-05-15,1,67949,56000,0.0
1747,129,5,56,2024-02-21,3,863852,432000,0.0
1748,491,18,45,2025-11-12,3,732045,452000,0.2
1749,376,7,20,2024-05-26,1,188439,117000,0.1
1750,113,2,56,2024-10-24,5,863852,432000,0.0
1751,327,13,61,2025-11-25,3,184225,100000,0.05
1752,472,10,55,2024-09-24,4,78058,57000,0.0
1753,224,11,77,2025-07-31,3,92902,58000,0.05
1754,70,14,75,2024-09-13,2,615439,387000,0.05
1755,44,10,71,2024-11-08,2,899254,479000,0.1
1756,193,14,73,2024-07-06,4,148321,84000,0.2
1757,356,11,13,2025-03-28,2,670509,409000,0.2
1758,219,15,65,2024-12-28,3,173690,128000,0.15
1759,468,18,54,2024-01-29,4,295710,156000,0.15
1760,315,10,4,2024-05-23,4,213367,177000,0.0
1761,66,20,32,2025-01-17,5,484101,322000,0.2
1762,387,13,70,2024-02-24,5,651468,327000,0.1
1763,414,17,17,2025-04-18,4,195974,134000,0.0
1764,139,4,59,2024-02-26,1,468552,288000,0.0
1765,290,16,43,2024-10-24,5,288284,203000,0.0
1766,380,19,89,2024-05-04,3,273964,141000,0.0
1767,105,17,87,2025-12-19,5,866392,494000,0.0
1768,115,5,19,2024-05-19,5,484036,311000,0.15
1769,320,7,39,2025-05-11,3,275775,169000,0.0
1770,310,4,15,2024-06-05,1,564164,320000,0.0
1771,54,16,67,2024-07-28,1,327734,181000,0.05
1772,29,4,4,2025-02-04,5,213367,177000,0.15
1773,420,8,39,2024-07-07,4,275775,169000,0.15
1774,225,20,70,2025-11-28,3,651468,327000,0.2
1775,12,6,16,2025-10-13,4,150904,81000,0.05
1776,380,18,19,2025-06-07,2,484036,311000,0.05
1777,149,4,26,2024-10-23,4,579595,443000,0.15
1778,141,13,76,2025-11-14,4,67949,56000,0.1
1779,417,14,50,2025-03-02,1,244295,174000,0.15
1780,62,19,19,2025-04-13,1,484036,311000,0.1
1781,18,20,50,2024-11-06,1,244295,174000,0.2
1782,240,15,57,2024-05-22,1,683509,406000,0.1
1783,257,17,36,2025-01-01,1,236121,173000,0.05
1784,263,3,27,2025-02-03,3,381913,245000,0.2
1785,369,19,23,2025-11-02,2,435414,346000,0.1
1786,402,10,44,2024-10-12,4,533229,334000,0.05
1787,493,16,51,2025-01-20,1,525757,280000,0.15
1788,475,17,78,2025-12-26,2,201181,104000,0.2
1789,358,11,100,2024-05-12,5,130122,92000,0.1
1790,317,13,76,2025-08-21,5,67949,56000,0.1
1791,119,4,9,2024-06-11,1,449456,257000,0.0
1792,244,11,86,2025-11-26,1,619302,320000,0.15
1793,461,6,98,2024-04-17,2,252844,145000,0.05
1794,32,20,94,2024-03-06,4,98417,77000,0.15
1795,227,12,33,2024-03-15,1,420924,285000,0.0
1796,56,15,78,2024-11-24,1,201181,104000,0.05
1797,103,7,49,2025-07-23,2,432853,263000,0.2
1798,147,8,33,2025-11-26,4,420924,285000,0.15
1799,415,7,26,2025-06-25,2,579595,443000,0.15
1800,492,4,12,2025-10-06,5,200189,128000,0.0
1801,185,14,27,2024-01-06,1,381913,245000,0.05
1802,95,17,73,2024-12-14,5,148321,84000,0.0
1803,424,16,64,2025-08-07,2,81699,58000,0.05
1804,461,18,65,2025-09-25,3,173690,128000,0.1
1805,321,13,18,2025-03-13,1,542999,398000,0.15
1806,401,17,10,2024-05-10,5,728704,377000,0.0
1807,119,2,39,2025-05-25,1,275775,169000,0.0
1808,115,10,77,2024-01-24,5,92902,58000,0.1
1809,447,6,33,2024-03-10,4,420924,285000,0.1
1810,124,17,37,2025-08-12,1,466547,278000,0.2
1811,317,2,79,2025-02-12,5,250982,148000,0.1
1812,480,9,70,2025-04-27,1,651468,327000,0.2
1813,216,9,84,2024-12-12,1,133333,78000,0.0
1814,105,18,26,2024-05-22,3,579595,443000,0.0
1815,253,3,94,2024-08-29,3,98417,77000,0.0
1816,37,14,73,2024-12-20,5,148321,84000,0.0
1817,246,5,77,2025-07-18,5,92902,58000,0.0
1818,255,17,35,2024-02-06,1,801865,464000,0.0
1819,156,8,29,2025-05-04,3,147705,110000,0.15
1820,274,20,3,2024-07-19,1,285890,144000,0.0
1821,27,13,49,2025-05-08,1,432853,263000,0.2
1822,360,14,99,2025-03-16,4,754227,445000,0.05
1823,61,20,71,2025-03-24,2,899254,479000,0.0
1824,224,2,48,2024-12-17,3,725534,462000,0.05
1825,6,8,31,2025-08-25,2,317221,202000,0.0
1826,411,1,53,2024-02-16,5,269183,146000,0.2
1827,30,5,93,2024-03-19,2,781223,436000,0.0
1828,161,12,57,2024-02-14,2,683509,406000,0.1
1829,311,13,78,2024-05-12,2,201181,104000,0.1
1830,129,18,62,2024-03-19,1,230470,154000,0.0
1831,228,10,27,2024-08-13,4,381913,245000,0.1
1832,126,17,47,2025-10-31,5,325148,173000,0.1
1833,54,2,35,2025-05-30,3,801865,464000,0.2
1834,144,3,45,2025-05-12,4,732045,452000,0.2
1835,157,18,27,2024-08-24,2,381913,245000,0.2
1836,19,8,27,2024-05-25,1,381913,245000,0.1
1837,11,16,90,2024-04-26,4,260462,156000,0.15
1838,197,10,5,2025-08-25,3,501235,278000,0.1
1839,197,16,11,2025-09-16,1,501111,364000,0.1
1840,23,8,3,2025-03-30,4,285890,144000,0.15
1841,221,18,27,2025-11-06,4,381913,245000,0.05
1842,391,12,7,2025-07-08,3,571254,384000,0.0
1843,415,19,4,2024-09-25,5,213367,177000,0.1
1844,223,14,28,2025-09-28,1,158902,91000,0.1
1845,199,10,94,2025-07-20,1,98417,77000,0.0
1846,369,19,69,2025-08-09,4,214926,121000,0.15
1847,492,13,99,2024-06-15,5,754227,445000,0.1
1848,144,9,60,2024-01-16,2,272251,183000,0.05
1849,173,19,11,2024-10-29,2,501111,364000,0.2
1850,186,9,51,2024-10-07,1,525757,280000,0.2
1851,64,10,85,2024-01-13,3,572260,305000,0.2
1852,228,15,73,2024-07-02,3,148321,84000,0.1
1853,19,12,3,2025-04-22,4,285890,144000,0.0
1854,30,19,62,2025-02-22,5,230470,154000,0.05
1855,161,3,11,2025-07-18,3,501111,364000,0.2
1856,133,16,57,2024-10-09,2,683509,406000,0.1
1857,447,20,17,2024-05-30,2,195974,134000,0.05
1858,336,2,84,2024-04-27,1,133333,78000,0.05
1859,163,2,24,2025-08-16,5,510411,408000,0.15
1860,500,9,71,2024-09-22,2,899254,479000,0.0
1861,308,8,3,2024-02-15,3,285890,144000,0.2
1862,228,4,45,2025-06-03,1,732045,452000,0.0
1863,167,19,66,2024-07-27,1,636541,341000,0.05
1864,219,10,48,2025-10-19,4,725534,462000,0.0
1865,404,12,19,2025-09-13,1,484036,311000,0.1
1866,483,10,43,2025-04-26,4,288284,203000,0.1
1867,23,10,80,2025-01-12,1,341486,186000,0.05
1868,312,7,20,2024-04-18,5,188439,117000,0.0
1869,365,12,41,2025-08-18,5,579025,345000,0.2
1870,337,5,28,2024-02-03,4,158902,91000,0.2
1871,290,17,49,2024-08-17,1,432853,263000,0.0
1872,376,4,74,2025-07-05,5,481960,308000,0.15
1873,338,17,68,2025-04-28,1,380357,285000,0.2
1874,100,19,67,2024-10-02,4,327734,181000,0.1
1875,410,12,38,2024-09-05,2,313675,175000,0.1
1876,355,8,30,2024-04-28,4,836817,422000,0.1
1877,181,18,57,2024-03-22,4,683509,406000,0.1
1878,248,20,65,2025-10-31,1,173690,128000,0.1
1879,292,5,30,2024-08-23,4,836817,422000,0.15
1880,300,5,69,2025-11-21,2,214926,121000,0.15
1881,161,4,78,2024-12-15,3,201181,104000,0.1
1882,76,19,11,2025-06-01,4,501111,364000,0.15
1883,8,6,64,2025-04-09,2,81699,58000,0.05
1884,365,16,16,2025-07-21,4,150904,81000,0.1
1885,427,14,96,2024-02-04,1,110974,65000,0.05
1886,264,17,4,2024-05-15,2,213367,177000,0.0
1887,206,18,50,2024-05-10,4,244295,174000,0.1
1888,460,11,31,2024-12-10,3,317221,202000,0.0
1889,370,2,76,2024-04-20,5,67949,56000,0.2
1890,323,15,10,2025-02-22,3,728704,377000,0.15
1891,359,5,95,2025-05-03,4,377246,224000,0.1
1892,43,5,94,2025-06-05,2,98417,77000,0.2
1893,346,15,1,2025-01-13,5,234738,139000,0.2
1894,261,19,49,2024-06-29,3,432853,263000,0.15
1895,253,11,36,2024-10-31,1,236121,173000,0.05
1896,297,17,7,2025-06-21,5,571254,384000,0.2
1897,164,6,55,2025-01-28,3,78058,57000,0.1
1898,266,9,19,2025-03-16,1,484036,311000,0.05
1899,178,10,74,2024-04-11,5,481960,308000,0.1
1900,250,15,22,2024-10-07,1,353698,252000,0.1
1901,311,4,29,2024-09-22,2,147705,110000,0.1
1902,106,18,30,2024-04-08,3,836817,422000,0.05
1903,463,2,66,2025-09-04,2,636541,341000,0.0
1904,251,1,70,2024-01-07,5,651468,327000,0.05
1905,219,15,48,2025-08-07,2,725534,462000,0.1
1906,471,4,67,2024-10-29,2,327734,181000,0.15
1907,253,9,92,2025-03-18,1,759219,396000,0.15
1908,60,12,12,2025-11-15,2,200189,128000,0.1
1909,81,17,11,2024-11-30,2,501111,364000,0.0
1910,377,17,43,2025-10-07,3,288284,203000,0.15
1911,222,4,87,2024-02-09,1,866392,494000,0.1
1912,431,18,91,2024-07-13,5,128108,89000,0.1
1913,71,19,85,2024-09-08,1,572260,305000,0.0
1914,241,5,49,2024-09-28,2,432853,263000,0.05
1915,68,7,63,2024-10-16,2,639248,338000,0.15
1916,2,14,82,2024-08-07,1,354688,203000,0.2
1917,107,6,9,2025-09-17,4,449456,257000,0.2
1918,195,19,5,2025-09-20,4,501235,278000,0.1
1919,337,6,31,2025-06-27,3,317221,202000,0.15
1920,249,16,39,2025-11-15,2,275775,169000,0.1
1921,279,16,81,2024-12-31,4,402769,257000,0.2
1922,494,10,38,2024-04-25,1,313675,175000,0.05
1923,340,14,54,2024-09-10,4,295710,156000,0.1
1924,339,4,15,2024-11-22,2,564164,320000,0.15
1925,431,16,45,2025-05-10,4,732045,452000,0.05
1926,149,9,77,2024-01-30,4,92902,58000,0.05
1927,288,11,65,2024-03-03,2,173690,128000,0.15
1928,415,15,34,2025-02-04,3,886449,498000,0.15
1929,138,16,55,2024-02-25,4,78058,57000,0.1
1930,420,2,94,2025-10-13,2,98417,77000,0.1
1931,294,6,40,2024-08-14,4,612399,307000,0.15
1932,313,11,69,2025-09-20,2,214926,121000,0.0
1933,487,1,17,2024-01-21,5,195974,134000,0.2
1934,393,18,49,2024-12-27,1,432853,263000,0.1
1935,186,18,9,2024-08-03,1,449456,257000,0.2
1936,441,8,26,2025-02-09,2,579595,443000,0.2
1937,212,7,38,2024-12-05,2,313675,175000,0.1
1938,433,1,71,2024-02-06,2,899254,479000,0.0
1939,204,16,97,2025-05-28,5,246451,166000,0.0
1940,13,8,6,2024-11-04,2,618850,348000,0.1
1941,384,4,81,2024-10-05,2,402769,257000,0.0
1942,442,3,49,2024-10-03,4,432853,263000,0.05
1943,391,14,10,2025-12-21,1,728704,377000,0.2
1944,471,5,3,2025-09-11,1,285890,144000,0.2
1945,426,20,13,2024-07-17,5,670509,409000,0.15
1946,381,1,40,2025-06-08,3,612399,307000,0.15
1947,52,9,39,2024-07-26,3,275775,169000,0.15
1948,150,14,84,2025-01-20,5,133333,78000,0.15
1949,143,16,12,2025-07-28,2,200189,128000,0.15
1950,196,1,37,2024-09-07,5,466547,278000,0.2
1951,366,4,64,2025-07-13,4,81699,58000,0.1
1952,204,8,58,2024-01-26,2,282366,172000,0.2
1953,56,10,58,2025-07-30,3,282366,172000,0.15
1954,288,6,43,2024-04-07,2,288284,203000,0.0
1955,43,5,27,2024-09-12,4,381913,245000,0.2
1956,371,19,52,2025-06-19,5,107522,76000,0.15
1957,130,14,98,2025-05-20,2,252844,145000,0.0
1958,165,19,40,2024-02-07,3,612399,307000,0.05
1959,354,7,77,2024-10-01,4,92902,58000,0.0
1960,256,11,97,2025-07-12,5,246451,166000,0.15
1961,363,16,84,2025-04-17,2,133333,78000,0.1
1962,218,3,66,2024-04-17,5,636541,341000,0.0
1963,267,4,49,2024-06-14,2,432853,263000,0.0
1964,20,14,22,2024-04-26,2,353698,252000,0.15
1965,72,18,64,2025-05-13,2,81699,58000,0.2
1966,61,14,54,2024-10-30,4,295710,156000,0.0
1967,315,12,38,2024-11-26,3,313675,175000,0.2
1968,268,7,73,2024-10-24,2,148321,84000,0.05
1969,129,16,79,2025-09-11,3,250982,148000,0.2
1970,85,17,60,2024-05-18,2,272251,183000,0.1
1971,214,6,92,2024-11-21,4,759219,396000,0.0
1972,160,7,20,2024-01-06,4,188439,117000,0.0
1973,170,4,26,2025-04-14,1,579595,443000,0.2
1974,81,3,8,2025-08-31,5,506180,391000,0.15
1975,322,1,45,2024-12-19,5,732045,452000,0.05
1976,300,10,25,2025-03-12,3,356587,291000,0.1
1977,288,18,48,2024-09-17,5,725534,462000,0.15
1978,79,4,83,2025-08-29,2,147849,97000,0.0
1979,135,19,94,2024-07-01,2,98417,77000,0.1
1980,331,13,14,2025-08-24,2,615107,440000,0.2
1981,142,20,43,2025-09-11,5,288284,203000,0.2
1982,2,8,86,2024-06-21,4,619302,320000,0.05
1983,74,6,28,2024-05-30,1,158902,91000,0.2
1984,459,2,61,2024-03-20,1,184225,100000,0.1
1985,341,16,18,2025-03-11,5,542999,398000,0.15
1986,124,18,42,2024-04-30,3,387805,204000,0.2
1987,243,12,51,2025-12-24,4,525757,280000,0.15
1988,41,20,40,2025-06-27,5,612399,307000,0.1
1989,74,14,28,2025-12-29,2,158902,91000,0.1
1990,404,9,72,2025-12-12,4,531452,441000,0.15
1991,334,12,88,2025-03-21,1,141570,73000,0.2
1992,395,12,23,2025-04-22,1,435414,346000,0.1
1993,287,7,94,2025-09-23,4,98417,77000,0.05
1994,101,15,49,2024-01-11,3,432853,263000,0.05
1995,301,10,47,2024-01-06,5,325148,173000,0.05
1996,258,1,43,2024-09-16,1,288284,203000,0.1
1997,141,16,78,2025-10-24,3,201181,104000,0.0
1998,321,2,51,2024-10-07,1,525757,280000,0.1
1999,324,15,74,2025-09-14,1,481960,308000,0.15
2000,385,18,63,2025-10-25,2,639248,338000,0.15
2001,314,5,14,2024-01-30,1,615107,440000,0.1
2002,215,4,91,2024-03-25,2,128108,89000,0.05
2003,50,18,8,2024-11-17,4,506180,391000,0.0
2004,171,11,36,2024-01-18,2,236121,173000,0.2
2005,265,1,91,2025-01-10,2,128108,89000,0.2
2006,343,2,86,2025-11-14,4,619302,320000,0.15
2007,374,9,9,2024-05-31,2,449456,257000,0.2
2008,142,20,11,2024-02-15,2,501111,364000,0.15
2009,326,1,26,2024-06-26,5,579595,443000,0.15
2010,61,11,40,2024-12-25,3,612399,307000,0.2
2011,477,15,60,2025-08-02,5,272251,183000,0.0
2012,374,3,12,2024-07-05,1,200189,128000,0.0
2013,495,1,24,2025-10-03,3,510411,408000,0.2
2014,327,12,99,2024-08-10,2,754227,445000,0.0
2015,429,7,59,2024-11-11,1,468552,288000,0.05
2016,195,10,96,2024-02-24,2,110974,65000,0.1
2017,162,14,23,2025-08-01,3,435414,346000,0.05
2018,91,10,29,2024-07-23,2,147705,110000,0.1
2019,251,12,34,2024-04-04,4,886449,498000,0.1
2020,268,15,75,2025-10-19,3,615439,387000,0.1
2021,198,5,81,2025-08-22,2,402769,257000,0.0
2022,223,12,69,2025-12-20,5,214926,121000,0.05
2023,359,17,83,2024-12-16,3,147849,97000,0.05
2024,396,7,71,2025-06-09,3,899254,479000,0.0
2025,17,4,34,2024-09-24,2,886449,498000,0.15
2026,240,19,67,2024-05-23,2,327734,181000,0.15
2027,338,19,42,2025-01-21,3,387805,204000,0.2
2028,184,1,5,2025-10-06,3,501235,278000,0.0
2029,173,4,21,2024-12-08,4,527487,336000,0.15
2030,240,18,24,2024-06-15,3,510411,408000,0.1
2031,234,19,24,2025-09-23,1,510411,408000,0.15
2032,428,8,74,2025-04-29,4,481960,308000,0.15
2033,248,13,33,2024-12-11,3,420924,285000,0.2
2034,56,14,39,2025-06-03,1,275775,169000,0.05
2035,304,1,55,2025-02-14,3,78058,57000,0.2
2036,454,20,21,2024-11-03,5,527487,336000,0.05
2037,385,5,90,2025-08-04,5,260462,156000,0.05
2038,159,5,17,2024-04-02,3,195974,134000,0.0
2039,236,1,45,2024-06-18,4,732045,452000,0.15
2040,155,10,85,2024-06-25,2,572260,305000,0.05
2041,224,3,11,2024-07-27,2,501111,364000,0.05
2042,285,12,93,2025-12-02,2,781223,436000,0.05
2043,52,16,1,2024-12-18,4,234738,139000,0.05
2044,343,13,71,2025-04-28,4,899254,479000,0.05
2045,66,11,60,2025-01-31,2,272251,183000,0.0
2046,460,10,98,2024-11-30,2,252844,145000,0.15
2047,274,3,87,2025-02-07,4,866392,494000,0.2
2048,114,20,45,2024-01-28,4,732045,452000,0.2
2049,175,17,23,2025-01-05,2,435414,346000,0.1
2050,469,3,1,2025-02-11,5,234738,139000,0.2
2051,97,2,83,2025-05-26,2,147849,97000,0.05
2052,174,13,28,2024-04-05,3,158902,91000,0.15
2053,146,10,84,2024-06-03,2,133333,78000,0.15
2054,491,14,50,2024-09-24,4,244295,174000,0.0
2055,265,4,23,2025-11-29,2,435414,346000,0.15
2056,376,4,60,2025-12-03,1,272251,183000,0.1
2057,164,5,84,2024-06-13,4,133333,78000,0.0
2058,233,1,74,2025-12-03,5,481960,308000,0.15
2059,156,14,63,2024-02-25,4,639248,338000,0.15
2060,258,12,34,2025-04-06,1,886449,498000,0.2
2061,498,12,100,2025-07-01,4,130122,92000,0.1
2062,389,13,15,2025-06-28,2,564164,320000,0.15
2063,173,19,87,2024-01-08,1,866392,494000,0.05
2064,373,15,34,2025-09-21,2,886449,498000,0.2
2065,21,4,56,2024-10-15,1,863852,432000,0.15
2066,456,20,63,2024-02-21,4,639248,338000,0.1
2067,173,10,88,2025-03-11,3,141570,73000,0.1
2068,92,10,99,2024-09-30,1,754227,445000,0.2
2069,167,10,46,2025-04-02,4,181428,126000,0.0
2070,183,2,82,2024-04-24,1,354688,203000,0.2
2071,44,18,69,2024-06-28,4,214926,121000,0.05
2072,253,14,13,2025-10-10,2,670509,409000,0.05
2073,317,8,36,2025-12-06,3,236121,173000,0.15
2074,21,3,94,2025-04-14,5,98417,77000,0.2
2075,312,4,42,2024-05-30,3,387805,204000,0.0
2076,475,10,49,2024-12-11,5,432853,263000,0.0
2077,487,9,55,2024-07-07,4,78058,57000,0.0
2078,407,7,93,2024-04-29,1,781223,436000,0.15
2079,264,18,74,2025-09-22,3,481960,308000,0.1
2080,243,7,32,2025-08-10,1,484101,322000,0.1
2081,399,6,98,2025-12-06,4,252844,145000,0.1
2082,205,6,36,2025-09-11,5,236121,173000,0.0
2083,209,7,87,2024-01-06,3,866392,494000,0.1
2084,137,15,3,2024-10-08,4,285890,144000,0.05
2085,116,1,77,2024-08-14,3,92902,58000,0.0
2086,314,10,91,2024-03-06,3,128108,89000,0.05
2087,216,20,94,2025-08-25,5,98417,77000,0.15
2088,477,18,43,2025-05-02,5,288284,203000,0.15
2089,178,15,2,2024-11-23,3,457712,313000,0.1
2090,273,6,20,2024-08-03,4,188439,117000,0.15
2091,17,19,87,2025-02-16,4,866392,494000,0.1
2092,43,7,11,2024-12-19,4,501111,364000,0.2
2093,150,11,96,2024-11-07,5,110974,65000,0.1
2094,320,19,58,2024-06-08,4,282366,172000,0.0
2095,221,14,22,2025-08-01,5,353698,252000,0.1
2096,381,16,98,2025-07-23,1,252844,145000,0.1
2097,194,20,31,2024-05-14,4,317221,202000,0.2
2098,109,4,16,2024-08-11,1,150904,81000,0.15
2099,393,13,74,2024-06-11,3,481960,308000,0.05
2100,215,20,71,2024-08-10,4,899254,479000,0.1
2101,55,11,36,2025-10-07,3,236121,173000,0.1
2102,116,13,65,2025-02-05,5,173690,128000,0.2
2103,81,6,64,2025-04-05,4,81699,58000,0.1
2104,425,11,52,2025-06-29,3,107522,76000,0.0
2105,465,4,98,2025-11-30,4,252844,145000,0.05
2106,211,7,50,2025-03-04,5,244295,174000,0.15
2107,71,20,82,2024-08-17,1,354688,203000,0.2
2108,293,14,80,2025-09-05,5,341486,186000,0.0
2109,86,19,3,2024-09-12,3,285890,144000,0.2
2110,12,20,81,2025-01-14,4,402769,257000,0.0
2111,443,7,84,2025-06-07,4,133333,78000,0.2
2112,90,16,21,2024-09-02,4,527487,336000,0.1
2113,151,3,92,2024-05-15,2,759219,396000,0.1
2114,236,8,4,2025-04-17,2,213367,177000,0.2
2115,408,6,88,2024-09-04,5,141570,73000,0.15
2116,429,11,60,2025-09-10,5,272251,183000,0.0
2117,4,2,21,2024-03-12,2,527487,336000,0.15
2118,442,13,88,2025-04-26,4,141570,73000,0.2
2119,62,20,10,2025-07-04,4,728704,377000,0.1
2120,247,2,83,2025-03-25,5,147849,97000,0.0
2121,205,17,38,2025-01-07,4,313675,175000,0.0
2122,54,5,81,2024-05-07,4,402769,257000,0.15
2123,188,14,34,2024-06-22,5,886449,498000,0.0
2124,408,16,85,2024-09-05,3,572260,305000,0.05
2125,329,3,27,2024-12-03,3,381913,245000,0.0
2126,176,10,59,2024-09-23,4,468552,288000,0.05
2127,359,9,89,2025-04-06,4,273964,141000,0.1
2128,390,5,73,2024-02-06,3,148321,84000,0.2
2129,114,12,19,2024-01-27,5,484036,311000,0.1
2130,484,6,73,2024-11-10,3,148321,84000,0.1
2131,226,10,73,2025-12-31,3,148321,84000,0.15
2132,150,13,20,2025-09-14,2,188439,117000,0.05
2133,299,10,33,2024-08-04,2,420924,285000,0.0
2134,187,17,19,2024-09-22,5,484036,311000,0.0
2135,317,6,96,2025-05-03,5,110974,65000,0.15
2136,161,17,45,2025-05-28,2,732045,452000,0.2
2137,87,17,48,2025-10-25,4,725534,462000,0.15
2138,8,3,62,2025-01-23,2,230470,154000,0.15
2139,115,5,44,2024-07-30,2,533229,334000,0.1
2140,101,12,36,2025-10-27,5,236121,173000,0.0
2141,465,1,64,2025-10-15,4,81699,58000,0.2
2142,187,2,96,2024-07-26,5,110974,65000,0.05
2143,35,9,52,2025-06-03,1,107522,76000,0.1
2144,497,2,71,2024-03-22,5,899254,479000,0.2
2145,126,9,58,2024-09-10,5,282366,172000,0.2
2146,354,15,95,2024-08-21,2,377246,224000,0.05
2147,283,9,23,2024-09-29,1,435414,346000,0.2
2148,268,10,12,2024-05-15,2,200189,128000,0.0
2149,300,19,8,2024-09-06,2,506180,391000,0.05
2150,452,2,62,2025-07-03,4,230470,154000,0.0
2151,60,15,41,2025-05-04,1,579025,345000,0.05
2152,278,19,11,2024-04-12,4,501111,364000,0.05
2153,292,1,28,2024-11-03,5,158902,91000,0.15
2154,399,7,75,2025-03-29,4,615439,387000,0.0
2155,129,14,76,2024-01-01,5,67949,56000,0.15
2156,91,11,77,2025-10-08,3,92902,58000,0.15
2157,488,10,65,2024-10-17,4,173690,128000,0.2
2158,141,18,34,2024-12-15,5,886449,498000,0.05
2159,388,6,65,2024-04-24,3,173690,128000,0.15
2160,241,16,63,2025-06-05,1,639248,338000,0.1
2161,345,10,21,2025-03-18,2,527487,336000,0.0
2162,352,18,13,2025-10-15,4,670509,409000,0.1
2163,110,10,24,2024-08-25,2,510411,408000,0.0
2164,242,4,65,2025-06-27,3,173690,128000,0.1
2165,293,5,88,2024-08-03,3,141570,73000,0.2
2166,403,6,42,2025-02-09,2,387805,204000,0.05
2167,490,17,21,2024-11-29,5,527487,336000,0.05
2168,118,9,61,2024-10-02,5,184225,100000,0.15
2169,157,11,61,2024-05-28,3,184225,100000,0.1
2170,158,14,94,2025-04-05,3,98417,77000,0.1
2171,391,13,73,2024-01-06,4,148321,84000,0.15
2172,413,5,8,2025-10-23,4,506180,391000,0.1
2173,104,7,59,2025-12-22,3,468552,288000,0.0
2174,13,11,85,2025-01-17,3,572260,305000,0.1
2175,287,7,55,2025-07-25,4,78058,57000,0.1
2176,439,9,28,2025-03-26,5,158902,91000,0.2
2177,167,16,14,2024-06-13,1,615107,440000,0.05
2178,400,13,93,2024-02-17,5,781223,436000,0.15
2179,311,19,89,2024-10-13,4,273964,141000,0.05
2180,328,11,49,2024-02-27,1,432853,263000,0.0
2181,473,10,36,2025-03-24,5,236121,173000,0.1
2182,167,14,15,2024-03-16,4,564164,320000,0.05
2183,294,7,20,2024-11-02,2,188439,117000,0.2
2184,168,19,72,2024-09-08,1,531452,441000,0.15
2185,419,10,70,2025-06-27,3,651468,327000,0.2
2186,446,11,89,2024-03-10,1,273964,141000,0.05
2187,165,15,47,2024-07-07,4,325148,173000,0.05
2188,102,9,30,2024-12-07,4,836817,422000,0.1
2189,62,14,33,2024-05-23,5,420924,285000,0.0
2190,426,17,55,2024-02-19,4,78058,57000,0.15
2191,290,14,8,2024-01-17,5,506180,391000,0.1
2192,252,10,5,2025-07-05,5,501235,278000,0.1
2193,290,3,74,2024-03-18,3,481960,308000,0.0
2194,409,17,72,2024-06-11,1,531452,441000,0.2
2195,333,7,12,2025-09-16,5,200189,128000,0.15
2196,239,15,97,2024-10-10,1,246451,166000,0.15
2197,94,19,95,2024-03-15,2,377246,224000,0.1
2198,379,14,44,2025-12-10,4,533229,334000,0.2
2199,4,20,3,2024-10-27,4,285890,144000,0.2
2200,166,14,50,2024-08-18,1,244295,174000,0.0
2201,346,11,20,2025-08-21,3,188439,117000,0.05
2202,474,12,69,2025-08-11,4,214926,121000,0.05
2203,396,5,92,2024-07-12,5,759219,396000,0.05
2204,14,18,27,2024-04-13,3,381913,245000,0.05
2205,179,3,78,2025-07-07,1,201181,104000,0.05
2206,107,7,42,2025-11-04,3,387805,204000,0.05
2207,120,7,39,2024-10-04,2,275775,169000,0.15
2208,450,15,99,2024-05-20,3,754227,445000,0.0
2209,445,7,16,2025-03-30,4,150904,81000,0.0
2210,205,7,49,2025-03-25,1,432853,263000,0.15
2211,48,6,27,2024-05-07,4,381913,245000,0.2
2212,84,7,65,2024-05-04,5,173690,128000,0.2
2213,384,11,16,2025-01-01,4,150904,81000,0.2
2214,410,17,54,2024-04-02,2,295710,156000,0.05
2215,58,15,47,2025-06-04,4,325148,173000,0.1
2216,205,4,3,2025-03-06,1,285890,144000,0.15
2217,223,10,46,2024-03-07,3,181428,126000,0.1
2218,9,9,30,2025-04-27,1,836817,422000,0.15
2219,434,8,94,2024-05-24,3,98417,77000,0.0
2220,266,5,23,2024-05-11,5,435414,346000,0.0
2221,306,7,18,2024-03-03,4,542999,398000,0.0
2222,213,6,95,2025-09-24,3,377246,224000,0.1
2223,495,5,54,2025-06-15,2,295710,156000,0.05
2224,403,6,95,2024-04-22,2,377246,224000,0.1
2225,207,12,4,2024-11-09,4,213367,177000,0.05
2226,402,1,34,2024-01-30,5,886449,498000,0.1
2227,377,5,43,2024-02-05,1,288284,203000,0.15
2228,391,20,53,2025-01-21,1,269183,146000,0.2
2229,52,1,93,2024-06-10,5,781223,436000,0.05
2230,34,4,45,2025-03-05,2,732045,452000,0.0
2231,226,5,61,2025-07-03,4,184225,100000,0.15
2232,241,9,78,2025-05-02,1,201181,104000,0.1
2233,490,20,17,2025-01-09,3,195974,134000,0.2
2234,384,19,86,2025-05-19,1,619302,320000,0.15
2235,67,5,26,2025-06-11,2,579595,443000,0.05
2236,145,20,29,2025-02-17,1,147705,110000,0.0
2237,95,10,14,2024-09-13,2,615107,440000,0.05
2238,265,19,43,2025-06-16,4,288284,203000,0.2
2239,192,5,35,2025-03-08,2,801865,464000,0.1
2240,25,7,75,2025-10-09,1,615439,387000,0.15
2241,18,8,24,2025-10-11,1,510411,408000,0.05
2242,293,16,21,2024-01-12,4,527487,336000,0.1
2243,446,19,62,2025-10-05,3,230470,154000,0.05
2244,319,9,52,2025-04-09,4,107522,76000,0.05
2245,336,17,70,2024-10-13,4,651468,327000,0.0
2246,175,16,44,2024-09-18,3,533229,334000,0.05
2247,50,11,99,2025-11-10,5,754227,445000,0.15
2248,401,12,98,2024-03-05,5,252844,145000,0.1
2249,49,8,55,2024-05-09,1,78058,57000,0.2
2250,365,10,59,2025-07-17,1,468552,288000,0.0
2251,224,18,17,2025-04-08,3,195974,134000,0.1
2252,420,17,11,2025-02-11,5,501111,364000,0.05
2253,102,12,25,2024-01-18,2,356587,291000,0.05
2254,441,17,68,2025-07-30,5,380357,285000,0.05
2255,277,8,68,2025-01-06,1,380357,285000,0.2
2256,82,4,89,2025-01-18,5,273964,141000,0.05
2257,432,5,88,2024-08-19,2,141570,73000,0.2
2258,143,2,70,2024-07-26,5,651468,327000,0.15
2259,498,14,52,2025-06-18,3,107522,76000,0.15
2260,370,10,61,2024-05-19,4,184225,100000,0.1
2261,285,10,1,2025-12-26,1,234738,139000,0.1
2262,31,14,27,2024-03-09,5,381913,245000,0.2
2263,392,8,18,2024-06-13,2,542999,398000,0.15
2264,303,7,51,2025-02-04,2,525757,280000,0.15
2265,494,9,32,2024-08-19,3,484101,322000,0.0
2266,484,5,18,2025-08-22,4,542999,398000,0.0
2267,142,11,27,2025-11-19,4,381913,245000,0.05
2268,269,4,2,2024-11-14,1,457712,313000,0.2
2269,339,15,99,2024-08-25,5,754227,445000,0.15
2270,233,5,39,2025-09-16,1,275775,169000,0.2
2271,196,9,10,2024-02-11,3,728704,377000,0.1
2272,87,16,15,2025-08-22,4,564164,320000,0.15
2273,53,3,98,2025-06-19,3,252844,145000,0.05
2274,124,16,94,2025-01-06,5,98417,77000,0.2
2275,327,4,90,2024-02-28,4,260462,156000,0.15
2276,328,17,99,2024-09-14,3,754227,445000,0.1
2277,43,1,43,2024-12-31,4,288284,203000,0.1
2278,254,8,13,2025-08-22,4,670509,409000,0.05
2279,400,16,76,2024-04-16,4,67949,56000,0.1
2280,311,17,72,2025-01-19,5,531452,441000,0.2
2281,56,19,86,2025-09-08,4,619302,320000,0.0
2282,61,8,83,2024-04-07,1,147849,97000,0.2
2283,418,13,47,2025-03-07,5,325148,173000,0.2
2284,404,15,92,2025-10-24,1,759219,396000,0.1
2285,482,13,59,2024-02-08,5,468552,288000,0.2
2286,291,6,81,2024-08-09,4,402769,257000,0.0
2287,472,14,4,2024-10-26,3,213367,177000,0.0
2288,420,12,4,2025-01-02,4,213367,177000,0.1
2289,402,2,46,2025-04-01,2,181428,126000,0.1
2290,108,18,42,2024-06-13,4,387805,204000,0.1
2291,386,12,99,2025-02-14,5,754227,445000,0.1
2292,171,12,100,2024-04-01,2,130122,92000,0.15
2293,425,10,79,2024-11-20,5,250982,148000,0.05
2294,319,16,13,2024-11-16,1,670509,409000,0.15
2295,136,16,82,2024-07-26,2,354688,203000,0.15
2296,387,6,45,2025-01-05,3,732045,452000,0.15
2297,98,19,22,2024-04-24,3,353698,252000,0.0
2298,388,18,40,2024-10-30,5,612399,307000,0.2
2299,357,3,69,2025-09-25,2,214926,121000,0.15
2300,307,13,26,2025-12-29,1,579595,443000,0.0
2301,182,13,34,2025-06-29,2,886449,498000,0.1
2302,315,19,18,2024-10-27,4,542999,398000,0.0
2303,423,2,11,2025-03-29,3,501111,364000,0.05
2304,141,1,32,2025-11-14,5,484101,322000,0.05
2305,449,8,64,2024-09-08,2,81699,58000,0.05
2306,152,8,57,2024-01-13,2,683509,406000,0.05
2307,213,18,3,2025-03-25,5,285890,144000,0.15
2308,96,17,71,2025-02-26,5,899254,479000,0.05
2309,383,9,75,2025-01-31,4,615439,387000,0.2
2310,190,12,91,2025-03-17,3,128108,89000,0.1
2311,40,5,31,2024-12-31,3,317221,202000,0.2
2312,66,4,42,2025-08-15,2,387805,204000,0.2
2313,54,20,65,2024-11-17,4,173690,128000,0.2
2314,239,9,30,2024-08-17,3,836817,422000,0.2
2315,225,16,74,2025-09-25,1,481960,308000,0.15
2316,12,18,76,2024-06-24,4,67949,56000,0.0
2317,245,5,58,2024-12-21,5,282366,172000,0.0
2318,292,9,9,2024-10-09,3,449456,257000,0.0
2319,221,5,94,2025-05-17,1,98417,77000,0.2
2320,276,10,51,2024-11-13,2,525757,280000,0.15
2321,485,14,43,2025-06-04,2,288284,203000,0.2
2322,442,1,19,2024-11-18,5,484036,311000,0.2
2323,62,3,79,2025-08-24,1,250982,148000,0.1
2324,374,6,79,2025-02-27,1,250982,148000,0.2
2325,397,6,94,2025-09-07,2,98417,77000,0.05
2326,170,3,24,2024-05-02,1,510411,408000,0.15
2327,486,13,13,2025-12-18,4,670509,409000,0.2
2328,434,11,53,2024-05-21,4,269183,146000,0.15
2329,91,14,24,2024-12-29,1,510411,408000,0.1
2330,134,13,33,2024-07-07,4,420924,285000,0.0
2331,325,3,26,2025-10-24,2,579595,443000,0.1
2332,132,1,44,2025-06-20,4,533229,334000,0.0
2333,350,12,78,2024-03-01,1,201181,104000,0.2
2334,7,1,13,2025-06-25,2,670509,409000,0.0
2335,410,19,42,2024-01-29,4,387805,204000,0.1
2336,97,20,73,2024-06-25,3,148321,84000,0.0
2337,500,12,64,2024-08-11,2,81699,58000,0.2
2338,294,6,13,2025-01-18,2,670509,409000,0.2
2339,417,15,57,2024-06-01,2,683509,406000,0.2
2340,455,4,4,2025-07-04,5,213367,177000,0.0
2341,350,6,40,2024-12-23,3,612399,307000,0.0
2342,255,7,76,2024-04-12,5,67949,56000,0.05
2343,481,15,78,2024-12-11,2,201181,104000,0.2
2344,484,4,85,2025-04-03,5,572260,305000,0.15
2345,127,12,86,2024-12-12,5,619302,320000,0.0
2346,407,13,19,2024-07-11,2,484036,311000,0.15
2347,416,19,6,2025-05-06,3,618850,348000,0.0
2348,336,11,13,2025-11-10,5,670509,409000,0.0
2349,273,17,68,2025-12-20,5,380357,285000,0.2
2350,165,5,51,2024-10-16,5,525757,280000,0.05
2351,219,13,58,2025-10-03,2,282366,172000,0.1
2352,13,16,56,2025-05-17,4,863852,432000,0.0
2353,313,13,14,2025-05-10,3,615107,440000,0.2
2354,358,2,40,2025-12-01,4,612399,307000,0.1
2355,158,19,68,2024-04-01,1,380357,285000,0.05
2356,329,11,96,2024-06-26,5,110974,65000,0.2
2357,25,10,95,2024-01-29,1,377246,224000,0.2
2358,27,14,50,2025-07-04,2,244295,174000,0.1
2359,261,12,95,2024-07-01,5,377246,224000,0.2
2360,235,6,88,2024-04-11,1,141570,73000,0.05
2361,254,7,29,2024-07-27,3,147705,110000,0.0
2362,473,13,74,2024-02-16,5,481960,308000,0.0
2363,464,8,27,2024-01-05,1,381913,245000,0.1
2364,424,8,85,2025-02-03,3,572260,305000,0.05
2365,73,20,48,2024-06-08,4,725534,462000,0.0
2366,349,19,32,2025-03-08,5,484101,322000,0.1
2367,378,9,91,2025-10-31,3,128108,89000,0.05
2368,194,9,53,2025-02-27,1,269183,146000,0.15
2369,6,13,25,2025-09-06,4,356587,291000,0.1
2370,354,8,6,2025-11-09,4,618850,348000,0.05
2371,462,16,10,2024-06-11,1,728704,377000,0.0
2372,86,9,9,2024-12-01,2,449456,257000,0.2
2373,147,10,88,2025-07-03,4,141570,73000,0.1
2374,203,7,73,2024-05-02,3,148321,84000,0.0
2375,66,17,12,2024-07-24,5,200189,128000,0.15
2376,58,8,5,2024-04-21,4,501235,278000,0.15
2377,391,3,5,2024-03-26,4,501235,278000,0.05
2378,225,5,31,2025-01-14,4,317221,202000,0.2
2379,479,17,57,2025-11-09,5,683509,406000,0.0
2380,23,19,99,2024-11-21,2,754227,445000,0.05
2381,472,6,2,2024-09-13,2,457712,313000,0.1
2382,29,13,45,2025-10-21,4,732045,452000,0.05
2383,33,8,49,2025-06-01,2,432853,263000,0.1
2384,370,15,24,2025-11-04,2,510411,408000,0.1
2385,309,17,4,2024-09-08,4,213367,177000,0.0
2386,281,11,37,2024-05-26,5,466547,278000,0.05
2387,266,18,8,2025-02-23,1,506180,391000,0.0
2388,190,2,3,2024-11-25,5,285890,144000,0.05
2389,196,1,19,2024-01-07,1,484036,311000,0.05
2390,62,8,73,2025-08-03,1,148321,84000,0.15
2391,38,1,98,2025-07-12,1,252844,145000,0.2
2392,198,10,84,2025-10-22,4,133333,78000,0.2
2393,467,8,88,2025-04-05,5,141570,73000,0.15
2394,177,15,88,2024-09-13,4,141570,73000,0.2
2395,451,12,62,2025-07-03,2,230470,154000,0.15
2396,375,6,29,2025-10-14,2,147705,110000,0.1
2397,379,1,50,2025-01-11,3,244295,174000,0.05
2398,236,14,56,2024-02-13,3,863852,432000,0.05
2399,65,12,91,2025-02-15,5,128108,89000,0.05
2400,236,15,27,2025-03-03,4,381913,245000,0.15
2401,173,11,57,2025-01-07,4,683509,406000,0.15
2402,106,8,86,2025-06-26,4,619302,320000,0.05
2403,486,20,28,2024-07-18,2,158902,91000,0.2
2404,192,10,47,2025-02-22,4,325148,173000,0.2
2405,56,18,28,2025-04-26,4,158902,91000,0.05
2406,212,2,84,2025-09-30,4,133333,78000,0.1
2407,456,6,26,2025-07-18,2,579595,443000,0.1
2408,93,15,85,2025-03-18,4,572260,305000,0.2
2409,342,6,4,2025-08-04,2,213367,177000,0.15
2410,206,19,35,2025-10-18,5,801865,464000,0.05
2411,240,8,26,2024-11-20,2,579595,443000,0.15
2412,313,20,95,2024-11-19,2,377246,224000,0.15
2413,44,1,68,2024-03-07,1,380357,285000,0.0
2414,161,12,2,2024-04-02,1,457712,313000,0.1
2415,431,3,26,2024-11-10,2,579595,443000,0.05
2416,464,15,47,2025-08-20,5,325148,173000,0.1
2417,156,4,61,2024-10-23,3,184225,100000,0.05
2418,213,4,72,2024-06-16,2,531452,441000,0.05
2419,288,18,69,2024-06-11,5,214926,121000,0.15
2420,435,8,81,2025-12-07,4,402769,257000,0.1
2421,387,2,15,2024-04-09,2,564164,320000,0.15
2422,245,6,18,2025-01-23,4,542999,398000,0.15
2423,419,12,99,2025-12-05,1,754227,445000,0.2
2424,230,1,57,2024-07-05,5,683509,406000,0.2
2425,44,12,63,2024-12-13,5,639248,338000,0.1
2426,154,13,9,2025-10-01,2,449456,257000,0.05
2427,165,10,20,2025-10-11,1,188439,117000,0.05
2428,410,16,92,2025-09-09,1,759219,396000,0.1
2429,87,12,3,2025-03-03,5,285890,144000,0.2
2430,267,1,33,2024-10-13,2,420924,285000,0.2
2431,333,8,63,2024-02-23,3,639248,338000,0.05
2432,222,11,90,2025-04-04,3,260462,156000,0.1
2433,42,11,6,2025-11-06,3,618850,348000,0.15
2434,6,19,71,2025-10-01,1,899254,479000,0.05
2435,464,16,3,2024-07-23,3,285890,144000,0.15
2436,345,9,49,2025-12-12,4,432853,263000,0.0
2437,412,17,90,2025-01-10,4,260462,156000,0.1
2438,483,12,55,2024-05-15,4,78058,57000,0.1
2439,251,10,93,2024-07-16,3,781223,436000,0.2
2440,44,11,35,2025-11-18,1,801865,464000,0.15
2441,413,4,66,2024-05-11,1,636541,341000,0.0
2442,34,5,32,2025-01-17,1,484101,322000,0.05
2443,5,1,74,2024-03-18,2,481960,308000,0.0
2444,80,19,95,2024-03-13,3,377246,224000,0.2
2445,55,20,81,2025-11-11,4,402769,257000,0.1
2446,471,3,16,2024-07-23,1,150904,81000,0.05
2447,222,8,24,2024-01-04,1,510411,408000,0.0
2448,165,17,27,2025-01-31,1,381913,245000,0.0
2449,254,20,25,2025-12-26,4,356587,291000,0.05
2450,375,19,91,2024-10-21,2,128108,89000,0.15
2451,4,3,8,2025-06-03,4,506180,391000,0.05
2452,450,18,23,2024-05-27,2,435414,346000,0.1
2453,390,3,74,2025-12-20,2,481960,308000,0.0
2454,84,13,25,2024-08-21,2,356587,291000,0.1
2455,212,17,82,2025-09-07,5,354688,203000,0.1
2456,129,12,82,2025-03-12,3,354688,203000,0.05
2457,336,9,95,2024-01-08,2,377246,224000,0.2
2458,33,16,37,2024-03-04,2,466547,278000,0.0
2459,41,15,45,2025-03-16,1,732045,452000,0.2
2460,395,12,2,2025-08-25,1,457712,313000,0.1
2461,135,11,90,2025-08-05,5,260462,156000,0.0
2462,256,10,58,2025-01-14,3,282366,172000,0.15
2463,382,7,98,2025-07-13,4,252844,145000,0.1
2464,354,12,30,2024-02-13,5,836817,422000,0.05
2465,473,13,53,2024-11-28,4,269183,146000,0.15
2466,73,13,60,2024-06-05,4,272251,183000,0.15
2467,196,5,54,2024-11-20,1,295710,156000,0.05
2468,406,6,52,2025-03-20,3,107522,76000,0.0
2469,49,1,20,2024-08-10,5,188439,117000,0.05
2470,173,7,51,2024-10-04,4,525757,280000,0.05
2471,156,18,3,2024-06-11,4,285890,144000,0.15
2472,311,16,36,2025-05-13,2,236121,173000,0.05
2473,497,2,56,2025-05-14,4,863852,432000,0.05
2474,362,16,46,2024-11-27,1,181428,126000,0.0
2475,266,16,78,2024-08-28,3,201181,104000,0.05
2476,490,10,28,2024-01-14,4,158902,91000,0.15
2477,160,20,81,2025-10-07,2,402769,257000,0.1
2478,67,17,55,2025-09-05,5,78058,57000,0.0
2479,443,5,37,2025-12-06,3,466547,278000,0.1
2480,10,15,48,2024-03-05,5,725534,462000,0.15
2481,484,11,48,2024-08-02,4,725534,462000,0.05
2482,469,16,89,2025-10-11,2,273964,141000,0.1
2483,407,11,36,2025-08-14,5,236121,173000,0.1
2484,401,19,90,2024-11-25,2,260462,156000,0.05
2485,417,8,30,2024-08-30,5,836817,422000,0.2
2486,161,17,63,2024-01-20,5,639248,338000,0.15
2487,165,3,13,2025-09-30,4,670509,409000,0.05
2488,462,9,68,2025-09-09,4,380357,285000,0.15
2489,406,9,9,2024-07-16,4,449456,257000,0.15
2490,243,8,92,2024-03-01,2,759219,396000,0.1
2491,423,20,29,2024-12-30,1,147705,110000,0.1
2492,490,11,62,2024-10-06,5,230470,154000,0.05
2493,103,7,63,2025-07-03,3,639248,338000,0.2
2494,376,2,77,2024-10-29,5,92902,58000,0.0
2495,145,8,95,2025-05-31,2,377246,224000,0.2
2496,134,7,49,2024-11-01,4,432853,263000,0.0
2497,334,14,19,2024-01-30,3,484036,311000,0.0
2498,229,13,11,2024-05-31,3,501111,364000,0.15
2499,389,11,72,2025-03-30,2,531452,441000,0.2
2500,102,20,14,2024-10-09,3,615107,440000,0.15
2501,66,11,59,2025-08-23,3,468552,288000,0.05
2502,283,16,3,2024-11-30,1,285890,144000,0.0
2503,282,1,48,2025-01-19,2,725534,462000,0.1
2504,92,11,81,2025-02-09,4,402769,257000,0.1
2505,290,19,79,2024-11-27,1,250982,148000,0.1
2506,68,16,6,2025-12-31,5,618850,348000,0.0
2507,53,17,9,2024-06-04,1,449456,257000,0.05
2508,498,12,21,2025-01-03,2,527487,336000,0.0
2509,385,3,44,2024-12-17,1,533229,334000,0.15
2510,269,14,64,2024-03-04,4,81699,58000,0.2
2511,422,3,83,2025-07-15,4,147849,97000,0.05
2512,391,9,27,2024-04-28,4,381913,245000,0.05
2513,350,18,30,2025-10-22,2,836817,422000,0.0
2514,22,2,4,2025-05-05,1,213367,177000,0.05
2515,257,11,29,2024-05-20,2,147705,110000,0.05
2516,262,10,42,2024-01-20,4,387805,204000,0.15
2517,35,2,64,2025-07-17,1,81699,58000,0.15
2518,118,19,26,2024-08-01,5,579595,443000,0.0
2519,42,19,63,2025-12-19,1,639248,338000,0.1
2520,109,5,48,2025-02-10,5,725534,462000,0.05
2521,137,18,69,2024-10-15,1,214926,121000,0.2
2522,428,7,48,2024-06-12,5,725534,462000,0.15
2523,101,11,97,2024-12-08,5,246451,166000,0.1
2524,147,15,34,2025-10-28,4,886449,498000,0.0
2525,344,17,4,2025-10-29,4,213367,177000,0.2
2526,58,2,99,2024-07-08,4,754227,445000,0.05
2527,389,19,50,2024-07-23,1,244295,174000,0.05
2528,419,10,95,2025-08-30,3,377246,224000,0.05
2529,321,8,47,2025-10-25,4,325148,173000,0.0
2530,13,10,73,2025-06-07,3,148321,84000,0.05
2531,106,16,2,2024-12-07,2,457712,313000,0.05
2532,201,20,93,2025-04-13,4,781223,436000,0.1
2533,288,20,97,2025-05-06,2,246451,166000,0.15
2534,55,1,37,2025-09-23,2,466547,278000,0.0
2535,485,9,4,2024-01-12,5,213367,177000,0.0
2536,374,19,1,2025-01-25,3,234738,139000,0.15
2537,111,7,21,2025-01-11,1,527487,336000,0.0
2538,214,1,55,2024-10-13,3,78058,57000,0.0
2539,73,9,39,2024-11-05,1,275775,169000,0.0
2540,382,1,59,2025-10-13,2,468552,288000,0.0
2541,45,8,61,2024-04-25,2,184225,100000,0.0
2542,139,1,59,2024-10-06,5,468552,288000,0.2
2543,375,5,90,2024-03-05,5,260462,156000,0.15
2544,194,1,28,2025-11-25,1,158902,91000,0.15
2545,212,6,5,2025-04-21,4,501235,278000,0.15
2546,33,9,2,2025-11-03,5,457712,313000,0.0
2547,411,9,91,2024-07-26,3,128108,89000,0.15
2548,354,15,4,2024-08-28,3,213367,177000,0.05
2549,287,16,1,2025-03-21,1,234738,139000,0.2
2550,46,20,30,2025-01-07,1,836817,422000,0.1
2551,84,12,48,2025-07-11,4,725534,462000,0.15
2552,75,11,85,2025-07-07,3,572260,305000,0.2
2553,298,13,95,2024-06-27,3,377246,224000,0.15
2554,76,16,48,2024-10-26,4,725534,462000,0.1
2555,493,14,87,2025-01-03,5,866392,494000,0.15
2556,171,12,12,2024-05-20,5,200189,128000,0.1
2557,442,6,83,2025-07-06,4,147849,97000,0.15
2558,75,20,6,2025-10-02,3,618850,348000,0.2
2559,72,7,44,2025-08-10,5,533229,334000,0.05
2560,451,4,89,2025-03-05,4,273964,141000,0.0
2561,54,19,65,2025-06-16,5,173690,128000,0.0
2562,483,6,1,2025-11-11,3,234738,139000,0.2
2563,60,11,95,2025-05-15,2,377246,224000,0.1
2564,268,13,94,2025-02-08,3,98417,77000,0.2
2565,353,4,29,2025-02-21,5,147705,110000,0.1
2566,459,7,29,2025-12-11,4,147705,110000,0.05
2567,254,5,92,2024-04-20,1,759219,396000,0.2
2568,156,7,10,2025-02-19,3,728704,377000,0.05
2569,9,1,70,2024-01-25,1,651468,327000,0.05
2570,424,3,38,2024-07-09,1,313675,175000,0.05
2571,217,12,9,2024-05-01,3,449456,257000,0.15
2572,306,10,85,2025-12-15,4,572260,305000,0.0
2573,156,14,44,2024-08-01,4,533229,334000,0.1
2574,315,19,80,2025-10-12,5,341486,186000,0.15
2575,164,12,6,2025-05-26,4,618850,348000,0.0
2576,386,18,4,2025-01-27,3,213367,177000,0.15
2577,301,20,99,2025-12-06,1,754227,445000,0.15
2578,20,16,45,2025-01-24,4,732045,452000,0.0
2579,279,3,98,2024-09-15,1,252844,145000,0.15
2580,195,11,11,2025-04-10,2,501111,364000,0.0
2581,166,10,31,2024-02-05,5,317221,202000,0.15
2582,211,4,71,2025-09-20,4,899254,479000,0.05
2583,400,1,2,2025-11-22,2,457712,313000,0.2
2584,93,15,65,2025-05-29,4,173690,128000,0.0
2585,335,2,36,2025-07-02,5,236121,173000,0.15
2586,265,16,33,2025-12-15,5,420924,285000,0.0
2587,21,10,23,2024-06-15,4,435414,346000,0.1
2588,352,5,77,2024-04-22,3,92902,58000,0.15
2589,128,1,10,2025-05-12,2,728704,377000,0.15
2590,155,6,50,2024-02-14,2,244295,174000,0.15
2591,118,15,29,2025-05-20,3,147705,110000,0.2
2592,72,5,90,2024-06-17,1,260462,156000,0.0
2593,225,16,95,2024-01-25,5,377246,224000,0.2
2594,269,12,47,2025-12-26,4,325148,173000,0.0
2595,243,2,82,2025-03-04,5,354688,203000,0.0
2596,217,3,36,2025-12-19,4,236121,173000,0.2
2597,184,16,9,2025-11-11,1,449456,257000,0.1
2598,62,1,52,2024-05-20,5,107522,76000,0.05
2599,341,7,21,2024-07-10,1,527487,336000,0.2
2600,135,16,58,2025-07-24,5,282366,172000,0.1
2601,60,18,9,2025-02-27,2,449456,257000,0.2
2602,154,5,6,2024-05-30,2,618850,348000,0.05
2603,31,17,96,2025-01-15,4,110974,65000,0.0
2604,137,19,2,2025-11-12,1,457712,313000,0.2
2605,164,8,68,2024-05-20,1,380357,285000,0.1
2606,244,16,62,2025-11-10,2,230470,154000,0.05
2607,199,18,62,2024-06-25,2,230470,154000,0.0
2608,342,5,82,2024-05-29,5,354688,203000,0.0
2609,263,3,66,2025-05-04,2,636541,341000,0.0
2610,386,14,73,2025-10-03,2,148321,84000,0.05
2611,209,2,81,2024-09-25,3,402769,257000,0.05
2612,400,13,97,2024-11-24,4,246451,166000,0.0
2613,231,20,4,2025-02-04,2,213367,177000,0.1
2614,487,17,29,2025-09-21,2,147705,110000,0.15
2615,267,10,53,2025-09-05,2,269183,146000,0.05
2616,16,14,64,2025-09-06,1,81699,58000,0.15
2617,457,5,9,2025-12-22,5,449456,257000,0.0
2618,202,9,99,2024-10-11,1,754227,445000,0.1
2619,310,11,60,2025-07-02,3,272251,183000,0.1
2620,198,19,40,2025-05-14,4,612399,307000,0.2
2621,339,19,89,2025-09-05,5,273964,141000,0.2
2622,355,16,18,2024-04-03,4,542999,398000,0.1
2623,324,3,44,2025-09-23,5,533229,334000,0.2
2624,305,17,33,2024-10-22,3,420924,285000,0.1
2625,290,7,30,2024-09-02,3,836817,422000,0.1
2626,266,14,45,2024-12-09,3,732045,452000,0.05
2627,343,7,36,2025-03-10,3,236121,173000,0.2
2628,152,7,99,2025-12-05,5,754227,445000,0.05
2629,165,7,88,2025-07-20,3,141570,73000,0.2
2630,61,10,60,2024-06-26,5,272251,183000,0.2
2631,405,11,82,2025-09-04,2,354688,203000,0.05
2632,201,16,24,2024-09-08,4,510411,408000,0.1
2633,276,11,92,2025-04-15,3,759219,396000,0.2
2634,130,4,19,2024-03-14,3,484036,311000,0.2
2635,35,7,49,2024-01-04,5,432853,263000,0.15
2636,299,9,33,2025-07-17,4,420924,285000,0.15
2637,137,2,66,2024-07-22,5,636541,341000,0.15
2638,244,14,55,2024-04-20,4,78058,57000,0.2
2639,93,4,50,2024-05-23,3,244295,174000,0.0
2640,143,4,47,2024-03-12,1,325148,173000,0.0
2641,402,4,71,2024-05-10,5,899254,479000,0.1
2642,457,19,96,2024-02-10,4,110974,65000,0.05
2643,320,9,8,2024-12-11,1,506180,391000,0.0
2644,113,20,37,2024-08-24,4,466547,278000,0.05
2645,182,8,78,2025-07-19,5,201181,104000,0.1
2646,163,8,20,2025-08-21,1,188439,117000,0.2
2647,316,1,22,2025-07-08,4,353698,252000,0.05
2648,499,9,21,2025-09-20,1,527487,336000,0.2
2649,433,14,63,2024-09-09,1,639248,338000,0.0
2650,85,6,29,2025-09-16,2,147705,110000,0.15
2651,123,10,29,2024-01-04,3,147705,110000,0.0
2652,229,7,56,2025-01-30,5,863852,432000,0.2
2653,365,15,30,2025-02-22,1,836817,422000,0.0
2654,385,13,57,2025-09-21,2,683509,406000,0.15
2655,452,16,3,2024-07-29,5,285890,144000,0.1
2656,11,16,56,2024-11-25,5,863852,432000,0.1
2657,311,7,65,2025-03-28,5,173690,128000,0.15
2658,429,13,48,2025-09-07,2,725534,462000,0.0
2659,161,12,22,2024-08-11,4,353698,252000,0.05
2660,461,8,52,2024-10-24,3,107522,76000,0.05
2661,352,19,49,2024-01-25,5,432853,263000,0.15
2662,410,1,32,2025-12-31,1,484101,322000,0.15
2663,196,1,50,2025-01-03,5,244295,174000,0.1
2664,46,14,63,2025-03-10,4,639248,338000,0.15
2665,188,9,33,2024-10-02,3,420924,285000,0.05
2666,438,19,62,2024-08-12,2,230470,154000,0.05
2667,415,7,83,2025-06-27,5,147849,97000,0.2
2668,390,8,5,2024-02-19,4,501235,278000,0.1
2669,357,18,12,2025-09-22,2,200189,128000,0.0
2670,478,9,7,2025-06-21,3,571254,384000,0.0
2671,440,14,58,2024-05-25,2,282366,172000,0.1
2672,160,6,36,2025-02-23,2,236121,173000,0.05
2673,318,2,67,2024-04-04,1,327734,181000,0.05
2674,241,14,74,2025-07-15,2,481960,308000,0.1
2675,309,3,22,2024-07-19,2,353698,252000,0.0
2676,274,4,9,2024-07-02,1,449456,257000,0.1
2677,371,6,100,2025-01-12,4,130122,92000,0.2
2678,403,1,20,2024-09-08,5,188439,117000,0.05
2679,417,1,42,2025-06-09,2,387805,204000,0.1
2680,70,6,65,2025-02-07,5,173690,128000,0.0
2681,124,20,7,2024-05-15,4,571254,384000,0.05
2682,126,15,48,2025-04-18,5,725534,462000,0.1
2683,328,20,23,2024-06-14,1,435414,346000,0.05
2684,70,1,97,2025-01-21,1,246451,166000,0.0
2685,347,13,37,2025-05-16,4,466547,278000,0.2
2686,239,17,71,2025-06-21,5,899254,479000,0.15
2687,385,9,46,2025-02-18,5,181428,126000,0.2
2688,440,16,68,2025-05-30,4,380357,285000,0.05
2689,308,12,17,2024-03-16,1,195974,134000,0.05
2690,196,13,39,2025-02-26,1,275775,169000,0.2
2691,250,7,39,2024-11-18,3,275775,169000,0.0
2692,397,5,97,2025-03-21,1,246451,166000,0.05
2693,407,10,58,2025-10-26,5,282366,172000,0.05
2694,462,8,51,2024-01-17,2,525757,280000,0.05
2695,239,15,57,2025-02-12,3,683509,406000,0.15
2696,213,2,48,2024-05-13,2,725534,462000,0.15
2697,192,2,32,2024-10-29,2,484101,322000,0.0
2698,447,14,45,2025-10-31,4,732045,452000,0.15
2699,421,17,10,2024-12-29,5,728704,377000,0.1
2700,35,12,71,2025-05-05,4,899254,479000,0.0
2701,85,1,43,2025-06-02,2,288284,203000,0.1
2702,31,1,13,2024-10-03,2,670509,409000,0.2
2703,13,15,66,2025-01-15,2,636541,341000,0.2
2704,178,20,52,2025-04-16,3,107522,76000,0.2
2705,411,17,42,2024-02-22,3,387805,204000,0.1
2706,222,17,75,2025-05-14,1,615439,387000,0.15
2707,35,5,5,2025-06-02,5,501235,278000,0.2
2708,137,5,49,2025-10-12,3,432853,263000,0.15
2709,197,9,19,2025-09-23,2,484036,311000,0.0
2710,156,1,51,2024-02-15,2,525757,280000,0.0
2711,100,14,18,2025-08-05,2,542999,398000,0.15
2712,131,7,20,2025-08-04,4,188439,117000,0.2
2713,136,16,1,2024-02-08,1,234738,139000,0.05
2714,474,16,9,2024-06-18,2,449456,257000,0.15
2715,316,12,15,2024-12-16,1,564164,320000,0.15
2716,281,11,61,2025-07-25,3,184225,100000,0.2
2717,342,19,81,2024-06-08,3,402769,257000,0.2
2718,116,1,67,2024-09-08,3,327734,181000,0.2
2719,482,17,56,2024-12-02,4,863852,432000,0.1
2720,488,19,39,2024-02-22,4,275775,169000,0.15
2721,285,8,39,2024-05-31,3,275775,169000,0.0
2722,475,4,29,2024-06-05,2,147705,110000,0.15
2723,212,13,90,2025-01-06,5,260462,156000,0.2
2724,42,8,54,2024-11-02,5,295710,156000,0.1
2725,34,11,21,2025-11-09,5,527487,336000,0.15
2726,79,14,8,2025-03-18,4,506180,391000,0.15
2727,61,10,61,2025-01-14,1,184225,100000,0.1
2728,302,7,31,2025-02-09,4,317221,202000,0.15
2729,125,20,52,2024-10-20,4,107522,76000,0.05
2730,168,19,22,2025-09-04,3,353698,252000,0.05
2731,43,1,49,2024-03-25,1,432853,263000,0.0
2732,460,3,20,2025-05-19,5,188439,117000,0.15
2733,242,6,90,2024-01-03,2,260462,156000,0.0
2734,348,12,5,2025-01-10,2,501235,278000,0.1
2735,85,10,86,2024-02-11,5,619302,320000,0.0
2736,43,2,43,2025-08-19,1,288284,203000,0.0
2737,460,13,79,2024-06-23,1,250982,148000,0.05
2738,150,20,63,2025-08-30,1,639248,338000,0.1
2739,71,3,68,2024-10-18,1,380357,285000,0.2
2740,330,17,60,2024-06-10,5,272251,183000,0.1
2741,353,10,13,2024-08-17,4,670509,409000,0.2
2742,84,16,5,2025-11-11,4,501235,278000,0.1
2743,151,13,58,2024-11-09,3,282366,172000,0.2
2744,168,7,54,2025-11-13,2,295710,156000,0.1
2745,80,2,31,2025-12-21,4,317221,202000,0.05
2746,76,4,11,2024-04-30,1,501111,364000,0.2
2747,145,11,58,2024-03-16,2,282366,172000,0.05
2748,368,16,89,2024-09-01,3,273964,141000,0.2
2749,343,18,56,2025-10-21,4,863852,432000,0.0
2750,108,16,94,2025-12-27,5,98417,77000,0.1
2751,201,7,84,2024-06-09,1,133333,78000,0.1
2752,431,9,45,2024-02-02,1,732045,452000,0.0
2753,338,13,50,2025-04-19,2,244295,174000,0.15
2754,418,11,91,2024-05-16,3,128108,89000,0.15
2755,445,6,96,2025-08-03,4,110974,65000,0.1
2756,48,16,1,2025-03-01,2,234738,139000,0.1
2757,123,17,43,2024-05-23,2,288284,203000,0.0
2758,370,6,78,2024-07-26,4,201181,104000,0.1
2759,185,11,54,2025-10-08,1,295710,156000,0.0
2760,54,16,79,2024-01-03,3,250982,148000,0.1
2761,76,11,99,2024-08-04,5,754227,445000,0.05
2762,201,17,88,2025-06-27,5,141570,73000,0.1
2763,223,2,76,2024-07-20,5,67949,56000,0.2
2764,276,15,59,2024-10-24,5,468552,288000,0.2
2765,209,19,6,2024-01-19,3,618850,348000,0.1
2766,476,15,81,2025-03-03,1,402769,257000,0.15
2767,428,19,78,2024-11-18,5,201181,104000,0.05
2768,457,2,29,2024-11-03,4,147705,110000,0.1
2769,136,1,30,2025-02-08,5,836817,422000,0.1
2770,488,15,68,2024-08-15,2,380357,285000,0.0
2771,25,3,31,2025-03-16,4,317221,202000,0.0
2772,9,17,36,2025-03-02,5,236121,173000,0.2
2773,27,16,94,2025-11-10,3,98417,77000,0.2
2774,283,10,75,2025-11-08,2,615439,387000,0.2
2775,288,11,100,2025-02-02,1,130122,92000,0.05
2776,351,14,23,2024-01-15,5,435414,346000,0.05
2777,11,4,11,2025-05-06,3,501111,364000,0.05
2778,150,9,17,2025-11-04,3,195974,134000,0.05
2779,374,6,54,2024-07-27,2,295710,156000,0.15
2780,278,18,47,2024-11-12,1,325148,173000,0.1
2781,448,4,82,2024-06-08,1,354688,203000,0.0
2782,495,6,1,2024-10-03,2,234738,139000,0.0
2783,257,18,15,2024-05-04,4,564164,320000,0.1
2784,343,20,60,2025-05-07,5,272251,183000,0.0
2785,181,6,36,2024-04-04,1,236121,173000,0.1
2786,372,1,50,2024-09-13,2,244295,174000,0.2
2787,75,11,80,2024-06-15,1,341486,186000,0.0
2788,246,12,21,2024-07-17,5,527487,336000,0.2
2789,54,17,4,2025-03-18,3,213367,177000,0.15
2790,98,20,100,2024-06-20,4,130122,92000,0.05
2791,35,8,82,2025-12-15,4,354688,203000,0.2
2792,199,11,85,2025-04-13,4,572260,305000,0.2
2793,19,15,83,2024-02-12,3,147849,97000,0.05
2794,9,12,25,2024-12-29,1,356587,291000,0.2
2795,497,11,84,2024-01-08,3,133333,78000,0.15
2796,305,17,60,2024-04-08,1,272251,183000,0.05
2797,243,16,72,2024-05-19,1,531452,441000,0.2
2798,320,2,71,2024-05-02,5,899254,479000,0.1
2799,275,14,82,2024-11-15,3,354688,203000,0.05
2800,481,10,38,2024-02-26,1,313675,175000,0.0
2801,79,9,86,2025-01-23,2,619302,320000,0.1
2802,187,3,44,2025-06-27,4,533229,334000,0.0
2803,12,1,64,2025-02-20,3,81699,58000,0.1
2804,48,5,37,2025-12-29,3,466547,278000,0.05
2805,186,4,68,2024-04-12,5,380357,285000,0.2
2806,455,4,13,2024-11-21,3,670509,409000,0.1
2807,410,3,24,2025-08-19,5,510411,408000,0.05
2808,431,18,30,2024-11-14,1,836817,422000,0.1
2809,282,19,97,2025-12-30,5,246451,166000,0.0
2810,337,10,89,2025-07-19,5,273964,141000,0.1
2811,471,14,13,2024-11-15,4,670509,409000,0.0
2812,71,3,12,2024-02-23,3,200189,128000,0.1
2813,457,16,13,2024-04-19,5,670509,409000,0.0
2814,278,4,6,2025-02-19,4,618850,348000,0.1
2815,459,8,34,2025-07-28,2,886449,498000,0.2
2816,333,19,11,2024-07-08,3,501111,364000,0.05
2817,112,5,90,2025-04-26,1,260462,156000,0.0
2818,3,17,22,2025-02-21,5,353698,252000,0.05
2819,281,8,35,2025-05-19,5,801865,464000,0.05
2820,342,13,8,2025-09-19,4,506180,391000,0.05
2821,70,13,25,2024-12-18,5,356587,291000,0.1
2822,138,8,76,2024-10-21,4,67949,56000,0.2
2823,332,20,79,2024-09-18,1,250982,148000,0.15
2824,303,7,64,2025-02-19,1,81699,58000,0.0
2825,95,19,96,2025-08-13,3,110974,65000,0.05
2826,21,8,16,2025-12-29,2,150904,81000,0.05
2827,203,5,32,2025-12-01,1,484101,322000,0.0
2828,2,7,28,2025-08-11,3,158902,91000,0.0
2829,55,11,92,2025-02-27,1,759219,396000,0.0
2830,371,4,27,2024-05-30,4,381913,245000,0.05
2831,338,17,48,2025-01-22,3,725534,462000,0.15
2832,104,5,88,2025-11-10,3,141570,73000,0.15
2833,446,8,27,2024-07-11,4,381913,245000,0.1
2834,26,9,63,2025-03-23,4,639248,338000,0.1
2835,32,2,1,2024-06-11,4,234738,139000,0.15
2836,105,14,96,2024-10-23,4,110974,65000,0.2
2837,144,6,15,2024-10-17,3,564164,320000,0.05
2838,34,19,55,2025-06-26,1,78058,57000,0.15
2839,115,15,59,2025-10-21,3,468552,288000,0.1
2840,139,6,26,2025-02-03,3,579595,443000,0.15
2841,9,8,62,2024-05-16,2,230470,154000,0.15
2842,486,18,83,2024-08-12,4,147849,97000,0.15
2843,370,12,66,2024-10-01,2,636541,341000,0.0
2844,442,17,67,2024-10-05,3,327734,181000,0.0
2845,291,4,40,2024-03-05,4,612399,307000,0.0
2846,388,18,31,2024-09-07,3,317221,202000,0.1
2847,322,16,79,2024-07-06,5,250982,148000,0.2
2848,168,18,68,2024-01-21,1,380357,285000,0.05
2849,247,7,54,2024-01-02,5,295710,156000,0.1
2850,129,9,24,2025-03-11,1,510411,408000,0.1
2851,432,20,76,2025-11-16,2,67949,56000,0.15
2852,195,16,73,2024-04-08,5,148321,84000,0.1
2853,24,11,80,2024-11-28,2,341486,186000,0.05
2854,171,16,46,2025-06-29,4,181428,126000,0.05
2855,354,3,30,2024-01-17,4,836817,422000,0.2
2856,211,2,14,2024-08-24,5,615107,440000,0.05
2857,379,3,27,2025-07-01,4,381913,245000,0.15
2858,114,7,14,2024-05-18,5,615107,440000,0.15
2859,132,1,28,2024-02-07,3,158902,91000,0.0
2860,330,19,76,2024-10-14,4,67949,56000,0.0
2861,473,8,58,2024-12-14,2,282366,172000,0.0
2862,406,20,79,2024-09-13,1,250982,148000,0.0
2863,353,9,69,2025-05-02,2,214926,121000,0.0
2864,419,7,70,2025-05-16,2,651468,327000,0.0
2865,258,19,53,2024-03-31,3,269183,146000,0.0
2866,219,12,30,2024-01-01,5,836817,422000,0.1
2867,85,1,46,2025-12-13,4,181428,126000,0.2
2868,342,9,95,2024-01-22,1,377246,224000,0.2
2869,378,2,25,2024-08-27,2,356587,291000,0.05
2870,102,5,94,2024-08-02,2,98417,77000,0.05
2871,231,8,38,2025-11-08,4,313675,175000,0.0
2872,372,7,80,2024-04-30,2,341486,186000,0.0
2873,353,3,47,2024-06-06,3,325148,173000,0.15
2874,88,12,21,2024-01-08,4,527487,336000,0.15
2875,432,14,5,2025-12-01,5,501235,278000,0.05
2876,38,5,14,2024-08-04,1,615107,440000,0.05
2877,359,6,54,2024-08-22,1,295710,156000,0.15
2878,272,19,35,2025-11-24,5,801865,464000,0.2
2879,425,20,75,2024-06-10,3,615439,387000,0.15
2880,218,6,69,2025-04-04,5,214926,121000,0.05
2881,134,20,79,2024-11-19,4,250982,148000,0.1
2882,152,13,28,2025-02-19,1,158902,91000,0.05
2883,448,19,99,2024-04-03,5,754227,445000,0.15
2884,378,18,15,2024-08-23,2,564164,320000,0.0
2885,466,19,15,2025-02-08,5,564164,320000,0.15
2886,93,18,92,2025-06-14,2,759219,396000,0.0
2887,261,20,30,2024-02-21,2,836817,422000,0.05
2888,283,3,70,2025-07-05,1,651468,327000,0.05
2889,133,9,44,2024-04-05,5,533229,334000,0.2
2890,23,14,43,2024-07-01,5,288284,203000,0.05
2891,358,3,63,2024-08-13,2,639248,338000,0.05
2892,37,14,67,2025-03-28,2,327734,181000,0.2
2893,236,6,93,2024-11-25,5,781223,436000,0.0
2894,17,1,88,2024-01-31,3,141570,73000,0.1
2895,43,11,100,2024-02-01,1,130122,92000,0.0
2896,353,7,22,2024-03-25,5,353698,252000,0.0
2897,332,12,62,2025-07-05,1,230470,154000,0.15
2898,181,11,8,2024-06-02,5,506180,391000,0.0
2899,149,10,49,2025-10-23,1,432853,263000,0.2
2900,417,5,34,2025-07-12,2,886449,498000,0.0
2901,148,16,77,2025-05-03,5,92902,58000,0.2
2902,423,10,67,2024-06-28,1,327734,181000,0.05
2903,195,16,65,2024-11-17,5,173690,128000,0.0
2904,14,2,6,2025-04-23,5,618850,348000,0.15
2905,134,8,77,2025-11-08,1,92902,58000,0.0
2906,186,17,49,2024-03-31,3,432853,263000,0.1
2907,194,19,36,2025-02-18,5,236121,173000,0.05
2908,409,9,16,2024-06-01,2,150904,81000,0.15
2909,339,2,66,2025-01-13,2,636541,341000,0.1
2910,193,2,47,2025-08-13,3,325148,173000,0.05
2911,209,7,71,2024-02-24,1,899254,479000,0.15
2912,286,15,31,2025-09-20,4,317221,202000,0.2
2913,399,17,80,2025-10-01,3,341486,186000,0.0
2914,138,2,24,2024-03-03,2,510411,408000,0.0
2915,64,18,16,2025-06-25,4,150904,81000,0.1
2916,376,9,68,2025-10-02,1,380357,285000,0.1
2917,256,8,83,2025-04-30,2,147849,97000,0.2
2918,271,3,67,2024-07-11,2,327734,181000,0.15
2919,345,3,52,2024-06-07,3,107522,76000,0.05
2920,152,6,19,2025-11-25,4,484036,311000,0.2
2921,153,6,67,2025-02-21,5,327734,181000,0.1
2922,189,17,3,2024-05-13,2,285890,144000,0.15
2923,492,9,56,2024-11-13,2,863852,432000,0.0
2924,150,13,11,2025-02-03,4,501111,364000,0.0
2925,444,2,21,2024-10-24,3,527487,336000,0.1
2926,189,11,24,2025-11-22,4,510411,408000,0.05
2927,492,1,70,2024-07-15,2,651468,327000,0.1
2928,158,14,86,2025-01-21,1,619302,320000,0.15
2929,492,17,36,2025-08-12,3,236121,173000,0.2
2930,189,8,65,2024-04-21,1,173690,128000,0.05
2931,426,9,72,2024-07-01,5,531452,441000,0.2
2932,426,2,43,2025-09-16,2,288284,203000,0.15
2933,352,2,87,2024-10-23,3,866392,494000,0.0
2934,107,12,38,2024-08-09,2,313675,175000,0.05
2935,162,4,25,2025-08-24,5,356587,291000,0.1
2936,47,4,51,2024-04-14,2,525757,280000,0.05
2937,239,4,92,2025-06-22,5,759219,396000,0.15
2938,124,19,70,2024-07-22,1,651468,327000,0.2
2939,69,13,12,2024-08-09,2,200189,128000,0.15
2940,452,14,83,2024-02-10,3,147849,97000,0.05
2941,390,17,5,2025-09-18,1,501235,278000,0.0
2942,237,17,64,2024-04-07,3,81699,58000,0.15
2943,6,6,53,2024-01-09,5,269183,146000,0.2
2944,55,11,27,2025-08-23,1,381913,245000,0.0
2945,66,20,100,2025-07-16,4,130122,92000,0.0
2946,194,11,68,2025-12-05,1,380357,285000,0.05
2947,422,20,61,2024-10-17,4,184225,100000,0.1
2948,349,7,16,2025-09-27,4,150904,81000,0.0
2949,69,2,51,2024-12-20,3,525757,280000,0.2
2950,414,4,10,2024-03-13,3,728704,377000,0.2
2951,277,10,68,2024-04-21,5,380357,285000,0.1
2952,245,11,29,2025-06-26,2,147705,110000,0.15
2953,100,6,4,2025-02-21,5,213367,177000,0.05
2954,309,17,93,2025-09-13,2,781223,436000,0.05
2955,141,11,19,2025-04-07,1,484036,311000,0.05
2956,131,2,44,2024-04-04,4,533229,334000,0.0
2957,275,14,90,2025-06-16,3,260462,156000,0.05
2958,11,11,96,2025-10-07,1,110974,65000,0.1
2959,223,2,31,2025-03-14,4,317221,202000,0.15
2960,219,1,67,2024-05-11,1,327734,181000,0.0
2961,454,7,6,2025-06-16,2,618850,348000,0.0
2962,46,1,47,2025-09-14,4,325148,173000,0.15
2963,165,7,50,2024-03-15,2,244295,174000,0.15
2964,460,11,13,2024-09-17,2,670509,409000,0.05
2965,282,6,46,2025-06-05,1,181428,126000,0.15
2966,321,16,56,2025-05-12,5,863852,432000,0.0
2967,108,17,55,2025-09-28,5,78058,57000,0.05
2968,124,10,34,2024-04-28,3,886449,498000,0.0
2969,400,7,71,2025-04-03,1,899254,479000,0.2
2970,442,18,44,2025-05-03,3,533229,334000,0.05
2971,24,7,95,2025-02-21,5,377246,224000,0.05
2972,28,4,30,2024-05-07,3,836817,422000,0.2
2973,356,1,86,2025-12-08,3,619302,320000,0.15
2974,290,19,78,2025-01-12,1,201181,104000,0.2
2975,294,6,91,2024-10-19,1,128108,89000,0.1
2976,414,6,3,2025-08-19,4,285890,144000,0.1
2977,483,14,52,2025-09-30,5,107522,76000,0.2
2978,446,10,99,2025-01-19,5,754227,445000,0.2
2979,348,15,71,2025-11-23,5,899254,479000,0.2
2980,275,12,12,2024-05-28,5,200189,128000,0.1
2981,76,11,75,2024-09-11,4,615439,387000,0.2
2982,396,17,73,2024-01-22,1,148321,84000,0.1
2983,489,6,40,2024-07-18,5,612399,307000,0.2
2984,151,5,25,2024-08-16,1,356587,291000,0.05
2985,287,2,100,2025-07-31,4,130122,92000,0.15
2986,243,5,53,2025-07-25,5,269183,146000,0.0
2987,498,1,51,2025-03-03,1,525757,280000,0.15
2988,159,18,83,2024-08-09,4,147849,97000,0.05
2989,113,11,93,2025-09-13,2,781223,436000,0.2
2990,125,17,86,2025-10-27,5,619302,320000,0.1
2991,424,1,18,2024-10-18,5,542999,398000,0.0
2992,462,19,45,2024-05-25,4,732045,452000,0.0
2993,282,5,79,2024-01-31,4,250982,148000,0.1
2994,347,5,52,2025-07-11,5,107522,76000,0.1
2995,196,19,56,2025-07-17,3,863852,432000,0.0
2996,38,7,49,2025-10-07,3,432853,263000,0.15
2997,51,5,2,2025-03-12,5,457712,313000,0.15
2998,293,11,99,2024-11-17,2,754227,445000,0.2
2999,398,9,97,2024-07-15,1,246451,166000,0.1
3000,301,10,52,2024-09-03,5,107522,76000,0.05
3001,427,6,66,2024-01-31,3,636541,341000,0.0
3002,342,17,62,2024-01-07,2,230470,154000,0.0
3003,33,2,56,2025-02-02,5,863852,432000,0.15
3004,39,3,15,2024-07-25,4,564164,320000,0.2
3005,422,1,86,2024-12-08,2,619302,320000,0.2
3006,29,20,7,2025-06-24,1,571254,384000,0.15
3007,323,20,83,2024-10-27,3,147849,97000,0.0
3008,209,6,10,2025-04-09,3,728704,377000,0.0
3009,487,15,81,2025-08-19,5,402769,257000,0.05
3010,374,12,83,2024-02-21,4,147849,97000,0.05
3011,459,16,29,2024-01-18,3,147705,110000,0.1
3012,201,6,57,2024-10-15,4,683509,406000,0.2
3013,391,14,8,2025-02-16,4,506180,391000,0.05
3014,177,1,86,2024-05-20,2,619302,320000,0.2
3015,423,16,72,2025-10-02,1,531452,441000,0.15
3016,359,20,50,2025-08-01,1,244295,174000,0.05
3017,480,17,9,2025-02-10,3,449456,257000,0.0
3018,497,7,87,2024-03-09,5,866392,494000,0.1
3019,46,5,26,2024-08-25,2,579595,443000,0.15
3020,177,13,41,2024-07-26,3,579025,345000,0.05
3021,238,1,14,2024-03-22,4,615107,440000,0.2
3022,309,6,27,2024-03-21,2,381913,245000,0.0
3023,385,14,1,2024-08-12,4,234738,139000,0.0
3024,240,16,31,2024-05-15,5,317221,202000,0.1
3025,63,7,70,2025-01-20,5,651468,327000,0.1
3026,280,10,28,2025-11-14,4,158902,91000,0.0
3027,372,6,40,2024-02-20,3,612399,307000,0.2
3028,443,13,75,2024-05-24,3,615439,387000,0.0
3029,221,9,38,2024-04-06,5,313675,175000,0.0
3030,105,9,37,2025-04-07,1,466547,278000,0.05
3031,56,5,14,2025-07-01,4,615107,440000,0.15
3032,469,6,60,2024-06-23,4,272251,183000,0.2
3033,48,16,10,2025-10-16,1,728704,377000,0.05
3034,322,7,76,2024-04-14,5,67949,56000,0.05
3035,294,18,34,2024-06-24,5,886449,498000,0.15
3036,120,14,44,2025-03-24,4,533229,334000,0.2
3037,435,17,30,2024-04-27,5,836817,422000,0.05
3038,15,11,23,2025-02-22,5,435414,346000,0.1
3039,253,19,30,2024-01-24,5,836817,422000,0.15
3040,475,4,70,2025-11-28,4,651468,327000,0.15
3041,441,16,59,2025-02-16,4,468552,288000,0.0
3042,441,1,31,2024-05-30,4,317221,202000,0.2
3043,74,3,47,2025-07-07,1,325148,173000,0.15
3044,323,12,85,2024-08-17,2,572260,305000,0.05
3045,348,12,42,2025-02-06,2,387805,204000,0.0
3046,480,4,2,2025-04-03,3,457712,313000,0.2
3047,77,3,88,2025-08-06,3,141570,73000,0.15
3048,72,11,67,2025-08-07,2,327734,181000,0.0
3049,489,2,73,2025-08-31,4,148321,84000,0.15
3050,138,8,72,2025-11-29,5,531452,441000,0.2
3051,148,18,56,2025-07-08,5,863852,432000,0.2
3052,436,11,3,2024-02-08,2,285890,144000,0.05
3053,431,18,5,2025-11-09,5,501235,278000,0.05
3054,497,10,56,2025-06-03,5,863852,432000,0.1
3055,173,20,83,2025-09-12,2,147849,97000,0.1
3056,44,10,66,2025-10-24,5,636541,341000,0.0
3057,235,2,45,2025-06-03,4,732045,452000,0.2
3058,473,6,89,2024-12-31,4,273964,141000,0.0
3059,200,16,31,2025-04-03,5,317221,202000,0.15
3060,479,20,26,2024-01-27,5,579595,443000,0.05
3061,494,20,58,2024-03-20,3,282366,172000,0.15
3062,273,16,9,2025-09-17,4,449456,257000,0.15
3063,295,14,50,2025-09-30,5,244295,174000,0.05
3064,164,17,65,2024-05-12,4,173690,128000,0.05
3065,405,18,74,2024-02-09,2,481960,308000,0.15
3066,330,6,41,2025-02-12,5,579025,345000,0.0
3067,357,9,88,2024-02-23,2,141570,73000,0.1
3068,373,20,4,2025-01-25,3,213367,177000,0.15
3069,16,4,43,2024-02-09,4,288284,203000,0.2
3070,399,11,22,2024-06-29,3,353698,252000,0.2
3071,479,17,48,2024-07-05,3,725534,462000,0.1
3072,101,5,51,2025-02-07,4,525757,280000,0.2
3073,327,8,46,2024-07-09,5,181428,126000,0.1
3074,434,9,82,2025-08-12,2,354688,203000,0.2
3075,492,19,51,2025-07-13,2,525757,280000,0.05
3076,134,3,14,2024-06-17,3,615107,440000,0.15
3077,390,11,88,2025-06-29,3,141570,73000,0.05
3078,200,6,93,2024-12-17,4,781223,436000,0.05
3079,114,8,74,2025-08-26,2,481960,308000,0.15
3080,190,4,44,2025-12-03,5,533229,334000,0.2
3081,364,13,29,2025-07-27,5,147705,110000,0.0
3082,251,17,48,2025-10-23,3,725534,462000,0.0
3083,9,20,34,2024-11-28,4,886449,498000,0.2
3084,115,1,42,2024-09-24,4,387805,204000,0.1
3085,450,17,25,2024-05-02,3,356587,291000,0.2
3086,307,16,74,2025-05-07,1,481960,308000,0.0
3087,427,11,22,2025-06-18,1,353698,252000,0.05
3088,45,12,75,2024-02-08,2,615439,387000,0.1
3089,167,10,27,2024-03-31,4,381913,245000,0.1
3090,104,4,59,2024-12-01,1,468552,288000,0.1
3091,454,7,28,2025-09-26,2,158902,91000,0.1
3092,122,14,54,2024-04-09,4,295710,156000,0.2
3093,492,20,58,2024-01-17,3,282366,172000,0.0
3094,487,3,35,2024-10-17,2,801865,464000,0.0
3095,197,20,5,2025-04-12,3,501235,278000,0.05
3096,243,18,68,2025-06-20,1,380357,285000,0.2
3097,4,9,8,2025-05-04,5,506180,391000,0.05
3098,270,18,47,2025-06-10,2,325148,173000,0.05
3099,456,5,99,2024-06-15,3,754227,445000,0.15
3100,30,11,43,2025-03-02,5,288284,203000,0.15
3101,406,15,99,2025-03-01,5,754227,445000,0.2
3102,442,6,69,2024-11-01,4,214926,121000,0.1
3103,173,9,18,2025-06-06,4,542999,398000,0.1
3104,494,12,70,2025-03-08,3,651468,327000,0.2
3105,258,5,41,2024-07-01,5,579025,345000,0.1
3106,416,14,39,2024-03-25,5,275775,169000,0.0
3107,452,2,43,2024-01-07,1,288284,203000,0.05
3108,328,8,6,2025-01-16,2,618850,348000,0.1
3109,68,4,76,2024-08-30,2,67949,56000,0.0
3110,3,11,42,2024-08-01,3,387805,204000,0.0
3111,105,14,44,2025-06-18,4,533229,334000,0.0
3112,156,10,72,2024-10-17,2,531452,441000,0.0
3113,198,19,67,2025-01-27,5,327734,181000,0.2
3114,494,8,80,2025-05-26,4,341486,186000,0.05
3115,330,14,55,2024-10-26,4,78058,57000,0.15
3116,434,17,20,2025-01-10,1,188439,117000,0.05
3117,108,3,95,2024-10-21,2,377246,224000,0.1
3118,279,4,68,2025-12-25,2,380357,285000,0.05
3119,65,7,95,2024-03-05,2,377246,224000,0.05
3120,157,20,78,2025-10-03,2,201181,104000,0.0
3121,454,3,12,2024-01-09,1,200189,128000,0.15
3122,251,6,67,2024-09-25,2,327734,181000,0.15
3123,13,18,27,2024-12-19,5,381913,245000,0.15
3124,362,3,22,2025-06-15,4,353698,252000,0.15
3125,461,12,86,2024-07-04,4,619302,320000,0.05
3126,383,12,62,2024-09-23,4,230470,154000,0.1
3127,195,5,72,2024-05-18,3,531452,441000,0.15
3128,317,3,74,2024-05-25,1,481960,308000,0.1
3129,284,8,66,2025-11-04,4,636541,341000,0.15
3130,282,6,94,2024-02-24,1,98417,77000,0.15
3131,241,6,92,2025-10-22,4,759219,396000,0.0
3132,227,7,9,2024-07-22,4,449456,257000,0.05
3133,167,6,73,2024-01-30,5,148321,84000,0.05
3134,466,20,23,2025-08-03,2,435414,346000,0.2
3135,376,14,28,2024-04-13,4,158902,91000,0.05
3136,156,8,42,2025-10-17,5,387805,204000,0.0
3137,460,6,71,2024-08-30,5,899254,479000,0.05
3138,439,18,42,2025-08-14,3,387805,204000,0.05
3139,137,14,27,2024-11-11,3,381913,245000,0.2
3140,113,6,16,2025-05-19,4,150904,81000,0.15
3141,293,11,51,2024-01-21,3,525757,280000,0.05
3142,313,4,34,2025-05-25,3,886449,498000,0.2
3143,225,1,24,2025-08-19,4,510411,408000,0.2
3144,36,6,24,2025-03-26,5,510411,408000,0.05
3145,462,20,8,2025-11-13,3,506180,391000,0.05
3146,110,16,60,2024-04-25,5,272251,183000,0.15
3147,488,18,91,2025-08-16,3,128108,89000,0.05
3148,15,4,67,2024-06-01,2,327734,181000,0.05
3149,281,7,18,2024-02-25,3,542999,398000,0.15
3150,390,18,23,2024-09-28,1,435414,346000,0.0
3151,258,17,63,2025-06-15,5,639248,338000,0.15
3152,108,12,73,2025-12-01,4,148321,84000,0.1
3153,122,18,86,2024-07-08,5,619302,320000,0.1
3154,9,9,51,2024-07-25,1,525757,280000,0.0
3155,42,19,39,2025-10-22,2,275775,169000,0.15
3156,35,12,74,2025-04-16,3,481960,308000,0.0
3157,12,5,21,2024-04-05,2,527487,336000,0.2
3158,384,12,83,2025-08-23,5,147849,97000,0.05
3159,102,16,85,2024-11-06,1,572260,305000,0.0
3160,314,7,36,2024-02-28,5,236121,173000,0.05
3161,43,7,1,2025-04-26,5,234738,139000,0.15
3162,312,4,88,2024-04-05,5,141570,73000,0.15
3163,78,5,19,2025-10-10,4,484036,311000,0.0
3164,444,15,15,2024-04-30,2,564164,320000,0.05
3165,59,20,53,2024-02-24,4,269183,146000,0.05
3166,196,13,99,2024-04-25,1,754227,445000,0.0
3167,62,20,14,2024-02-12,2,615107,440000,0.05
3168,371,11,93,2024-05-19,1,781223,436000,0.15
3169,102,20,85,2024-09-11,5,572260,305000,0.15
3170,293,7,96,2024-10-27,2,110974,65000,0.0
3171,275,1,56,2024-08-01,4,863852,432000,0.1
3172,449,10,85,2025-10-28,2,572260,305000,0.15
3173,392,10,100,2024-06-02,5,130122,92000,0.0
3174,12,18,23,2024-10-18,1,435414,346000,0.0
3175,473,11,88,2024-05-23,4,141570,73000,0.2
3176,77,20,2,2024-05-17,5,457712,313000,0.1
3177,431,19,37,2024-01-18,4,466547,278000,0.05
3178,430,3,25,2025-01-24,3,356587,291000,0.1
3179,292,20,95,2025-11-13,1,377246,224000,0.05
3180,422,1,45,2025-05-23,2,732045,452000,0.2
3181,61,5,100,2025-04-09,1,130122,92000,0.05
3182,282,11,36,2025-01-02,2,236121,173000,0.15
3183,391,5,70,2024-11-10,3,651468,327000,0.15
3184,455,5,28,2024-03-17,1,158902,91000,0.1
3185,217,4,4,2024-02-25,2,213367,177000,0.15
3186,119,18,47,2025-05-05,5,325148,173000,0.05
3187,307,20,64,2024-06-19,3,81699,58000,0.0
3188,219,19,8,2025-03-17,4,506180,391000,0.0
3189,65,10,3,2024-05-13,4,285890,144000,0.05
3190,134,6,68,2024-11-23,1,380357,285000,0.1
3191,364,10,88,2025-12-19,1,141570,73000,0.05
3192,9,20,5,2024-05-07,2,501235,278000,0.0
3193,469,15,47,2025-07-31,4,325148,173000,0.15
3194,34,12,48,2025-09-29,4,725534,462000,0.1
3195,146,14,57,2025-01-15,5,683509,406000,0.1
3196,431,4,23,2025-05-06,2,435414,346000,0.1
3197,2,4,18,2025-03-20,3,542999,398000,0.15
3198,409,17,6,2024-05-01,5,618850,348000,0.0
3199,413,14,16,2024-01-28,1,150904,81000,0.05
3200,205,9,71,2025-04-05,2,899254,479000,0.0
3201,217,17,98,2024-06-14,1,252844,145000,0.15
3202,50,12,6,2025-06-13,5,618850,348000,0.0
3203,16,4,58,2025-08-29,1,282366,172000,0.05
3204,101,17,44,2024-03-27,1,533229,334000,0.15
3205,127,2,6,2024-04-14,4,618850,348000,0.15
3206,497,2,60,2024-03-22,2,272251,183000,0.1
3207,252,10,37,2024-10-09,3,466547,278000,0.2
3208,361,7,26,2024-04-26,4,579595,443000,0.05
3209,94,12,4,2025-03-21,1,213367,177000,0.2
3210,219,14,69,2025-04-02,5,214926,121000,0.1
3211,105,4,77,2024-01-31,3,92902,58000,0.15
3212,344,7,72,2024-07-22,1,531452,441000,0.1
3213,473,9,78,2025-03-26,4,201181,104000,0.05
3214,41,12,56,2024-06-01,4,863852,432000,0.15
3215,426,5,75,2024-09-03,1,615439,387000,0.2
3216,30,9,90,2024-02-02,4,260462,156000,0.0
3217,160,11,52,2024-04-12,4,107522,76000,0.15
3218,408,4,81,2024-03-10,5,402769,257000,0.0
3219,342,15,7,2025-05-12,4,571254,384000,0.2
3220,384,9,16,2024-01-21,3,150904,81000,0.0
3221,35,19,75,2025-07-19,2,615439,387000,0.2
3222,162,8,97,2024-01-04,3,246451,166000,0.2
3223,22,9,86,2024-06-25,1,619302,320000,0.1
3224,414,19,79,2024-02-08,5,250982,148000,0.2
3225,402,20,39,2025-02-08,5,275775,169000,0.15
3226,34,7,68,2025-10-25,4,380357,285000,0.05
3227,62,14,60,2025-12-02,5,272251,183000,0.15
3228,53,14,49,2024-10-26,5,432853,263000,0.2
3229,249,10,49,2024-08-09,1,432853,263000,0.05
3230,137,8,7,2025-08-07,4,571254,384000,0.15
3231,94,7,30,2025-03-23,2,836817,422000,0.1
3232,149,19,95,2025-09-01,5,377246,224000,0.2
3233,414,1,73,2025-04-01,1,148321,84000,0.2
3234,435,5,9,2025-03-17,3,449456,257000,0.05
3235,264,15,4,2024-02-22,2,213367,177000,0.15
3236,211,2,70,2024-04-01,2,651468,327000,0.0
3237,436,18,21,2024-04-07,1,527487,336000,0.1
3238,360,20,11,2025-12-01,2,501111,364000,0.1
3239,454,19,74,2025-05-31,5,481960,308000,0.2
3240,500,15,58,2024-03-26,2,282366,172000,0.0
3241,301,10,3,2025-10-02,5,285890,144000,0.2
3242,497,18,85,2024-03-13,5,572260,305000,0.0
3243,71,6,52,2025-07-01,3,107522,76000,0.1
3244,268,17,98,2024-12-30,1,252844,145000,0.15
3245,498,17,95,2025-03-26,2,377246,224000,0.2
3246,89,2,48,2025-07-06,4,725534,462000,0.0
3247,215,16,4,2024-02-17,3,213367,177000,0.2
3248,432,7,41,2024-07-03,4,579025,345000,0.0
3249,305,13,49,2024-11-02,5,432853,263000,0.0
3250,457,16,12,2025-06-07,1,200189,128000,0.05
3251,308,14,87,2024-06-18,5,866392,494000,0.1
3252,372,13,72,2025-04-19,5,531452,441000,0.05
3253,23,19,75,2024-09-30,4,615439,387000,0.0
3254,464,3,46,2024-09-21,2,181428,126000,0.0
3255,219,2,75,2024-12-29,4,615439,387000,0.0
3256,250,10,64,2024-06-30,5,81699,58000,0.05
3257,171,13,87,2024-08-17,5,866392,494000,0.2
3258,409,13,46,2025-08-17,1,181428,126000,0.15
3259,475,14,24,2025-09-11,3,510411,408000,0.0
3260,197,18,90,2025-01-20,3,260462,156000,0.2
3261,14,9,32,2025-03-15,3,484101,322000,0.2
3262,34,15,58,2024-06-04,5,282366,172000,0.1
3263,53,13,2,2024-12-12,2,457712,313000,0.2
3264,390,8,19,2025-08-16,2,484036,311000,0.1
3265,280,5,81,2025-07-09,4,402769,257000,0.1
3266,137,18,1,2024-08-15,5,234738,139000,0.2
3267,315,2,52,2024-08-21,5,107522,76000,0.2
3268,246,5,56,2025-02-08,2,863852,432000,0.1
3269,295,3,97,2025-09-08,5,246451,166000,0.15
3270,46,10,55,2024-03-05,1,78058,57000,0.2
3271,459,8,10,2025-08-23,2,728704,377000,0.0
3272,366,14,46,2024-07-28,5,181428,126000,0.05
3273,369,14,14,2025-05-01,2,615107,440000,0.05
3274,23,9,1,2024-09-11,3,234738,139000,0.05
3275,206,11,42,2024-04-06,5,387805,204000,0.2
3276,465,9,100,2025-01-03,1,130122,92000,0.05
3277,135,4,97,2024-05-28,3,246451,166000,0.15
3278,333,2,79,2024-11-21,1,250982,148000,0.15
3279,404,19,25,2024-01-29,3,356587,291000,0.1
3280,387,16,54,2025-04-26,4,295710,156000,0.0
3281,359,9,96,2024-05-09,1,110974,65000,0.2
3282,323,2,77,2025-07-13,5,92902,58000,0.2
3283,237,18,70,2025-02-14,5,651468,327000,0.0
3284,227,9,19,2024-03-22,1,484036,311000,0.1
3285,430,11,53,2024-08-19,5,269183,146000,0.0
3286,193,9,80,2025-10-03,2,341486,186000,0.15
3287,276,20,70,2025-11-10,4,651468,327000,0.2
3288,317,18,32,2025-12-14,5,484101,322000,0.15
3289,291,10,57,2025-01-25,3,683509,406000,0.2
3290,302,9,89,2024-12-14,1,273964,141000,0.1
3291,315,5,41,2024-05-07,1,579025,345000,0.0
3292,433,16,93,2024-02-29,5,781223,436000,0.05
3293,23,12,47,2025-12-12,2,325148,173000,0.15
3294,217,2,15,2024-03-21,1,564164,320000,0.15
3295,414,13,30,2025-07-22,5,836817,422000,0.2
3296,211,5,27,2024-09-11,4,381913,245000,0.1
3297,168,12,13,2024-09-23,5,670509,409000,0.2
3298,4,2,77,2025-05-12,1,92902,58000,0.15
3299,414,5,4,2024-11-04,5,213367,177000,0.2
3300,92,2,39,2024-09-13,5,275775,169000,0.2
3301,443,9,38,2025-11-29,4,313675,175000,0.15
3302,221,16,95,2025-03-21,5,377246,224000,0.2
3303,135,6,53,2025-03-22,1,269183,146000,0.1
3304,443,12,2,2025-03-09,3,457712,313000,0.1
3305,457,1,63,2025-07-04,4,639248,338000,0.1
3306,494,8,74,2024-11-22,4,481960,308000,0.1
3307,218,5,25,2024-01-30,5,356587,291000,0.2
3308,449,13,32,2025-02-18,3,484101,322000,0.1
3309,359,10,17,2024-12-10,2,195974,134000,0.15
3310,172,20,7,2025-10-09,1,571254,384000,0.15
3311,5,14,78,2024-02-24,3,201181,104000,0.05
3312,78,10,21,2024-06-28,2,527487,336000,0.0
3313,356,16,24,2025-05-04,4,510411,408000,0.15
3314,314,3,40,2024-11-19,4,612399,307000,0.05
3315,91,9,50,2024-03-21,1,244295,174000,0.0
3316,467,17,91,2025-01-16,1,128108,89000,0.0
3317,199,2,33,2025-10-16,5,420924,285000,0.2
3318,243,19,1,2024-04-20,5,234738,139000,0.0
3319,254,18,67,2025-12-29,4,327734,181000,0.15
3320,296,20,17,2024-06-26,2,195974,134000,0.0
3321,229,5,46,2024-10-06,4,181428,126000,0.0
3322,327,14,92,2024-06-17,4,759219,396000,0.1
3323,28,7,10,2024-06-17,2,728704,377000,0.0
3324,176,8,68,2025-05-05,3,380357,285000,0.05
3325,444,18,56,2025-01-30,3,863852,432000,0.2
3326,499,6,7,2024-12-24,4,571254,384000,0.2
3327,159,5,48,2024-06-28,3,725534,462000,0.2
3328,167,9,16,2025-05-30,5,150904,81000,0.05
3329,347,14,47,2024-02-02,3,325148,173000,0.0
3330,334,15,33,2024-10-19,3,420924,285000,0.1
3331,58,5,44,2024-03-19,2,533229,334000,0.05
3332,395,18,25,2024-10-19,2,356587,291000,0.15
3333,231,15,79,2024-03-27,4,250982,148000,0.2
3334,341,10,100,2024-09-05,4,130122,92000,0.05
3335,16,7,83,2024-06-22,2,147849,97000,0.15
3336,87,3,72,2025-12-02,5,531452,441000,0.15
3337,278,2,61,2025-11-01,3,184225,100000,0.0
3338,424,2,9,2024-09-09,5,449456,257000,0.15
3339,198,20,33,2024-02-03,3,420924,285000,0.05
3340,425,5,30,2025-05-30,3,836817,422000,0.2
3341,435,8,35,2024-12-04,5,801865,464000,0.05
3342,404,4,40,2025-12-17,1,612399,307000,0.0
3343,243,17,66,2025-03-27,1,636541,341000,0.15
3344,177,6,37,2025-03-11,5,466547,278000,0.0
3345,490,12,36,2025-11-17,3,236121,173000,0.1
3346,423,18,34,2024-02-24,3,886449,498000,0.15
3347,34,16,27,2025-12-05,5,381913,245000,0.1
3348,361,18,78,2025-04-06,5,201181,104000,0.05
3349,330,20,14,2024-09-03,1,615107,440000,0.1
3350,492,17,16,2025-04-12,2,150904,81000,0.2
3351,412,20,66,2025-01-30,3,636541,341000,0.2
3352,271,17,73,2025-08-23,5,148321,84000,0.15
3353,157,11,100,2024-03-03,2,130122,92000,0.2
3354,54,9,62,2025-05-05,5,230470,154000,0.05
3355,120,2,58,2025-01-20,2,282366,172000,0.1
3356,364,9,12,2025-01-25,5,200189,128000,0.2
3357,426,18,23,2024-07-27,3,435414,346000,0.05
3358,84,17,84,2025-04-05,2,133333,78000,0.2
3359,78,4,31,2024-04-15,2,317221,202000,0.2
3360,201,6,83,2024-01-31,5,147849,97000,0.15
3361,444,17,73,2025-06-13,2,148321,84000,0.05
3362,86,5,7,2024-08-05,5,571254,384000,0.2
3363,95,8,16,2024-01-16,1,150904,81000,0.0
3364,355,17,23,2024-03-05,1,435414,346000,0.0
3365,59,2,50,2025-01-23,4,244295,174000,0.15
3366,445,18,4,2025-11-18,5,213367,177000,0.2
3367,6,18,87,2024-05-04,4,866392,494000,0.15
3368,197,3,11,2025-01-16,3,501111,364000,0.05
3369,149,11,37,2025-07-20,1,466547,278000,0.05
3370,262,2,84,2025-08-26,2,133333,78000,0.0
3371,329,5,62,2025-07-17,3,230470,154000,0.15
3372,444,19,25,2025-02-22,3,356587,291000,0.1
3373,102,1,41,2024-01-04,1,579025,345000,0.0
3374,190,9,59,2024-01-04,4,468552,288000,0.05
3375,428,3,43,2025-03-24,5,288284,203000,0.15
3376,222,13,43,2025-03-22,1,288284,203000,0.0
3377,7,13,55,2024-03-16,3,78058,57000,0.0
3378,47,8,48,2025-12-26,3,725534,462000,0.0
3379,166,4,37,2025-07-08,1,466547,278000,0.15
3380,396,20,52,2024-10-02,5,107522,76000,0.2
3381,8,12,61,2025-09-21,1,184225,100000,0.2
3382,215,18,99,2025-03-16,5,754227,445000,0.05
3383,194,18,26,2024-05-24,3,579595,443000,0.2
3384,208,6,93,2025-09-28,5,781223,436000,0.2
3385,271,8,50,2024-01-16,5,244295,174000,0.15
3386,267,19,70,2025-07-22,4,651468,327000,0.2
3387,339,16,16,2025-11-29,4,150904,81000,0.2
3388,190,19,79,2024-02-01,1,250982,148000,0.1
3389,433,3,55,2025-04-09,2,78058,57000,0.1
3390,355,20,73,2024-01-24,4,148321,84000,0.15
3391,68,14,31,2024-03-30,2,317221,202000,0.0
3392,268,19,90,2025-10-08,3,260462,156000,0.15
3393,155,3,72,2024-01-16,2,531452,441000,0.15
3394,479,5,71,2025-01-12,1,899254,479000,0.2
3395,262,11,10,2024-12-09,4,728704,377000,0.1
3396,149,3,16,2025-04-12,4,150904,81000,0.15
3397,198,20,86,2024-10-30,2,619302,320000,0.15
3398,345,18,24,2025-07-08,1,510411,408000,0.0
3399,365,19,19,2025-09-15,3,484036,311000,0.0
3400,91,6,52,2024-09-29,2,107522,76000,0.15
3401,263,19,19,2024-12-08,5,484036,311000,0.15
3402,452,9,10,2025-12-25,4,728704,377000,0.0
3403,54,18,93,2024-05-15,3,781223,436000,0.1
3404,427,2,45,2025-05-12,3,732045,452000,0.1
3405,2,19,41,2024-05-09,4,579025,345000,0.2
3406,426,1,19,2025-05-23,2,484036,311000,0.1
3407,33,13,91,2024-02-20,5,128108,89000,0.0
3408,487,2,29,2024-10-08,3,147705,110000,0.15
3409,143,16,59,2024-05-19,2,468552,288000,0.05
3410,313,11,23,2025-07-27,5,435414,346000,0.05
3411,46,16,93,2024-02-29,3,781223,436000,0.0
3412,353,9,67,2024-06-13,5,327734,181000,0.05
3413,70,14,92,2024-04-02,4,759219,396000,0.05
3414,4,16,10,2025-01-17,4,728704,377000,0.2
3415,329,2,9,2025-07-29,1,449456,257000,0.1
3416,500,1,12,2025-01-15,1,200189,128000,0.2
3417,418,3,79,2024-04-21,2,250982,148000,0.15
3418,383,2,41,2024-03-23,2,579025,345000,0.15
3419,28,19,96,2025-03-27,3,110974,65000,0.05
3420,237,3,18,2024-02-03,2,542999,398000,0.0
3421,8,1,56,2025-11-27,5,863852,432000,0.1
3422,294,10,62,2025-05-31,3,230470,154000,0.0
3423,416,5,72,2024-08-20,3,531452,441000,0.1
3424,304,18,73,2025-02-27,5,148321,84000,0.15
3425,68,20,74,2024-12-18,2,481960,308000,0.15
3426,212,3,33,2024-04-28,3,420924,285000,0.15
3427,104,10,80,2025-04-30,5,341486,186000,0.05
3428,19,9,69,2024-03-13,1,214926,121000,0.05
3429,397,18,43,2024-12-26,1,288284,203000,0.05
3430,351,6,85,2024-08-15,5,572260,305000,0.15
3431,498,12,9,2024-08-06,4,449456,257000,0.1
3432,173,5,57,2024-09-04,3,683509,406000,0.2
3433,442,9,54,2025-02-19,5,295710,156000,0.0
3434,230,7,70,2025-03-15,4,651468,327000,0.0
3435,457,10,76,2024-09-14,5,67949,56000,0.05
3436,156,6,70,2025-07-14,5,651468,327000,0.05
3437,497,10,41,2025-10-07,2,579025,345000,0.15
3438,170,11,52,2024-02-18,2,107522,76000,0.2
3439,361,2,7,2024-10-10,4,571254,384000,0.15
3440,172,12,51,2025-09-26,3,525757,280000,0.15
3441,106,19,11,2024-06-12,3,501111,364000,0.15
3442,277,11,24,2024-02-04,1,510411,408000,0.2
3443,253,10,99,2024-02-13,3,754227,445000,0.0
3444,456,8,94,2024-04-14,1,98417,77000,0.2
3445,399,17,13,2025-04-18,1,670509,409000,0.0
3446,10,5,50,2025-12-04,1,244295,174000,0.2
3447,200,2,43,2025-11-29,3,288284,203000,0.15
3448,13,13,88,2025-10-11,2,141570,73000,0.05
3449,162,9,92,2024-08-27,5,759219,396000,0.1
3450,458,3,90,2024-01-01,1,260462,156000,0.05
3451,462,11,86,2025-03-24,2,619302,320000,0.05
3452,81,14,73,2024-01-11,3,148321,84000,0.0
3453,57,11,98,2024-11-23,1,252844,145000,0.0
3454,352,19,28,2025-11-01,2,158902,91000,0.1
3455,17,15,34,2024-12-13,4,886449,498000,0.2
3456,392,15,37,2024-04-12,1,466547,278000,0.15
3457,305,18,91,2025-04-19,2,128108,89000,0.05
3458,188,1,7,2025-11-21,3,571254,384000,0.2
3459,202,10,30,2024-01-10,1,836817,422000,0.0
3460,396,1,87,2024-11-07,5,866392,494000,0.05
3461,143,12,27,2024-01-04,5,381913,245000,0.0
3462,24,17,17,2025-03-14,1,195974,134000,0.05
3463,278,10,79,2024-03-14,3,250982,148000,0.0
3464,335,11,81,2024-08-14,5,402769,257000,0.0
3465,184,12,79,2025-07-12,5,250982,148000,0.05
3466,291,11,98,2025-12-03,2,252844,145000,0.1
3467,37,2,19,2025-02-01,1,484036,311000,0.1
3468,482,19,8,2025-08-06,4,506180,391000,0.15
3469,220,18,2,2025-08-07,1,457712,313000,0.15
3470,368,15,8,2025-01-31,1,506180,391000,0.2
3471,459,8,62,2025-12-13,3,230470,154000,0.0
3472,349,5,62,2025-12-12,5,230470,154000,0.1
3473,435,10,92,2025-08-06,2,759219,396000,0.05
3474,11,1,40,2024-08-18,5,612399,307000,0.1
3475,389,6,51,2025-01-21,4,525757,280000,0.15
3476,83,12,43,2024-08-11,3,288284,203000,0.0
3477,195,11,2,2024-08-05,1,457712,313000,0.15
3478,147,4,33,2024-07-07,2,420924,285000,0.15
3479,299,2,59,2024-07-07,5,468552,288000,0.1
3480,399,5,81,2025-12-20,2,402769,257000,0.2
3481,439,4,29,2024-12-04,2,147705,110000,0.1
3482,21,14,9,2025-08-08,1,449456,257000,0.0
3483,3,18,87,2024-09-07,1,866392,494000,0.1
3484,125,1,72,2024-09-16,4,531452,441000,0.2
3485,202,15,20,2025-01-28,1,188439,117000,0.0
3486,145,11,29,2024-01-07,2,147705,110000,0.2
3487,405,18,59,2025-07-23,3,468552,288000,0.2
3488,45,6,58,2024-07-09,3,282366,172000,0.2
3489,86,13,76,2024-11-15,5,67949,56000,0.15
3490,344,6,6,2025-03-05,2,618850,348000,0.05
3491,182,17,2,2025-01-13,2,457712,313000,0.15
3492,238,1,24,2025-04-18,1,510411,408000,0.1
3493,465,15,89,2024-01-02,5,273964,141000,0.05
3494,116,18,15,2024-06-14,1,564164,320000,0.1
3495,359,6,1,2025-03-17,2,234738,139000,0.05
3496,181,17,13,2024-03-10,5,670509,409000,0.05
3497,371,1,16,2025-05-15,5,150904,81000,0.2
3498,223,4,88,2024-04-06,3,141570,73000,0.2
3499,109,18,99,2025-03-23,1,754227,445000,0.2
3500,42,19,48,2025-07-17,3,725534,462000,0.2
3501,499,16,41,2025-12-07,5,579025,345000,0.15
3502,265,2,22,2025-07-23,1,353698,252000,0.15
3503,246,18,91,2024-08-30,1,128108,89000,0.1
3504,281,13,98,2024-03-09,5,252844,145000,0.05
3505,246,6,78,2025-08-18,2,201181,104000,0.2
3506,444,2,66,2024-11-14,3,636541,341000,0.1
3507,87,16,85,2024-05-21,1,572260,305000,0.2
3508,283,7,21,2024-06-30,1,527487,336000,0.0
3509,321,8,79,2024-05-10,3,250982,148000,0.2
3510,46,9,18,2024-09-15,2,542999,398000,0.0
3511,109,5,36,2025-11-01,4,236121,173000,0.1
3512,216,12,96,2024-03-08,5,110974,65000,0.0
3513,6,5,74,2025-12-18,5,481960,308000,0.05
3514,325,7,95,2024-02-06,1,377246,224000,0.05
3515,437,5,7,2024-08-12,3,571254,384000,0.05
3516,436,5,17,2025-01-02,4,195974,134000,0.15
3517,368,7,90,2025-01-16,1,260462,156000,0.05
3518,214,11,6,2024-04-05,2,618850,348000,0.2
3519,101,1,7,2025-02-09,4,571254,384000,0.1
3520,119,15,88,2025-09-01,1,141570,73000,0.1
3521,463,19,59,2025-02-11,4,468552,288000,0.1
3522,68,3,13,2024-08-17,5,670509,409000,0.2
3523,46,14,88,2025-09-04,1,141570,73000,0.05
3524,194,20,88,2024-11-01,1,141570,73000,0.15
3525,112,4,6,2025-06-27,2,618850,348000,0.2
3526,421,9,4,2025-07-08,3,213367,177000,0.05
3527,84,5,9,2025-02-05,5,449456,257000,0.15
3528,215,16,73,2024-05-01,1,148321,84000,0.05
3529,208,18,2,2025-01-10,5,457712,313000,0.0
3530,489,2,48,2025-04-16,4,725534,462000,0.15
3531,44,19,50,2024-06-05,2,244295,174000,0.15
3532,31,10,66,2025-01-05,4,636541,341000,0.1
3533,336,2,75,2024-11-03,3,615439,387000,0.1
3534,351,10,57,2024-07-20,4,683509,406000,0.15
3535,214,12,78,2025-08-04,2,201181,104000,0.05
3536,86,15,2,2025-01-20,3,457712,313000,0.2
3537,69,14,25,2025-01-29,2,356587,291000,0.05
3538,131,7,16,2024-05-30,1,150904,81000,0.1
3539,285,11,53,2025-11-01,2,269183,146000,0.1
3540,264,17,35,2025-11-26,2,801865,464000,0.0
3541,486,20,82,2025-05-19,1,354688,203000,0.2
3542,477,14,88,2025-09-29,5,141570,73000,0.0
3543,44,20,19,2025-12-29,2,484036,311000,0.1
3544,103,18,74,2024-08-13,4,481960,308000,0.1
3545,485,15,44,2024-10-15,2,533229,334000,0.05
3546,273,8,24,2025-01-08,3,510411,408000,0.0
3547,487,2,29,2024-07-26,2,147705,110000,0.1
3548,362,12,89,2024-03-21,2,273964,141000,0.0
3549,15,12,86,2025-02-19,5,619302,320000,0.15
3550,399,13,93,2025-04-23,3,781223,436000,0.1
3551,170,15,89,2025-05-26,5,273964,141000,0.1
3552,172,7,52,2025-10-12,5,107522,76000,0.1
3553,289,16,47,2025-01-14,2,325148,173000,0.15
3554,398,17,35,2025-08-31,4,801865,464000,0.15
3555,464,9,49,2024-08-01,1,432853,263000,0.15
3556,147,12,17,2024-12-17,1,195974,134000,0.05
3557,171,20,3,2025-08-09,5,285890,144000,0.0
3558,95,13,40,2024-12-15,5,612399,307000,0.0
3559,295,13,77,2025-01-15,2,92902,58000,0.1
3560,58,8,51,2024-07-05,3,525757,280000,0.15
3561,123,12,2,2024-05-19,4,457712,313000,0.1
3562,93,13,100,2024-09-29,5,130122,92000,0.0
3563,489,9,16,2025-11-14,3,150904,81000,0.0
3564,127,6,84,2024-07-19,5,133333,78000,0.2
3565,454,10,54,2024-11-20,1,295710,156000,0.1
3566,212,8,28,2025-08-03,1,158902,91000,0.15
3567,493,1,85,2024-04-16,4,572260,305000,0.05
3568,482,17,4,2025-05-22,5,213367,177000,0.0
3569,41,12,46,2024-05-03,2,181428,126000,0.05
3570,470,18,94,2024-04-04,5,98417,77000,0.15
3571,186,9,36,2024-08-02,3,236121,173000,0.05
3572,409,15,95,2025-06-01,2,377246,224000,0.15
3573,58,16,34,2024-02-19,3,886449,498000,0.15
3574,271,14,25,2025-12-09,2,356587,291000,0.0
3575,237,15,44,2025-03-31,2,533229,334000,0.05
3576,350,11,17,2025-02-13,5,195974,134000,0.15
3577,2,4,53,2025-04-24,2,269183,146000,0.05
3578,359,12,36,2025-10-06,1,236121,173000,0.0
3579,13,12,20,2024-03-05,4,188439,117000,0.2
3580,13,5,42,2024-02-07,5,387805,204000,0.0
3581,159,6,62,2024-03-08,2,230470,154000,0.05
3582,218,1,41,2024-05-02,4,579025,345000,0.05
3583,355,4,78,2025-08-10,3,201181,104000,0.05
3584,413,3,99,2025-06-25,2,754227,445000,0.15
3585,63,7,64,2024-07-22,2,81699,58000,0.0
3586,364,5,49,2024-12-25,5,432853,263000,0.1
3587,308,6,67,2024-01-28,4,327734,181000,0.05
3588,66,12,74,2024-12-18,4,481960,308000,0.05
3589,76,6,79,2024-08-28,3,250982,148000,0.05
3590,316,7,20,2025-12-17,4,188439,117000,0.05
3591,1,10,67,2024-06-27,5,327734,181000,0.2
3592,116,5,47,2024-12-28,4,325148,173000,0.05
3593,260,12,30,2024-03-30,4,836817,422000,0.15
3594,465,2,5,2024-04-03,4,501235,278000,0.15
3595,96,13,71,2025-06-07,4,899254,479000,0.0
3596,414,6,78,2025-06-01,4,201181,104000,0.0
3597,8,16,26,2024-04-11,4,579595,443000,0.0
3598,182,18,16,2024-04-12,2,150904,81000,0.15
3599,493,6,29,2025-10-09,5,147705,110000,0.2
3600,407,14,91,2025-11-13,1,128108,89000,0.15
3601,400,13,91,2024-09-21,3,128108,89000,0.2
3602,386,9,62,2025-03-29,2,230470,154000,0.1
3603,354,5,17,2024-08-09,2,195974,134000,0.05
3604,325,4,19,2024-01-18,2,484036,311000,0.2
3605,79,12,97,2024-09-16,5,246451,166000,0.1
3606,351,6,72,2025-11-11,5,531452,441000,0.05
3607,194,6,23,2024-02-28,3,435414,346000,0.15
3608,336,2,80,2025-01-15,3,341486,186000,0.05
3609,35,4,50,2024-09-07,2,244295,174000,0.15
3610,351,16,69,2025-02-10,1,214926,121000,0.1
3611,249,11,36,2024-01-07,1,236121,173000,0.05
3612,335,18,30,2024-05-04,5,836817,422000,0.1
3613,37,8,42,2025-11-06,2,387805,204000,0.0
3614,339,2,100,2025-02-14,4,130122,92000,0.05
3615,293,16,66,2024-08-22,3,636541,341000,0.15
3616,161,9,85,2024-03-05,3,572260,305000,0.15
3617,129,19,61,2024-11-22,1,184225,100000,0.1
3618,45,14,10,2025-01-12,2,728704,377000,0.0
3619,290,11,93,2024-03-20,3,781223,436000,0.0
3620,292,3,43,2024-01-18,4,288284,203000,0.1
3621,303,11,74,2024-08-04,4,481960,308000,0.2
3622,413,6,58,2025-01-01,5,282366,172000,0.15
3623,10,9,8,2024-05-20,4,506180,391000,0.0
3624,8,3,22,2025-11-13,4,353698,252000,0.05
3625,374,3,80,2024-05-19,4,341486,186000,0.0
3626,293,8,20,2024-07-25,3,188439,117000,0.0
3627,237,18,97,2025-02-17,4,246451,166000,0.2
3628,290,17,73,2024-02-07,4,148321,84000,0.15
3629,219,16,61,2024-06-17,2,184225,100000,0.0
3630,395,6,62,2025-09-08,2,230470,154000,0.0
3631,392,1,17,2025-11-22,4,195974,134000,0.15
3632,274,20,59,2025-06-27,3,468552,288000,0.2
3633,122,7,61,2024-12-26,5,184225,100000,0.15
3634,60,20,81,2024-07-26,5,402769,257000,0.1
3635,97,1,12,2024-11-12,4,200189,128000,0.1
3636,120,4,66,2024-07-05,5,636541,341000,0.1
3637,301,3,19,2024-05-03,1,484036,311000,0.05
3638,414,13,46,2025-05-12,1,181428,126000,0.1
3639,234,10,35,2025-10-17,3,801865,464000,0.2
3640,72,14,62,2024-01-02,1,230470,154000,0.0
3641,159,18,72,2024-11-09,4,531452,441000,0.15
3642,153,19,86,2025-02-14,4,619302,320000,0.15
3643,454,3,58,2024-11-12,5,282366,172000,0.15
3644,219,2,54,2024-12-21,2,295710,156000,0.15
3645,209,8,33,2024-01-24,3,420924,285000,0.0
3646,102,2,46,2025-04-26,3,181428,126000,0.05
3647,219,20,76,2025-08-01,4,67949,56000,0.1
3648,57,19,24,2024-03-21,4,510411,408000,0.15
3649,357,13,84,2025-08-05,3,133333,78000,0.05
3650,356,12,29,2024-02-20,3,147705,110000,0.05
3651,189,12,76,2024-07-02,4,67949,56000,0.0
3652,237,14,15,2024-06-13,2,564164,320000,0.2
3653,121,3,87,2024-11-02,2,866392,494000,0.15
3654,318,18,41,2025-06-21,5,579025,345000,0.1
3655,179,10,73,2025-02-06,3,148321,84000,0.2
3656,498,11,53,2024-11-01,4,269183,146000,0.05
3657,158,9,97,2024-08-14,3,246451,166000,0.1
3658,203,19,10,2024-05-04,3,728704,377000,0.2
3659,125,9,78,2025-09-14,5,201181,104000,0.05
3660,116,19,36,2024-10-18,5,236121,173000,0.15
3661,270,18,35,2024-01-18,4,801865,464000,0.1
3662,304,11,22,2024-02-18,2,353698,252000,0.05
3663,371,16,65,2025-09-11,4,173690,128000,0.05
3664,419,18,93,2025-11-16,2,781223,436000,0.2
3665,52,8,83,2024-10-03,5,147849,97000,0.2
3666,229,5,21,2025-08-07,1,527487,336000,0.0
3667,390,2,8,2025-05-05,2,506180,391000,0.0
3668,179,7,62,2025-06-15,3,230470,154000,0.1
3669,242,19,37,2024-12-10,4,466547,278000,0.1
3670,6,2,17,2024-09-07,2,195974,134000,0.0
3671,435,10,39,2025-03-19,3,275775,169000,0.2
3672,115,19,49,2025-09-17,1,432853,263000,0.05
3673,55,5,7,2024-12-30,1,571254,384000,0.05
3674,171,13,100,2025-04-17,1,130122,92000,0.05
3675,98,11,46,2025-02-05,5,181428,126000,0.2
3676,285,14,75,2024-01-03,3,615439,387000,0.15
3677,484,3,11,2024-08-11,5,501111,364000,0.2
3678,97,9,34,2024-11-01,3,886449,498000,0.2
3679,114,3,90,2025-02-01,3,260462,156000,0.15
3680,190,2,10,2025-07-17,2,728704,377000,0.2
3681,425,14,27,2024-07-14,3,381913,245000,0.05
3682,100,10,21,2024-09-11,2,527487,336000,0.0
3683,209,7,59,2024-09-28,3,468552,288000,0.05
3684,119,15,84,2024-11-04,1,133333,78000,0.0
3685,380,13,92,2025-05-31,5,759219,396000,0.15
3686,406,11,70,2025-07-19,1,651468,327000,0.0
3687,196,19,91,2024-10-14,2,128108,89000,0.2
3688,340,16,7,2025-10-24,2,571254,384000,0.0
3689,135,7,57,2025-04-21,3,683509,406000,0.0
3690,30,5,5,2024-11-22,3,501235,278000,0.05
3691,84,6,30,2024-02-18,5,836817,422000,0.1
3692,201,11,72,2025-03-08,5,531452,441000,0.1
3693,102,7,24,2024-06-12,4,510411,408000,0.1
3694,407,8,18,2025-09-30,5,542999,398000,0.05
3695,170,13,2,2024-05-17,2,457712,313000,0.0
3696,450,1,74,2024-07-28,1,481960,308000,0.05
3697,130,14,30,2024-07-21,1,836817,422000,0.05
3698,63,14,60,2025-12-09,4,272251,183000,0.0
3699,439,14,59,2025-03-24,3,468552,288000,0.0
3700,178,11,19,2025-09-16,4,484036,311000,0.2
3701,329,12,32,2024-10-11,1,484101,322000,0.05
3702,467,8,27,2024-06-26,1,381913,245000,0.0
3703,418,16,95,2024-09-21,5,377246,224000,0.2
3704,139,5,22,2024-08-09,2,353698,252000,0.0
3705,235,3,6,2024-10-30,2,618850,348000,0.2
3706,368,6,75,2025-04-10,1,615439,387000,0.0
3707,452,12,21,2024-02-23,2,527487,336000,0.1
3708,339,18,8,2024-09-22,4,506180,391000,0.15
3709,326,16,60,2025-10-19,1,272251,183000,0.15
3710,319,20,42,2024-04-18,3,387805,204000,0.15
3711,185,18,24,2025-01-30,3,510411,408000,0.0
3712,404,16,30,2024-06-06,5,836817,422000,0.15
3713,447,3,81,2025-06-01,2,402769,257000,0.1
3714,21,19,24,2025-09-05,2,510411,408000,0.1
3715,389,18,89,2025-02-07,3,273964,141000,0.15
3716,485,8,37,2024-05-30,3,466547,278000,0.2
3717,294,3,63,2025-04-07,2,639248,338000,0.05
3718,45,2,24,2024-03-27,1,510411,408000,0.05
3719,22,8,16,2025-06-09,5,150904,81000,0.15
3720,414,20,90,2025-03-01,3,260462,156000,0.2
3721,442,16,7,2024-02-20,1,571254,384000,0.15
3722,78,12,38,2025-09-04,1,313675,175000,0.05
3723,129,12,14,2025-09-24,5,615107,440000,0.2
3724,253,4,23,2024-04-22,5,435414,346000,0.1
3725,485,13,23,2025-05-19,2,435414,346000,0.05
3726,286,15,96,2024-08-13,3,110974,65000,0.05
3727,439,10,24,2025-01-04,2,510411,408000,0.0
3728,91,13,20,2025-01-19,2,188439,117000,0.0
3729,451,13,87,2025-08-28,3,866392,494000,0.1
3730,277,7,25,2025-12-09,2,356587,291000,0.0
3731,227,1,26,2024-11-05,3,579595,443000,0.1
3732,261,20,40,2025-05-26,5,612399,307000,0.2
3733,238,1,75,2024-10-04,3,615439,387000,0.0
3734,350,13,22,2025-09-20,1,353698,252000,0.1
3735,314,11,99,2024-03-14,5,754227,445000,0.1
3736,320,6,25,2024-09-20,4,356587,291000,0.15
3737,486,20,51,2024-06-12,4,525757,280000,0.05
3738,138,6,95,2024-08-26,3,377246,224000,0.15
3739,407,6,58,2024-11-22,4,282366,172000,0.15
3740,9,14,21,2024-06-06,3,527487,336000,0.2
3741,43,5,11,2025-07-09,4,501111,364000,0.1
3742,189,19,78,2025-10-31,2,201181,104000,0.0
3743,147,4,93,2025-08-29,2,781223,436000,0.05
3744,22,5,10,2024-08-11,3,728704,377000,0.15
3745,359,19,76,2025-11-11,3,67949,56000,0.1
3746,238,5,52,2024-09-07,2,107522,76000,0.15
3747,371,10,83,2025-09-29,4,147849,97000,0.05
3748,194,3,86,2025-03-17,2,619302,320000,0.0
3749,14,18,43,2025-06-10,3,288284,203000,0.2
3750,371,4,44,2024-07-28,1,533229,334000,0.05
3751,140,19,29,2024-02-14,5,147705,110000,0.0
3752,420,3,69,2024-03-06,2,214926,121000,0.05
3753,401,3,23,2024-06-26,2,435414,346000,0.0
3754,467,4,48,2025-11-09,3,725534,462000,0.2
3755,446,14,92,2024-06-06,3,759219,396000,0.2
3756,206,10,70,2025-05-26,4,651468,327000,0.2
3757,272,11,2,2024-04-22,1,457712,313000,0.2
3758,200,10,34,2024-02-29,5,886449,498000,0.2
3759,407,13,40,2024-02-13,2,612399,307000,0.0
3760,227,17,23,2025-05-24,5,435414,346000,0.2
3761,168,13,62,2025-06-17,2,230470,154000,0.1
3762,384,10,82,2025-02-12,4,354688,203000,0.1
3763,371,5,100,2025-03-21,1,130122,92000,0.2
3764,313,5,28,2024-04-24,3,158902,91000,0.05
3765,39,7,92,2024-07-02,4,759219,396000,0.05
3766,33,2,24,2025-12-07,1,510411,408000,0.1
3767,273,7,37,2024-09-16,2,466547,278000,0.2
3768,470,19,15,2025-06-07,3,564164,320000,0.15
3769,442,20,99,2025-04-27,1,754227,445000,0.0
3770,313,20,58,2025-08-25,2,282366,172000,0.15
3771,270,4,79,2025-12-08,3,250982,148000,0.2
3772,102,4,84,2025-12-16,2,133333,78000,0.2
3773,113,14,95,2024-02-28,5,377246,224000,0.0
3774,382,6,55,2025-12-05,4,78058,57000,0.0
3775,179,7,91,2024-01-06,1,128108,89000,0.0
3776,100,18,96,2024-12-10,2,110974,65000,0.2
3777,165,2,51,2024-01-04,2,525757,280000,0.0
3778,454,17,42,2024-09-07,2,387805,204000,0.1
3779,284,6,31,2024-12-29,5,317221,202000,0.0
3780,399,19,54,2025-11-06,5,295710,156000,0.05
3781,231,13,99,2024-03-02,5,754227,445000,0.0
3782,388,14,69,2025-04-13,4,214926,121000,0.05
3783,456,7,32,2025-07-23,2,484101,322000,0.05
3784,405,7,65,2025-11-20,5,173690,128000,0.15
3785,259,11,28,2024-03-26,4,158902,91000,0.15
3786,91,13,82,2025-02-16,1,354688,203000,0.2
3787,283,10,59,2025-03-20,1,468552,288000,0.05
3788,98,5,100,2024-03-17,1,130122,92000,0.0
3789,461,8,85,2024-07-24,5,572260,305000,0.05
3790,345,18,92,2024-04-11,5,759219,396000,0.05
3791,237,20,66,2024-07-10,2,636541,341000,0.1
3792,167,1,94,2025-05-03,1,98417,77000,0.2
3793,49,2,52,2025-01-29,4,107522,76000,0.15
3794,4,18,55,2024-06-20,3,78058,57000,0.2
3795,395,3,67,2024-09-10,1,327734,181000,0.1
3796,228,14,80,2025-09-13,2,341486,186000,0.15
3797,57,12,15,2025-12-12,4,564164,320000,0.2
3798,330,8,76,2025-06-30,4,67949,56000,0.2
3799,255,6,70,2025-11-07,3,651468,327000,0.1
3800,201,13,95,2025-12-19,1,377246,224000,0.05
3801,392,6,48,2025-01-28,4,725534,462000,0.2
3802,71,11,79,2024-04-06,3,250982,148000,0.2
3803,260,19,58,2025-09-23,2,282366,172000,0.1
3804,115,20,73,2024-11-29,2,148321,84000,0.1
3805,378,10,35,2025-03-31,4,801865,464000,0.0
3806,228,9,18,2024-01-24,5,542999,398000,0.2
3807,211,14,81,2025-09-24,4,402769,257000,0.05
3808,294,20,76,2025-03-24,3,67949,56000,0.0
3809,2,18,51,2025-07-29,4,525757,280000,0.0
3810,349,16,77,2025-12-03,4,92902,58000,0.1
3811,317,19,33,2025-12-03,5,420924,285000,0.1
3812,489,17,37,2024-03-18,4,466547,278000,0.1
3813,58,14,25,2024-11-05,5,356587,291000,0.2
3814,266,11,60,2025-04-14,2,272251,183000,0.1
3815,414,18,27,2025-07-03,4,381913,245000,0.2
3816,274,1,14,2025-08-21,4,615107,440000,0.1
3817,406,20,34,2024-01-11,3,886449,498000,0.1
3818,168,6,22,2024-01-11,5,353698,252000,0.15
3819,72,15,16,2025-02-12,1,150904,81000,0.05
3820,284,20,6,2024-10-23,4,618850,348000,0.15
3821,139,18,8,2024-07-02,1,506180,391000,0.2
3822,395,8,33,2024-04-16,3,420924,285000,0.2
3823,285,7,1,2025-08-09,5,234738,139000,0.2
3824,157,18,86,2025-05-09,1,619302,320000,0.1
3825,378,16,71,2025-09-01,2,899254,479000,0.2
3826,213,8,34,2024-12-21,1,886449,498000,0.2
3827,469,1,2,2025-01-14,2,457712,313000,0.15
3828,348,12,7,2024-02-17,1,571254,384000,0.05
3829,304,20,93,2024-04-14,4,781223,436000,0.15
3830,199,10,46,2025-01-01,2,181428,126000,0.0
3831,99,15,13,2025-08-01,5,670509,409000,0.1
3832,292,2,70,2025-04-04,3,651468,327000,0.15
3833,61,17,65,2025-10-31,4,173690,128000,0.0
3834,412,2,61,2025-10-20,2,184225,100000,0.15
3835,191,4,4,2025-03-13,1,213367,177000,0.05
3836,156,9,7,2024-10-29,2,571254,384000,0.1
3837,202,16,17,2024-02-14,5,195974,134000,0.2
3838,463,13,36,2025-07-26,3,236121,173000,0.15
3839,194,5,48,2024-02-09,2,725534,462000,0.1
3840,467,12,100,2024-11-27,2,130122,92000,0.0
3841,71,11,79,2025-05-04,5,250982,148000,0.15
3842,64,20,55,2024-07-04,2,78058,57000,0.05
3843,478,10,2,2024-08-08,3,457712,313000,0.05
3844,158,16,57,2025-05-25,1,683509,406000,0.1
3845,351,11,50,2024-10-22,3,244295,174000,0.2
3846,224,11,48,2025-09-07,5,725534,462000,0.05
3847,116,11,22,2025-07-01,1,353698,252000,0.05
3848,148,11,1,2024-05-20,4,234738,139000,0.0
3849,86,20,94,2024-04-14,3,98417,77000,0.05
3850,66,6,8,2025-02-07,1,506180,391000,0.05
3851,473,5,12,2024-08-30,1,200189,128000,0.15
3852,218,9,82,2024-06-09,4,354688,203000,0.15
3853,178,18,69,2025-09-24,5,214926,121000,0.05
3854,88,6,42,2024-11-28,3,387805,204000,0.2
3855,431,12,75,2025-11-28,3,615439,387000,0.05
3856,60,17,18,2025-02-19,3,542999,398000,0.0
3857,44,15,42,2025-09-21,4,387805,204000,0.1
3858,271,2,9,2024-02-23,1,449456,257000,0.1
3859,133,15,47,2024-04-04,3,325148,173000,0.2
3860,118,12,59,2025-04-27,3,468552,288000,0.1
3861,153,15,82,2024-05-24,2,354688,203000,0.1
3862,61,12,68,2025-04-17,3,380357,285000,0.0
3863,103,9,75,2025-04-15,3,615439,387000,0.2
3864,171,8,38,2024-02-07,5,313675,175000,0.05
3865,114,7,63,2024-02-01,5,639248,338000,0.2
3866,43,3,16,2025-03-07,5,150904,81000,0.05
3867,267,20,89,2025-10-21,2,273964,141000,0.05
3868,243,17,24,2025-06-09,4,510411,408000,0.0
3869,181,6,69,2024-03-10,2,214926,121000,0.2
3870,5,10,62,2024-07-20,5,230470,154000,0.15
3871,351,3,72,2024-11-19,4,531452,441000,0.05
3872,355,10,41,2025-03-31,2,579025,345000,0.0
3873,374,8,53,2024-12-01,3,269183,146000,0.05
3874,263,19,62,2024-04-13,5,230470,154000,0.0
3875,245,7,14,2025-12-03,3,615107,440000,0.15
3876,45,16,38,2025-05-23,3,313675,175000,0.15
3877,415,13,57,2025-08-29,4,683509,406000,0.05
3878,108,13,76,2024-08-17,1,67949,56000,0.1
3879,132,13,18,2025-08-12,5,542999,398000,0.2
3880,27,20,81,2024-12-15,4,402769,257000,0.1
3881,354,2,76,2024-01-30,5,67949,56000,0.2
3882,284,11,15,2025-09-01,1,564164,320000,0.2
3883,273,8,62,2024-01-18,2,230470,154000,0.2
3884,361,3,88,2024-04-07,3,141570,73000,0.05
3885,268,10,70,2025-11-10,5,651468,327000,0.15
3886,142,17,37,2025-02-03,2,466547,278000,0.1
3887,385,20,100,2025-09-26,5,130122,92000,0.1
3888,225,6,93,2025-01-14,4,781223,436000,0.2
3889,326,19,72,2024-12-02,3,531452,441000,0.15
3890,380,4,45,2025-06-14,5,732045,452000,0.05
3891,37,15,76,2024-05-26,1,67949,56000,0.05
3892,312,3,96,2025-07-05,5,110974,65000,0.15
3893,97,20,18,2025-07-07,3,542999,398000,0.2
3894,475,11,58,2024-01-15,1,282366,172000,0.15
3895,469,9,97,2024-11-02,5,246451,166000,0.2
3896,218,16,43,2024-07-30,1,288284,203000,0.1
3897,268,4,98,2025-02-04,2,252844,145000,0.2
3898,16,7,11,2025-10-15,2,501111,364000,0.05
3899,435,18,68,2025-03-20,5,380357,285000,0.1
3900,313,16,15,2024-09-08,1,564164,320000,0.2
3901,296,1,69,2024-12-10,1,214926,121000,0.1
3902,434,6,3,2025-10-07,5,285890,144000,0.2
3903,25,12,14,2025-08-13,4,615107,440000,0.15
3904,474,14,41,2025-03-11,2,579025,345000,0.2
3905,46,11,75,2025-01-17,2,615439,387000,0.05
3906,387,15,96,2024-01-22,5,110974,65000,0.2
3907,65,13,96,2024-07-18,1,110974,65000,0.1
3908,124,19,3,2025-08-12,1,285890,144000,0.0
3909,65,19,11,2025-06-29,1,501111,364000,0.05
3910,444,11,61,2025-10-23,3,184225,100000,0.05
3911,22,19,45,2025-03-12,1,732045,452000,0.05
3912,409,4,8,2025-07-01,5,506180,391000,0.1
3913,168,2,65,2024-10-17,1,173690,128000,0.0
3914,106,13,18,2025-04-17,3,542999,398000,0.05
3915,106,13,9,2025-05-23,3,449456,257000,0.2
3916,41,7,97,2025-03-26,4,246451,166000,0.05
3917,206,19,89,2025-09-05,3,273964,141000,0.2
3918,409,20,32,2024-09-04,2,484101,322000,0.1
3919,165,14,8,2025-07-11,1,506180,391000,0.1
3920,341,8,12,2025-04-06,3,200189,128000,0.1
3921,123,19,12,2025-01-19,3,200189,128000,0.15
3922,178,4,63,2024-12-31,5,639248,338000,0.05
3923,202,20,13,2024-09-09,4,670509,409000,0.1
3924,242,16,6,2024-09-02,2,618850,348000,0.2
3925,279,20,24,2024-06-11,4,510411,408000,0.0
3926,176,8,54,2024-01-05,4,295710,156000,0.15
3927,194,9,38,2024-03-25,2,313675,175000,0.2
3928,18,4,33,2024-03-19,1,420924,285000,0.15
3929,457,7,80,2025-10-11,4,341486,186000,0.1
3930,425,9,43,2025-02-23,5,288284,203000,0.1
3931,97,18,6,2024-02-08,3,618850,348000,0.0
3932,110,1,70,2025-05-17,1,651468,327000,0.05
3933,107,14,34,2025-03-05,2,886449,498000,0.15
3934,325,9,18,2024-09-26,5,542999,398000,0.0
3935,271,19,87,2024-04-28,3,866392,494000,0.15
3936,475,1,30,2024-08-04,5,836817,422000,0.1
3937,215,16,74,2024-02-15,4,481960,308000,0.2
3938,495,1,52,2025-10-03,3,107522,76000,0.2
3939,275,9,73,2025-06-01,2,148321,84000,0.05
3940,447,11,79,2024-10-03,5,250982,148000,0.15
3941,122,11,97,2025-12-24,3,246451,166000,0.0
3942,64,15,69,2025-05-17,4,214926,121000,0.05
3943,496,14,35,2025-10-19,2,801865,464000,0.0
3944,388,13,71,2024-04-18,5,899254,479000,0.0
3945,485,7,35,2024-11-08,1,801865,464000,0.05
3946,260,16,76,2024-03-07,5,67949,56000,0.2
3947,334,12,27,2025-03-29,5,381913,245000,0.15
3948,208,10,66,2024-08-07,2,636541,341000,0.05
3949,425,9,98,2024-01-15,4,252844,145000,0.15
3950,7,20,13,2025-09-11,2,670509,409000,0.0
3951,423,14,15,2025-06-08,3,564164,320000,0.05
3952,203,5,3,2024-05-10,2,285890,144000,0.2
3953,474,9,45,2024-02-10,3,732045,452000,0.05
3954,313,2,9,2024-03-28,2,449456,257000,0.05
3955,69,1,93,2025-04-17,3,781223,436000,0.15
3956,29,16,35,2024-01-21,3,801865,464000,0.0
3957,290,7,89,2024-04-12,5,273964,141000,0.1
3958,431,18,21,2024-09-02,3,527487,336000,0.1
3959,248,20,83,2025-09-28,1,147849,97000,0.0
3960,385,9,40,2024-05-27,1,612399,307000,0.05
3961,374,18,70,2025-08-24,4,651468,327000,0.0
3962,444,19,61,2024-09-18,2,184225,100000,0.15
3963,192,3,53,2024-06-30,2,269183,146000,0.05
3964,149,1,64,2024-07-08,3,81699,58000,0.05
3965,52,4,34,2025-03-05,2,886449,498000,0.05
3966,99,10,69,2024-02-06,5,214926,121000,0.0
3967,353,13,49,2024-04-11,5,432853,263000,0.15
3968,77,18,28,2024-01-13,1,158902,91000,0.15
3969,479,5,52,2024-02-27,4,107522,76000,0.05
3970,172,8,100,2025-08-31,1,130122,92000,0.0
3971,293,12,51,2024-03-12,4,525757,280000,0.05
3972,16,1,26,2025-08-20,4,579595,443000,0.2
3973,161,1,44,2025-09-11,4,533229,334000,0.15
3974,70,11,8,2024-09-06,1,506180,391000,0.15
3975,111,20,73,2025-04-17,1,148321,84000,0.0
3976,336,15,60,2024-02-05,1,272251,183000,0.05
3977,105,18,22,2024-04-21,2,353698,252000,0.0
3978,242,3,49,2025-06-05,5,432853,263000,0.0
3979,96,4,84,2024-05-25,4,133333,78000,0.15
3980,397,9,4,2025-12-27,3,213367,177000,0.1
3981,57,19,96,2025-05-22,4,110974,65000,0.0
3982,428,1,22,2025-04-30,5,353698,252000,0.0
3983,209,2,59,2024-09-07,3,468552,288000,0.1
3984,439,5,19,2024-10-27,2,484036,311000,0.1
3985,332,13,24,2024-04-05,3,510411,408000,0.05
3986,110,19,2,2024-07-04,2,457712,313000,0.1
3987,374,1,35,2025-11-11,1,801865,464000,0.05
3988,409,16,75,2025-04-01,3,615439,387000,0.1
3989,107,6,24,2024-01-24,4,510411,408000,0.2
3990,116,5,54,2024-04-06,3,295710,156000,0.1
3991,239,20,61,2025-10-29,4,184225,100000,0.0
3992,69,9,39,2025-11-24,5,275775,169000,0.0
3993,180,4,45,2025-07-07,3,732045,452000,0.2
3994,55,19,49,2024-04-18,1,432853,263000,0.05
3995,298,3,86,2025-07-03,1,619302,320000,0.1
3996,388,10,22,2025-02-18,4,353698,252000,0.2
3997,131,16,94,2025-02-27,5,98417,77000,0.2
3998,216,5,72,2025-11-21,4,531452,441000,0.2
3999,465,1,28,2024-03-01,4,158902,91000,0.15
4000,234,9,65,2024-11-15,5,173690,128000,0.1
4001,421,18,4,2025-03-24,5,213367,177000,0.05
4002,17,16,12,2025-08-08,5,200189,128000,0.0
4003,44,14,38,2024-05-13,5,313675,175000,0.2
4004,293,17,39,2025-02-17,1,275775,169000,0.0
4005,493,5,99,2025-09-14,2,754227,445000,0.15
4006,277,9,26,2024-10-12,3,579595,443000,0.05
4007,484,2,66,2025-04-04,4,636541,341000,0.1
4008,294,17,65,2024-08-17,2,173690,128000,0.0
4009,96,5,53,2025-03-18,3,269183,146000,0.1
4010,86,7,92,2024-03-08,1,759219,396000,0.05
4011,184,11,96,2024-01-15,4,110974,65000,0.05
4012,32,1,1,2024-01-03,2,234738,139000,0.05
4013,128,10,3,2025-01-20,5,285890,144000,0.2
4014,304,4,96,2024-09-02,4,110974,65000,0.15
4015,267,19,79,2025-06-12,1,250982,148000,0.0
4016,130,4,99,2024-05-04,5,754227,445000,0.0
4017,489,3,52,2025-08-16,1,107522,76000,0.0
4018,72,16,50,2024-08-28,5,244295,174000,0.05
4019,273,19,26,2025-11-20,4,579595,443000,0.2
4020,199,1,94,2024-02-15,4,98417,77000,0.2
4021,432,3,70,2025-07-10,3,651468,327000,0.1
4022,199,8,71,2024-09-21,4,899254,479000,0.15
4023,418,19,6,2025-09-03,1,618850,348000,0.0
4024,223,4,66,2024-09-12,3,636541,341000,0.05
4025,476,4,13,2024-03-25,2,670509,409000,0.15
4026,340,20,67,2024-04-04,1,327734,181000,0.1
4027,257,5,72,2024-12-03,3,531452,441000,0.1
4028,499,1,98,2024-06-02,5,252844,145000,0.1
4029,186,7,25,2024-03-11,3,356587,291000,0.0
4030,211,1,42,2025-02-26,2,387805,204000,0.1
4031,311,20,58,2025-08-11,3,282366,172000,0.15
4032,140,13,33,2025-12-21,3,420924,285000,0.2
4033,49,2,56,2024-02-24,4,863852,432000,0.05
4034,370,1,71,2025-10-21,2,899254,479000,0.1
4035,260,5,18,2025-12-06,5,542999,398000,0.0
4036,306,10,18,2025-04-02,2,542999,398000,0.2
4037,18,17,1,2024-05-24,2,234738,139000,0.15
4038,135,11,45,2025-05-23,5,732045,452000,0.0
4039,327,7,18,2025-01-02,4,542999,398000,0.05
4040,177,15,53,2024-08-15,3,269183,146000,0.05
4041,82,20,3,2024-03-30,1,285890,144000,0.1
4042,360,11,13,2025-07-18,5,670509,409000,0.05
4043,215,3,14,2025-12-04,5,615107,440000,0.0
4044,290,1,81,2024-12-20,2,402769,257000,0.1
4045,32,15,37,2024-02-02,4,466547,278000,0.0
4046,136,14,78,2024-02-26,2,201181,104000,0.05
4047,66,18,53,2024-03-28,1,269183,146000,0.0
4048,45,1,32,2025-04-14,5,484101,322000,0.05
4049,291,14,12,2024-05-10,2,200189,128000,0.05
4050,16,9,9,2024-05-08,3,449456,257000,0.0
4051,377,14,69,2025-05-24,3,214926,121000,0.0
4052,160,13,56,2024-09-21,3,863852,432000,0.05
4053,91,5,93,2025-11-01,1,781223,436000,0.1
4054,154,13,57,2025-10-11,4,683509,406000,0.05
4055,171,8,4,2024-03-31,1,213367,177000,0.2
4056,105,10,1,2025-10-02,3,234738,139000,0.15
4057,180,18,63,2024-08-28,2,639248,338000,0.1
4058,274,6,54,2025-02-23,1,295710,156000,0.15
4059,65,15,21,2025-11-26,3,527487,336000,0.0
4060,2,17,86,2025-04-08,2,619302,320000,0.15
4061,478,13,51,2024-12-25,4,525757,280000,0.15
4062,490,20,20,2024-03-19,2,188439,117000,0.1
4063,262,9,57,2025-03-28,4,683509,406000,0.2
4064,425,3,80,2025-04-23,3,341486,186000,0.15
4065,328,7,85,2024-03-02,2,572260,305000,0.2
4066,500,4,47,2025-02-26,1,325148,173000,0.0
4067,248,10,66,2025-08-02,3,636541,341000,0.2
4068,443,9,19,2024-11-16,2,484036,311000,0.05
4069,372,14,27,2024-11-10,3,381913,245000,0.0
4070,486,4,95,2024-06-05,4,377246,224000,0.2
4071,222,9,20,2025-10-14,1,188439,117000,0.1
4072,132,19,78,2024-12-31,3,201181,104000,0.05
4073,354,9,23,2025-11-06,1,435414,346000,0.15
4074,344,20,37,2024-04-13,1,466547,278000,0.0
4075,42,17,64,2025-07-17,2,81699,58000,0.2
4076,439,14,19,2024-01-03,4,484036,311000,0.05
4077,347,19,30,2024-12-11,3,836817,422000,0.05
4078,371,3,37,2024-07-02,5,466547,278000,0.2
4079,411,14,68,2025-08-23,5,380357,285000,0.1
4080,133,1,69,2025-02-18,1,214926,121000,0.15
4081,94,3,45,2024-02-14,1,732045,452000,0.0
4082,337,9,21,2024-07-19,3,527487,336000,0.1
4083,61,13,11,2024-01-31,2,501111,364000,0.05
4084,218,1,7,2025-06-24,3,571254,384000,0.2
4085,366,17,31,2024-04-12,4,317221,202000,0.05
4086,84,2,50,2024-07-26,1,244295,174000,0.0
4087,229,18,90,2025-08-31,2,260462,156000,0.0
4088,42,3,76,2024-02-20,5,67949,56000,0.2
4089,153,16,36,2024-08-02,1,236121,173000,0.0
4090,255,4,15,2025-12-07,2,564164,320000,0.0
4091,24,4,76,2025-02-28,4,67949,56000,0.2
4092,351,20,81,2024-12-29,4,402769,257000,0.05
4093,51,19,97,2024-09-21,1,246451,166000,0.2
4094,169,12,83,2025-06-20,3,147849,97000,0.15
4095,491,15,2,2024-07-29,1,457712,313000,0.0
4096,85,4,44,2025-06-26,2,533229,334000,0.1
4097,271,15,3,2025-07-25,4,285890,144000,0.05
4098,400,15,67,2024-05-20,1,327734,181000,0.15
4099,58,14,77,2025-04-24,1,92902,58000,0.05
4100,354,17,14,2025-07-19,4,615107,440000,0.0
4101,67,7,15,2024-06-07,5,564164,320000,0.15
4102,197,9,87,2025-10-10,5,866392,494000,0.2
4103,102,16,62,2025-07-02,4,230470,154000,0.0
4104,450,14,44,2025-04-03,2,533229,334000,0.0
4105,409,10,72,2024-07-05,1,531452,441000,0.0
4106,402,12,71,2025-01-10,1,899254,479000,0.2
4107,87,9,60,2024-01-16,5,272251,183000,0.0
4108,110,13,86,2024-05-18,3,619302,320000,0.05
4109,300,2,24,2025-02-04,2,510411,408000,0.0
4110,181,15,50,2025-07-18,5,244295,174000,0.15
4111,200,15,34,2024-01-21,4,886449,498000,0.15
4112,318,4,88,2025-03-23,3,141570,73000,0.0
4113,384,5,32,2025-12-14,5,484101,322000,0.1
4114,430,14,12,2024-04-28,3,200189,128000,0.0
4115,3,16,39,2024-03-15,2,275775,169000,0.15
4116,24,17,2,2025-01-07,2,457712,313000,0.05
4117,435,7,99,2024-10-15,3,754227,445000,0.05
4118,444,8,90,2025-07-05,1,260462,156000,0.2
4119,438,10,74,2025-07-08,2,481960,308000,0.1
4120,6,10,65,2024-01-25,1,173690,128000,0.05
4121,417,1,14,2024-03-17,4,615107,440000,0.2
4122,52,12,41,2024-05-30,2,579025,345000,0.0
4123,391,18,10,2025-01-08,4,728704,377000,0.15
4124,407,8,50,2025-12-31,3,244295,174000,0.15
4125,159,18,30,2024-08-26,5,836817,422000,0.1
4126,9,4,12,2024-11-29,1,200189,128000,0.0
4127,133,5,98,2025-03-06,3,252844,145000,0.15
4128,439,4,63,2025-03-10,5,639248,338000,0.2
4129,173,11,41,2025-07-19,4,579025,345000,0.05
4130,395,3,96,2025-07-13,1,110974,65000,0.05
4131,69,8,58,2024-04-10,4,282366,172000,0.1
4132,260,4,76,2025-05-24,3,67949,56000,0.2
4133,193,2,44,2024-06-07,3,533229,334000,0.1
4134,117,13,98,2024-06-13,5,252844,145000,0.15
4135,223,12,3,2024-10-26,2,285890,144000,0.1
4136,240,5,99,2025-04-18,3,754227,445000,0.15
4137,53,1,5,2025-03-28,3,501235,278000,0.0
4138,238,4,59,2025-05-27,2,468552,288000,0.0
4139,247,18,47,2025-10-29,4,325148,173000,0.1
4140,371,2,83,2025-11-11,2,147849,97000,0.15
4141,158,8,28,2024-11-21,1,158902,91000,0.15
4142,152,3,68,2025-03-28,1,380357,285000,0.05
4143,236,6,39,2025-12-23,5,275775,169000,0.1
4144,89,11,50,2025-07-30,1,244295,174000,0.05
4145,76,15,34,2025-02-16,4,886449,498000,0.2
4146,24,15,24,2024-11-03,5,510411,408000,0.2
4147,6,15,54,2024-05-19,4,295710,156000,0.1
4148,245,3,84,2024-05-27,4,133333,78000,0.05
4149,373,18,91,2024-08-01,2,128108,89000,0.1
4150,71,12,52,2025-12-09,4,107522,76000,0.15
4151,221,17,78,2025-06-25,2,201181,104000,0.05
4152,459,1,61,2025-02-20,5,184225,100000,0.0
4153,303,8,34,2025-02-06,5,886449,498000,0.2
4154,399,8,23,2025-01-14,1,435414,346000,0.1
4155,352,17,34,2024-01-27,1,886449,498000,0.1
4156,296,14,78,2024-07-23,2,201181,104000,0.15
4157,438,15,96,2025-09-02,1,110974,65000,0.1
4158,99,11,55,2024-11-17,3,78058,57000,0.0
4159,257,20,53,2025-04-30,4,269183,146000,0.0
4160,131,6,60,2024-12-18,4,272251,183000,0.1
4161,442,1,56,2025-12-22,1,863852,432000,0.2
4162,433,6,31,2024-05-30,5,317221,202000,0.1
4163,234,7,62,2024-05-13,2,230470,154000,0.15
4164,484,5,24,2024-06-28,1,510411,408000,0.05
4165,428,15,62,2024-03-17,1,230470,154000,0.0
4166,62,16,48,2025-09-13,4,725534,462000,0.15
4167,400,10,14,2024-02-28,4,615107,440000,0.05
4168,59,10,21,2025-01-15,5,527487,336000,0.2
4169,284,8,35,2025-08-13,5,801865,464000,0.15
4170,428,14,5,2024-04-16,3,501235,278000,0.05
4171,439,6,75,2025-08-21,1,615439,387000,0.05
4172,493,19,24,2025-02-27,1,510411,408000,0.05
4173,95,13,71,2024-09-29,1,899254,479000,0.0
4174,217,18,35,2024-03-03,4,801865,464000,0.0
4175,453,1,4,2025-04-20,1,213367,177000,0.15
4176,229,2,28,2024-07-17,1,158902,91000,0.15
4177,299,7,44,2024-10-25,1,533229,334000,0.0
4178,94,9,27,2025-04-14,2,381913,245000,0.15
4179,437,4,36,2024-08-17,4,236121,173000,0.2
4180,401,15,57,2024-10-12,2,683509,406000,0.2
4181,277,8,56,2024-01-06,2,863852,432000,0.2
4182,134,2,73,2024-11-28,1,148321,84000,0.15
4183,419,18,21,2025-09-19,3,527487,336000,0.2
4184,378,20,42,2024-08-12,1,387805,204000,0.2
4185,81,16,29,2025-12-18,2,147705,110000,0.15
4186,459,19,24,2024-06-12,5,510411,408000,0.0
4187,334,2,16,2024-12-22,4,150904,81000,0.05
4188,65,14,39,2024-03-01,5,275775,169000,0.15
4189,331,11,92,2025-02-08,4,759219,396000,0.15
4190,330,10,22,2025-07-20,4,353698,252000,0.05
4191,136,20,46,2025-05-15,2,181428,126000,0.2
4192,232,1,96,2024-01-24,5,110974,65000,0.1
4193,418,1,65,2024-11-04,5,173690,128000,0.15
4194,434,1,54,2025-02-26,4,295710,156000,0.1
4195,341,4,22,2024-01-11,1,353698,252000,0.2
4196,85,6,73,2024-02-17,2,148321,84000,0.2
4197,452,8,99,2024-11-02,1,754227,445000,0.1
4198,278,19,80,2024-09-22,1,341486,186000,0.1
4199,461,6,5,2024-06-26,5,501235,278000,0.05
4200,89,1,45,2024-07-30,2,732045,452000,0.05
4201,21,5,22,2024-03-09,2,353698,252000,0.1
4202,59,20,48,2024-03-01,3,725534,462000,0.1
4203,169,2,94,2024-10-17,2,98417,77000,0.1
4204,417,18,29,2025-05-31,4,147705,110000,0.2
4205,100,8,72,2025-09-30,3,531452,441000,0.05
4206,202,6,25,2024-09-09,2,356587,291000,0.1
4207,416,18,76,2024-01-08,4,67949,56000,0.05
4208,331,8,4,2025-07-05,3,213367,177000,0.2
4209,47,6,16,2024-10-03,2,150904,81000,0.1
4210,385,20,75,2024-12-07,1,615439,387000,0.15
4211,315,5,51,2025-09-07,3,525757,280000,0.2
4212,496,16,8,2024-09-05,1,506180,391000,0.05
4213,236,10,52,2025-05-07,2,107522,76000,0.0
4214,34,1,76,2024-06-12,3,67949,56000,0.1
4215,329,3,50,2024-10-01,2,244295,174000,0.2
4216,319,4,73,2024-12-16,2,148321,84000,0.15
4217,229,3,76,2025-02-09,2,67949,56000,0.05
4218,191,8,90,2025-05-08,2,260462,156000,0.0
4219,438,9,93,2025-03-09,4,781223,436000,0.05
4220,437,17,61,2025-11-14,3,184225,100000,0.05
4221,53,5,81,2025-01-27,4,402769,257000,0.1
4222,62,15,90,2025-03-11,1,260462,156000,0.2
4223,293,19,99,2024-01-05,2,754227,445000,0.0
4224,448,5,21,2024-11-18,5,527487,336000,0.1
4225,362,4,35,2024-06-19,1,801865,464000,0.05
4226,182,1,9,2024-12-05,3,449456,257000,0.05
4227,369,5,41,2024-08-02,1,579025,345000,0.1
4228,122,2,13,2024-11-02,5,670509,409000,0.0
4229,237,5,67,2025-08-28,4,327734,181000,0.15
4230,192,9,34,2024-05-09,4,886449,498000,0.2
4231,280,8,17,2025-05-28,2,195974,134000,0.0
4232,478,18,91,2025-12-18,3,128108,89000,0.1
4233,155,18,15,2024-01-08,5,564164,320000,0.05
4234,253,13,62,2025-03-17,4,230470,154000,0.0
4235,388,6,74,2024-08-28,2,481960,308000,0.05
4236,182,4,76,2025-03-16,5,67949,56000,0.2
4237,175,15,46,2024-06-18,5,181428,126000,0.0
4238,141,2,92,2025-03-19,5,759219,396000,0.1
4239,377,17,67,2025-01-02,3,327734,181000,0.2
4240,499,11,68,2024-06-24,2,380357,285000,0.2
4241,208,6,90,2024-05-18,4,260462,156000,0.15
4242,247,5,3,2025-02-11,5,285890,144000,0.1
4243,157,7,85,2025-01-06,5,572260,305000,0.05
4244,403,19,100,2024-03-23,3,130122,92000,0.1
4245,89,6,51,2024-06-11,2,525757,280000,0.2
4246,94,12,45,2025-06-30,1,732045,452000,0.0
4247,229,6,94,2024-11-03,4,98417,77000,0.05
4248,390,9,71,2025-08-26,4,899254,479000,0.05
4249,406,6,24,2024-06-22,1,510411,408000,0.0
4250,292,19,32,2024-10-21,3,484101,322000,0.0
4251,311,14,23,2024-01-14,5,435414,346000,0.0
4252,69,14,51,2024-02-10,2,525757,280000,0.15
4253,424,2,52,2024-12-16,1,107522,76000,0.1
4254,95,3,75,2024-07-17,3,615439,387000,0.15
4255,368,8,62,2024-01-20,3,230470,154000,0.0
4256,295,8,79,2024-03-27,1,250982,148000,0.0
4257,318,6,32,2025-07-05,3,484101,322000,0.05
4258,48,3,18,2025-04-19,2,542999,398000,0.1
4259,356,2,76,2024-01-06,2,67949,56000,0.15
4260,237,16,54,2024-05-27,1,295710,156000,0.2
4261,144,13,85,2025-02-13,1,572260,305000,0.1
4262,500,14,15,2025-04-30,4,564164,320000,0.0
4263,363,17,17,2024-08-11,4,195974,134000,0.1
4264,294,11,92,2024-01-16,3,759219,396000,0.0
4265,139,14,30,2024-07-23,4,836817,422000,0.05
4266,76,8,12,2025-11-05,4,200189,128000,0.15
4267,403,14,87,2024-07-21,1,866392,494000,0.05
4268,145,3,15,2024-09-22,1,564164,320000,0.2
4269,367,4,56,2024-07-23,3,863852,432000,0.05
4270,60,7,50,2024-10-21,3,244295,174000,0.1
4271,338,13,59,2025-04-26,2,468552,288000,0.15
4272,458,2,67,2025-03-06,3,327734,181000,0.15
4273,150,6,55,2025-09-10,2,78058,57000,0.1
4274,415,3,80,2025-03-14,1,341486,186000,0.1
4275,262,18,61,2024-04-12,3,184225,100000,0.1
4276,318,20,57,2025-05-21,1,683509,406000,0.0
4277,358,6,73,2024-11-02,2,148321,84000,0.05
4278,113,15,6,2025-07-27,2,618850,348000,0.1
4279,394,16,40,2024-03-20,3,612399,307000,0.1
4280,220,11,22,2024-12-19,2,353698,252000,0.1
4281,131,15,26,2025-08-09,5,579595,443000,0.15
4282,448,10,73,2025-01-02,1,148321,84000,0.05
4283,194,5,99,2024-08-18,5,754227,445000,0.1
4284,144,15,54,2024-02-12,5,295710,156000,0.2
4285,376,9,23,2025-03-20,2,435414,346000,0.2
4286,174,8,9,2025-09-01,1,449456,257000,0.0
4287,380,9,65,2025-05-08,3,173690,128000,0.1
4288,121,11,23,2024-10-12,1,435414,346000,0.15
4289,428,2,100,2024-01-17,5,130122,92000,0.2
4290,40,9,75,2025-06-30,2,615439,387000,0.15
4291,251,14,87,2024-11-08,4,866392,494000,0.0
4292,234,17,95,2024-08-15,1,377246,224000,0.1
4293,235,2,67,2024-08-05,3,327734,181000,0.1
4294,386,15,51,2025-07-09,4,525757,280000,0.0
4295,459,14,84,2024-09-19,3,133333,78000,0.15
4296,207,18,60,2024-08-27,2,272251,183000,0.15
4297,45,17,9,2025-12-11,3,449456,257000,0.1
4298,18,2,48,2025-08-07,5,725534,462000,0.2
4299,86,19,20,2025-12-13,4,188439,117000,0.15
4300,172,2,15,2024-11-11,1,564164,320000,0.2
4301,11,10,90,2025-01-29,4,260462,156000,0.2
4302,18,11,31,2025-03-14,3,317221,202000,0.15
4303,137,14,5,2025-03-30,2,501235,278000,0.05
4304,14,13,76,2024-08-04,5,67949,56000,0.05
4305,419,13,62,2024-01-23,4,230470,154000,0.05
4306,94,6,61,2024-05-18,1,184225,100000,0.2
4307,329,9,54,2025-08-11,4,295710,156000,0.15
4308,395,17,100,2024-01-17,1,130122,92000,0.2
4309,169,7,58,2025-03-17,5,282366,172000,0.2
4310,199,16,65,2024-02-17,3,173690,128000,0.2
4311,105,10,97,2025-02-28,2,246451,166000,0.2
4312,317,17,88,2025-12-11,2,141570,73000,0.2
4313,380,11,97,2024-01-25,4,246451,166000,0.15
4314,327,10,82,2025-11-17,3,354688,203000,0.0
4315,356,15,74,2024-04-30,2,481960,308000,0.05
4316,392,3,8,2025-03-08,3,506180,391000,0.2
4317,209,13,70,2024-01-31,4,651468,327000,0.15
4318,206,6,27,2024-03-12,2,381913,245000,0.0
4319,484,19,74,2024-07-15,1,481960,308000,0.15
4320,42,19,75,2025-09-22,2,615439,387000,0.2
4321,288,5,69,2024-05-02,2,214926,121000,0.15
4322,238,3,54,2024-08-26,3,295710,156000,0.05
4323,422,10,59,2025-03-09,1,468552,288000,0.2
4324,301,10,79,2025-02-18,3,250982,148000,0.05
4325,303,18,21,2025-12-13,1,527487,336000,0.05
4326,395,8,88,2025-11-21,2,141570,73000,0.0
4327,10,4,42,2025-12-09,3,387805,204000,0.2
4328,215,15,37,2025-09-17,3,466547,278000,0.2
4329,33,20,4,2024-07-02,4,213367,177000,0.2
4330,2,12,44,2024-07-13,5,533229,334000,0.15
4331,491,9,34,2024-06-15,5,886449,498000,0.2
4332,338,8,30,2024-10-11,5,836817,422000,0.2
4333,372,18,7,2025-04-22,2,571254,384000,0.0
4334,441,1,15,2025-05-29,4,564164,320000,0.15
4335,114,4,50,2025-11-10,4,244295,174000,0.1
4336,53,13,44,2024-02-23,5,533229,334000,0.2
4337,73,17,84,2025-11-04,3,133333,78000,0.2
4338,482,15,12,2024-07-23,3,200189,128000,0.0
4339,28,20,100,2025-05-02,1,130122,92000,0.0
4340,229,2,20,2024-02-13,4,188439,117000,0.1
4341,277,2,27,2025-10-06,1,381913,245000,0.2
4342,206,5,67,2024-06-12,1,327734,181000,0.15
4343,282,6,68,2025-02-28,2,380357,285000,0.2
4344,168,1,84,2025-06-23,3,133333,78000,0.1
4345,265,17,85,2024-05-30,1,572260,305000,0.15
4346,95,15,85,2025-08-01,5,572260,305000,0.1
4347,215,18,81,2024-03-18,3,402769,257000,0.0
4348,58,20,1,2025-12-02,4,234738,139000,0.2
4349,208,13,50,2025-04-28,1,244295,174000,0.05
4350,272,5,17,2024-02-03,1,195974,134000,0.2
4351,234,2,3,2024-05-02,2,285890,144000,0.2
4352,345,9,82,2024-07-18,2,354688,203000,0.15
4353,412,20,36,2024-11-29,3,236121,173000,0.05
4354,268,16,49,2024-12-08,2,432853,263000,0.1
4355,377,10,1,2024-01-12,1,234738,139000,0.05
4356,337,12,85,2024-06-15,2,572260,305000,0.1
4357,300,3,28,2024-01-20,4,158902,91000,0.2
4358,128,1,20,2025-01-07,2,188439,117000,0.15
4359,232,13,24,2025-08-06,5,510411,408000,0.1
4360,193,15,91,2025-09-16,1,128108,89000,0.05
4361,193,11,1,2024-09-05,2,234738,139000,0.1
4362,182,8,18,2024-12-26,3,542999,398000,0.0
4363,386,3,90,2025-05-28,4,260462,156000,0.1
4364,399,9,90,2025-01-11,5,260462,156000,0.15
4365,424,9,87,2025-02-13,1,866392,494000,0.05
4366,181,19,66,2024-05-01,5,636541,341000,0.05
4367,190,9,58,2025-06-14,4,282366,172000,0.05
4368,102,5,92,2024-06-04,4,759219,396000,0.15
4369,207,15,30,2025-01-25,4,836817,422000,0.0
4370,146,19,78,2025-02-21,5,201181,104000,0.2
4371,159,19,10,2025-08-18,2,728704,377000,0.1
4372,488,9,63,2024-02-21,2,639248,338000,0.05
4373,95,6,24,2025-01-31,5,510411,408000,0.2
4374,6,13,53,2024-05-11,5,269183,146000,0.2
4375,486,19,54,2025-04-09,4,295710,156000,0.0
4376,457,12,75,2024-07-12,4,615439,387000,0.05
4377,337,5,49,2025-09-07,5,432853,263000,0.2
4378,111,11,76,2024-09-10,5,67949,56000,0.2
4379,285,17,97,2025-02-13,5,246451,166000,0.15
4380,96,12,60,2025-09-17,4,272251,183000,0.15
4381,63,8,100,2024-11-04,4,130122,92000,0.0
4382,268,9,33,2024-02-20,5,420924,285000,0.05
4383,103,20,78,2024-12-01,2,201181,104000,0.0
4384,80,5,68,2024-03-27,2,380357,285000,0.2
4385,460,3,52,2024-01-05,1,107522,76000,0.0
4386,338,15,38,2025-10-30,3,313675,175000,0.0
4387,490,10,52,2024-03-09,2,107522,76000,0.2
4388,375,19,95,2024-10-18,2,377246,224000,0.0
4389,9,7,10,2024-05-01,2,728704,377000,0.1
4390,78,18,67,2024-11-25,5,327734,181000,0.15
4391,314,18,61,2025-08-28,2,184225,100000,0.0
4392,82,5,56,2024-10-31,3,863852,432000,0.15
4393,497,5,38,2025-09-27,1,313675,175000,0.1
4394,173,8,8,2024-08-27,5,506180,391000,0.05
4395,220,20,4,2025-03-12,5,213367,177000,0.15
4396,464,20,14,2025-07-26,5,615107,440000,0.1
4397,472,2,52,2025-07-12,2,107522,76000,0.2
4398,68,1,84,2025-06-30,3,133333,78000,0.15
4399,322,1,11,2024-09-08,4,501111,364000,0.1
4400,52,17,58,2025-02-22,5,282366,172000,0.15
4401,79,10,56,2025-05-06,5,863852,432000,0.1
4402,252,9,1,2024-11-10,3,234738,139000,0.05
4403,494,3,16,2024-08-18,2,150904,81000,0.1
4404,317,11,85,2025-11-07,2,572260,305000,0.15
4405,255,16,52,2024-02-23,1,107522,76000,0.0
4406,255,12,64,2024-03-16,2,81699,58000,0.05
4407,388,19,8,2024-03-29,2,506180,391000,0.15
4408,356,11,98,2024-05-30,2,252844,145000,0.0
4409,303,7,80,2024-03-13,5,341486,186000,0.2
4410,236,2,67,2024-08-03,4,327734,181000,0.05
4411,437,10,25,2024-10-27,3,356587,291000,0.05
4412,312,1,36,2025-07-17,4,236121,173000,0.1
4413,14,15,100,2025-03-17,3,130122,92000,0.15
4414,397,8,96,2024-05-11,5,110974,65000,0.15
4415,429,16,41,2025-12-09,1,579025,345000,0.0
4416,37,16,53,2025-09-14,3,269183,146000,0.0
4417,46,16,81,2024-12-31,1,402769,257000,0.2
4418,304,12,89,2025-07-05,2,273964,141000,0.05
4419,99,9,11,2025-01-27,3,501111,364000,0.1
4420,407,12,5,2025-07-25,5,501235,278000,0.0
4421,279,3,66,2024-12-20,1,636541,341000,0.1
4422,134,9,94,2025-04-07,1,98417,77000,0.1
4423,188,8,92,2025-11-16,5,759219,396000,0.15
4424,332,16,78,2024-02-18,1,201181,104000,0.15
4425,6,19,61,2024-10-18,1,184225,100000,0.0
4426,458,10,32,2024-11-22,1,484101,322000,0.1
4427,390,8,16,2024-01-19,5,150904,81000,0.1
4428,42,18,78,2024-07-01,5,201181,104000,0.05
4429,202,6,4,2025-01-26,2,213367,177000,0.2
4430,191,18,99,2025-06-10,1,754227,445000,0.05
4431,498,1,71,2025-10-05,4,899254,479000,0.1
4432,7,5,85,2025-07-07,4,572260,305000,0.2
4433,358,11,51,2025-09-14,3,525757,280000,0.05
4434,224,20,12,2025-12-09,4,200189,128000,0.1
4435,370,14,27,2024-12-16,2,381913,245000,0.05
4436,310,15,17,2024-07-13,2,195974,134000,0.0
4437,465,17,39,2025-05-30,3,275775,169000,0.0
4438,259,20,7,2024-02-13,4,571254,384000,0.15
4439,87,2,72,2025-09-02,4,531452,441000,0.0
4440,315,3,87,2025-12-17,1,866392,494000,0.2
4441,48,7,70,2024-03-21,3,651468,327000,0.05
4442,52,4,88,2025-01-22,2,141570,73000,0.15
4443,174,18,43,2025-07-20,5,288284,203000,0.1
4444,124,6,7,2025-02-12,3,571254,384000,0.05
4445,336,13,85,2025-08-31,1,572260,305000,0.0
4446,345,6,5,2025-12-01,3,501235,278000,0.15
4447,308,16,19,2024-08-19,1,484036,311000,0.1
4448,488,9,87,2025-05-03,1,866392,494000,0.15
4449,372,2,47,2025-05-06,3,325148,173000,0.1
4450,228,3,69,2024-03-22,2,214926,121000,0.05
4451,294,11,38,2025-09-24,4,313675,175000,0.0
4452,216,16,94,2024-10-05,2,98417,77000,0.2
4453,93,8,50,2025-02-21,4,244295,174000,0.05
4454,187,8,42,2024-01-03,5,387805,204000,0.15
4455,379,18,2,2024-03-16,2,457712,313000,0.15
4456,249,18,39,2025-01-17,1,275775,169000,0.05
4457,265,13,58,2025-02-01,1,282366,172000,0.05
4458,122,2,7,2025-02-06,3,571254,384000,0.0
4459,425,1,51,2025-03-20,4,525757,280000,0.05
4460,455,3,48,2025-06-27,1,725534,462000,0.05
4461,320,18,83,2024-01-09,4,147849,97000,0.1
4462,301,2,76,2024-08-09,1,67949,56000,0.0
4463,413,8,76,2024-03-01,1,67949,56000,0.05
4464,70,1,82,2025-01-08,1,354688,203000,0.05
4465,353,7,78,2024-06-10,3,201181,104000,0.1
4466,240,20,99,2025-08-05,4,754227,445000,0.1
4467,333,6,47,2025-08-11,2,325148,173000,0.0
4468,367,18,51,2025-09-30,1,525757,280000,0.0
4469,179,16,56,2025-04-19,1,863852,432000,0.05
4470,323,19,38,2024-10-06,3,313675,175000,0.1
4471,383,18,18,2024-10-19,1,542999,398000,0.1
4472,116,17,78,2024-12-03,3,201181,104000,0.1
4473,323,18,12,2024-01-17,1,200189,128000,0.2
4474,179,12,16,2025-02-02,5,150904,81000,0.2
4475,391,11,68,2024-10-16,2,380357,285000,0.1
4476,306,12,51,2024-06-20,4,525757,280000,0.05
4477,254,2,20,2025-09-23,1,188439,117000,0.15
4478,121,14,41,2024-01-13,4,579025,345000,0.15
4479,278,14,14,2024-11-13,4,615107,440000,0.05
4480,230,5,4,2024-10-30,4,213367,177000,0.0
4481,68,7,97,2024-01-17,4,246451,166000,0.15
4482,187,1,46,2025-05-31,1,181428,126000,0.1
4483,3,3,10,2025-11-28,3,728704,377000,0.05
4484,255,4,57,2025-03-09,2,683509,406000,0.0
4485,270,15,41,2024-12-21,4,579025,345000,0.0
4486,92,9,74,2024-05-12,1,481960,308000,0.1
4487,303,11,39,2024-09-08,1,275775,169000,0.05
4488,29,13,40,2024-09-28,4,612399,307000,0.2
4489,349,11,34,2024-04-09,3,886449,498000,0.05
4490,164,15,89,2024-02-25,4,273964,141000,0.2
4491,478,17,16,2025-10-20,5,150904,81000,0.0
4492,223,10,82,2025-02-11,5,354688,203000,0.2
4493,220,11,92,2024-08-07,4,759219,396000,0.2
4494,100,11,50,2024-08-28,1,244295,174000,0.2
4495,322,18,92,2024-09-27,5,759219,396000,0.15
4496,192,15,59,2024-01-08,4,468552,288000,0.2
4497,245,16,7,2025-12-11,2,571254,384000,0.05
4498,126,1,94,2024-09-28,1,98417,77000,0.2
4499,84,1,83,2024-07-09,1,147849,97000,0.2
4500,124,7,78,2025-05-15,3,201181,104000,0.15
4501,246,7,25,2025-12-16,2,356587,291000,0.2
4502,441,13,88,2025-08-02,2,141570,73000,0.05
4503,445,18,38,2024-07-09,3,313675,175000,0.0
4504,418,13,18,2024-06-16,3,542999,398000,0.05
4505,335,6,59,2025-08-30,4,468552,288000,0.2
4506,471,8,34,2025-04-29,2,886449,498000,0.15
4507,445,11,80,2025-07-01,2,341486,186000,0.05
4508,123,6,84,2024-05-19,2,133333,78000,0.0
4509,353,1,3,2024-09-14,5,285890,144000,0.0
4510,117,6,9,2024-07-12,4,449456,257000,0.2
4511,109,10,67,2024-05-21,3,327734,181000,0.1
4512,269,5,64,2025-08-28,1,81699,58000,0.2
4513,420,11,78,2024-12-05,1,201181,104000,0.15
4514,176,5,11,2025-12-07,3,501111,364000,0.1
4515,224,19,50,2024-11-27,1,244295,174000,0.15
4516,104,18,89,2024-03-12,5,273964,141000,0.2
4517,367,13,29,2024-01-04,1,147705,110000,0.0
4518,80,6,37,2025-11-20,2,466547,278000,0.05
4519,253,15,100,2024-05-11,4,130122,92000,0.05
4520,481,3,60,2024-07-27,4,272251,183000,0.05
4521,206,10,54,2025-02-11,5,295710,156000,0.0
4522,2,7,94,2025-03-29,4,98417,77000,0.0
4523,194,2,72,2024-08-31,3,531452,441000,0.0
4524,320,17,43,2024-06-22,5,288284,203000,0.1
4525,373,2,39,2024-03-27,2,275775,169000,0.1
4526,68,16,82,2024-02-24,4,354688,203000,0.1
4527,401,12,35,2025-04-29,1,801865,464000,0.15
4528,216,5,65,2025-04-09,2,173690,128000,0.15
4529,426,6,48,2025-03-16,5,725534,462000,0.0
4530,208,7,2,2025-12-24,1,457712,313000,0.05
4531,485,14,66,2024-09-25,3,636541,341000,0.15
4532,230,9,94,2025-08-10,1,98417,77000,0.1
4533,301,7,41,2025-10-23,5,579025,345000,0.15
4534,358,19,14,2025-08-24,5,615107,440000,0.05
4535,363,9,87,2025-07-08,4,866392,494000,0.2
4536,468,17,77,2025-09-05,1,92902,58000,0.1
4537,456,11,55,2025-09-27,1,78058,57000,0.2
4538,360,7,41,2025-09-03,1,579025,345000,0.1
4539,111,5,19,2024-10-30,4,484036,311000,0.15
4540,458,13,17,2024-09-20,2,195974,134000,0.2
4541,368,18,13,2024-06-09,2,670509,409000,0.0
4542,444,4,75,2025-11-07,5,615439,387000,0.0
4543,478,11,43,2025-07-29,5,288284,203000,0.1
4544,359,3,30,2024-01-05,3,836817,422000,0.0
4545,471,6,24,2025-12-16,4,510411,408000,0.15
4546,361,10,18,2025-06-27,2,542999,398000,0.2
4547,83,11,64,2025-10-14,3,81699,58000,0.05
4548,252,3,51,2025-12-13,4,525757,280000,0.2
4549,466,5,66,2024-05-24,5,636541,341000,0.2
4550,280,16,27,2025-10-20,4,381913,245000,0.2
4551,35,13,8,2024-10-24,3,506180,391000,0.2
4552,40,7,67,2025-12-15,1,327734,181000,0.15
4553,190,13,90,2025-10-19,3,260462,156000,0.2
4554,275,9,40,2025-09-05,4,612399,307000,0.2
4555,220,15,51,2025-06-11,1,525757,280000,0.1
4556,99,18,80,2025-01-31,3,341486,186000,0.2
4557,79,7,31,2025-03-31,1,317221,202000,0.2
4558,31,19,51,2025-07-10,1,525757,280000,0.0
4559,206,5,19,2025-01-28,4,484036,311000,0.0
4560,183,11,1,2024-11-26,1,234738,139000,0.15
4561,487,9,94,2025-02-20,4,98417,77000,0.2
4562,166,11,43,2025-02-12,4,288284,203000,0.2
4563,52,6,97,2024-12-26,3,246451,166000,0.15
4564,3,1,33,2024-10-08,4,420924,285000,0.15
4565,173,17,7,2025-04-02,4,571254,384000,0.2
4566,350,2,54,2024-10-25,5,295710,156000,0.05
4567,181,9,46,2025-01-26,1,181428,126000,0.15
4568,457,9,42,2024-06-28,1,387805,204000,0.05
4569,302,20,39,2025-06-08,3,275775,169000,0.0
4570,411,7,61,2024-05-27,3,184225,100000,0.0
4571,219,1,26,2025-07-01,5,579595,443000,0.15
4572,445,2,66,2025-04-26,2,636541,341000,0.1
4573,491,8,94,2024-01-21,1,98417,77000,0.15
4574,153,9,53,2025-09-29,2,269183,146000,0.0
4575,211,2,20,2025-10-20,2,188439,117000,0.2
4576,277,20,23,2024-02-19,1,435414,346000,0.1
4577,312,9,95,2024-02-01,5,377246,224000,0.05
4578,343,19,96,2024-10-02,1,110974,65000,0.05
4579,34,20,2,2025-10-15,5,457712,313000,0.15
4580,450,16,61,2025-08-12,5,184225,100000,0.15
4581,285,9,18,2024-06-05,3,542999,398000,0.1
4582,313,9,15,2025-02-02,2,564164,320000,0.1
4583,469,2,68,2024-11-21,1,380357,285000,0.1
4584,385,16,60,2025-01-21,2,272251,183000,0.1
4585,165,16,39,2025-08-09,5,275775,169000,0.0
4586,347,1,82,2024-09-14,2,354688,203000,0.2
4587,72,14,44,2024-02-16,5,533229,334000,0.2
4588,139,5,1,2024-09-13,2,234738,139000,0.2
4589,182,17,84,2024-04-02,1,133333,78000,0.05
4590,144,20,77,2025-06-17,2,92902,58000,0.1
4591,79,2,3,2024-11-15,4,285890,144000,0.05
4592,341,15,30,2025-03-26,1,836817,422000,0.2
4593,236,12,61,2025-03-23,3,184225,100000,0.2
4594,159,3,79,2025-11-03,3,250982,148000,0.0
4595,268,6,66,2025-12-04,4,636541,341000,0.1
4596,387,5,26,2025-06-18,1,579595,443000,0.2
4597,357,17,78,2025-02-09,3,201181,104000,0.2
4598,82,8,36,2025-03-06,1,236121,173000,0.2
4599,16,12,83,2025-03-15,2,147849,97000,0.05
4600,388,9,93,2025-09-29,5,781223,436000,0.15
4601,150,17,22,2025-05-07,4,353698,252000,0.15
4602,359,1,27,2024-07-16,1,381913,245000,0.15
4603,110,3,50,2025-08-27,4,244295,174000,0.05
4604,240,18,48,2024-04-02,1,725534,462000,0.2
4605,454,13,65,2024-05-30,2,173690,128000,0.1
4606,213,20,47,2024-11-15,3,325148,173000,0.2
4607,476,5,71,2025-03-06,5,899254,479000,0.0
4608,113,16,31,2024-05-27,2,317221,202000,0.15
4609,485,19,16,2025-05-29,4,150904,81000,0.2
4610,242,19,4,2024-08-21,2,213367,177000,0.05
4611,422,9,8,2024-11-19,1,506180,391000,0.15
4612,344,18,92,2024-02-26,5,759219,396000,0.15
4613,166,9,36,2025-08-17,4,236121,173000,0.15
4614,161,11,10,2025-05-23,4,728704,377000,0.15
4615,420,18,26,2024-03-20,5,579595,443000,0.2
4616,384,7,70,2025-04-08,5,651468,327000,0.0
4617,299,3,60,2024-12-27,5,272251,183000,0.0
4618,286,19,42,2024-02-29,4,387805,204000,0.2
4619,391,13,39,2025-09-15,3,275775,169000,0.2
4620,259,9,22,2024-08-03,4,353698,252000,0.2
4621,106,17,71,2025-02-24,5,899254,479000,0.15
4622,246,13,3,2025-12-02,2,285890,144000,0.0
4623,205,4,11,2025-08-30,2,501111,364000,0.05
4624,324,11,24,2024-01-29,1,510411,408000,0.2
4625,52,5,95,2025-07-13,1,377246,224000,0.2
4626,199,4,73,2025-10-21,5,148321,84000,0.2
4627,424,16,66,2025-10-26,2,636541,341000,0.0
4628,19,4,1,2025-09-02,4,234738,139000,0.15
4629,113,16,7,2024-05-15,4,571254,384000,0.2
4630,74,13,100,2025-07-22,2,130122,92000,0.2
4631,141,17,71,2024-08-17,5,899254,479000,0.05
4632,462,15,85,2025-09-14,4,572260,305000,0.1
4633,216,16,6,2024-02-15,2,618850,348000,0.1
4634,212,17,42,2025-09-20,4,387805,204000,0.2
4635,182,15,94,2024-12-12,2,98417,77000,0.05
4636,379,4,2,2024-08-29,4,457712,313000,0.15
4637,166,11,99,2024-04-12,2,754227,445000,0.05
4638,347,2,44,2025-03-26,1,533229,334000,0.1
4639,245,20,46,2025-06-21,2,181428,126000,0.0
4640,364,9,78,2024-10-07,2,201181,104000,0.2
4641,261,18,34,2025-01-11,1,886449,498000,0.1
4642,33,10,27,2024-11-14,1,381913,245000,0.0
4643,480,8,62,2024-06-05,1,230470,154000,0.0
4644,206,18,83,2024-07-22,3,147849,97000,0.0
4645,385,13,57,2025-10-04,1,683509,406000,0.1
4646,381,2,100,2024-03-17,5,130122,92000,0.2
4647,229,18,75,2025-09-24,4,615439,387000,0.15
4648,499,10,7,2025-10-16,2,571254,384000,0.05
4649,263,10,100,2025-03-12,3,130122,92000,0.1
4650,415,10,34,2025-08-11,4,886449,498000,0.15
4651,489,10,4,2025-03-13,2,213367,177000,0.15
4652,481,5,3,2024-08-11,1,285890,144000,0.15
4653,389,16,79,2024-08-11,3,250982,148000,0.15
4654,299,16,65,2024-12-29,2,173690,128000,0.0
4655,466,5,47,2025-09-07,4,325148,173000,0.05
4656,261,13,85,2024-04-16,4,572260,305000,0.05
4657,290,3,72,2024-05-19,2,531452,441000,0.0
4658,339,10,43,2025-12-23,5,288284,203000,0.1
4659,90,10,83,2024-08-20,2,147849,97000,0.05
4660,282,12,12,2024-03-11,4,200189,128000,0.1
4661,299,14,81,2024-09-10,3,402769,257000,0.2
4662,154,10,50,2024-07-31,1,244295,174000,0.15
4663,91,4,50,2025-02-02,4,244295,174000,0.1
4664,146,3,45,2025-07-11,5,732045,452000,0.1
4665,59,14,81,2025-09-16,4,402769,257000,0.1
4666,7,6,9,2024-12-10,4,449456,257000,0.0
4667,49,13,22,2025-11-11,1,353698,252000,0.2
4668,428,10,73,2025-10-23,5,148321,84000,0.0
4669,342,16,13,2024-10-07,2,670509,409000,0.1
4670,419,18,50,2024-09-18,1,244295,174000,0.2
4671,14,5,27,2024-10-21,4,381913,245000,0.15
4672,148,8,76,2025-02-18,2,67949,56000,0.2
4673,493,12,26,2025-03-10,1,579595,443000,0.05
4674,300,13,96,2025-10-23,1,110974,65000,0.2
4675,457,7,91,2025-07-25,2,128108,89000,0.0
4676,64,20,54,2025-04-15,4,295710,156000,0.15
4677,223,3,96,2025-02-27,4,110974,65000,0.15
4678,469,8,1,2025-02-07,2,234738,139000,0.1
4679,407,5,36,2024-05-17,2,236121,173000,0.0
4680,302,18,18,2025-09-20,2,542999,398000,0.1
4681,498,14,6,2025-03-24,1,618850,348000,0.05
4682,184,20,71,2025-05-14,2,899254,479000,0.15
4683,443,15,95,2025-04-30,1,377246,224000,0.0
4684,326,10,79,2024-06-02,1,250982,148000,0.1
4685,151,1,36,2024-10-07,4,236121,173000,0.0
4686,398,12,79,2024-09-08,2,250982,148000,0.05
4687,465,12,9,2025-02-08,4,449456,257000,0.1
4688,417,2,56,2025-01-20,3,863852,432000,0.05
4689,251,5,15,2024-09-09,5,564164,320000,0.15
4690,300,12,49,2025-08-04,2,432853,263000,0.0
4691,172,12,95,2025-10-10,4,377246,224000,0.2
4692,351,15,75,2025-05-12,2,615439,387000,0.05
4693,312,2,49,2024-11-01,3,432853,263000,0.0
4694,2,6,4,2024-11-27,2,213367,177000,0.2
4695,374,7,96,2024-03-06,3,110974,65000,0.1
4696,205,16,35,2025-07-16,3,801865,464000,0.1
4697,118,19,19,2025-07-02,2,484036,311000,0.2
4698,490,8,1,2024-09-03,3,234738,139000,0.15
4699,194,3,9,2024-10-09,3,449456,257000,0.1
4700,425,7,48,2025-08-17,4,725534,462000,0.1
4701,134,19,20,2024-04-27,3,188439,117000,0.0
4702,302,11,59,2025-04-22,5,468552,288000,0.2
4703,5,10,28,2025-12-05,1,158902,91000,0.05
4704,125,15,2,2024-10-19,5,457712,313000,0.1
4705,264,7,64,2024-04-07,4,81699,58000,0.15
4706,27,2,7,2025-05-29,5,571254,384000,0.1
4707,44,10,13,2024-09-06,5,670509,409000,0.15
4708,48,3,27,2024-11-28,5,381913,245000,0.0
4709,274,14,33,2025-05-07,2,420924,285000,0.15
4710,409,18,22,2025-05-12,1,353698,252000,0.0
4711,24,20,10,2024-04-09,5,728704,377000,0.15
4712,217,10,86,2024-11-23,4,619302,320000,0.2
4713,209,18,17,2024-02-24,3,195974,134000,0.15
4714,421,19,84,2025-03-14,1,133333,78000,0.05
4715,191,9,85,2024-03-14,2,572260,305000,0.05
4716,18,2,23,2025-02-17,2,435414,346000,0.0
4717,491,17,24,2024-07-08,2,510411,408000,0.0
4718,10,11,56,2025-12-13,3,863852,432000,0.1
4719,50,10,18,2024-04-07,2,542999,398000,0.1
4720,246,2,20,2025-02-22,1,188439,117000,0.15
4721,164,19,14,2024-09-19,3,615107,440000,0.0
4722,441,13,73,2024-04-07,2,148321,84000,0.0
4723,73,5,55,2025-06-15,2,78058,57000,0.05
4724,17,11,18,2024-02-08,2,542999,398000,0.1
4725,341,6,30,2024-07-07,5,836817,422000,0.05
4726,336,1,7,2024-05-23,3,571254,384000,0.15
4727,59,7,13,2024-03-18,5,670509,409000,0.0
4728,115,19,33,2024-08-02,5,420924,285000,0.1
4729,90,12,13,2025-10-19,2,670509,409000,0.05
4730,408,7,24,2024-04-29,5,510411,408000,0.15
4731,172,14,21,2024-09-17,2,527487,336000,0.2
4732,111,10,87,2024-05-09,3,866392,494000,0.1
4733,396,10,24,2024-11-01,5,510411,408000,0.15
4734,89,9,79,2024-01-06,4,250982,148000,0.15
4735,99,9,75,2025-03-15,5,615439,387000,0.15
4736,127,14,23,2024-12-31,1,435414,346000,0.2
4737,464,8,97,2025-10-02,4,246451,166000,0.15
4738,321,12,36,2025-10-14,5,236121,173000,0.2
4739,183,13,23,2024-08-25,5,435414,346000,0.15
4740,91,13,100,2025-12-05,1,130122,92000,0.1
4741,434,3,52,2025-07-30,3,107522,76000,0.1
4742,190,8,35,2024-06-10,4,801865,464000,0.15
4743,470,14,82,2025-09-26,5,354688,203000,0.0
4744,243,12,54,2024-09-29,3,295710,156000,0.0
4745,358,12,29,2025-08-18,2,147705,110000,0.15
4746,473,13,21,2024-10-04,3,527487,336000,0.15
4747,107,18,56,2024-12-12,3,863852,432000,0.05
4748,451,19,75,2025-10-11,4,615439,387000,0.05
4749,149,7,71,2024-06-06,3,899254,479000,0.05
4750,78,10,91,2025-08-29,4,128108,89000,0.15
4751,81,15,14,2024-03-24,3,615107,440000,0.15
4752,281,8,83,2025-10-02,4,147849,97000,0.05
4753,147,14,42,2025-11-06,3,387805,204000,0.05
4754,127,19,71,2025-03-15,3,899254,479000,0.2
4755,375,18,4,2025-02-06,4,213367,177000,0.0
4756,303,8,19,2025-04-26,3,484036,311000,0.2
4757,40,14,79,2025-11-04,5,250982,148000,0.2
4758,485,17,13,2025-11-20,3,670509,409000,0.05
4759,336,7,11,2025-06-11,1,501111,364000,0.15
4760,126,1,89,2024-01-30,4,273964,141000,0.0
4761,195,2,64,2024-05-13,2,81699,58000,0.15
4762,141,18,61,2024-04-07,2,184225,100000,0.0
4763,463,1,79,2025-07-21,4,250982,148000,0.15
4764,294,7,72,2024-10-08,2,531452,441000,0.15
4765,204,7,16,2024-10-19,2,150904,81000,0.0
4766,95,11,76,2025-02-10,3,67949,56000,0.15
4767,426,6,83,2025-08-15,3,147849,97000,0.05
4768,106,7,50,2025-02-19,3,244295,174000,0.1
4769,384,19,77,2024-05-22,1,92902,58000,0.15
4770,203,19,76,2024-08-08,3,67949,56000,0.0
4771,57,6,34,2025-11-14,5,886449,498000,0.0
4772,291,15,83,2024-10-26,4,147849,97000,0.15
4773,345,1,12,2025-04-07,5,200189,128000,0.15
4774,169,8,53,2024-08-11,5,269183,146000,0.05
4775,490,13,77,2024-04-17,1,92902,58000,0.0
4776,15,4,14,2025-08-07,2,615107,440000,0.1
4777,140,19,52,2025-09-08,2,107522,76000,0.2
4778,119,9,5,2024-08-19,1,501235,278000,0.05
4779,215,16,35,2025-11-12,2,801865,464000,0.15
4780,407,4,85,2025-06-30,2,572260,305000,0.1
4781,409,9,37,2025-07-12,1,466547,278000,0.2
4782,253,20,12,2025-03-20,1,200189,128000,0.0
4783,466,18,28,2024-09-14,1,158902,91000,0.0
4784,500,10,12,2024-01-11,1,200189,128000,0.15
4785,25,10,75,2024-01-26,5,615439,387000,0.0
4786,272,18,84,2024-06-03,2,133333,78000,0.0
4787,469,18,54,2025-02-17,4,295710,156000,0.0
4788,21,8,5,2025-09-08,1,501235,278000,0.2
4789,133,17,38,2024-07-24,2,313675,175000,0.0
4790,134,5,96,2025-07-20,3,110974,65000,0.1
4791,39,14,8,2024-07-21,2,506180,391000,0.1
4792,50,16,8,2025-11-18,4,506180,391000,0.2
4793,196,2,76,2025-07-10,1,67949,56000,0.05
4794,438,3,11,2024-04-11,3,501111,364000,0.15
4795,401,4,64,2024-05-18,1,81699,58000,0.05
4796,156,15,75,2024-05-18,3,615439,387000,0.0
4797,285,3,86,2025-06-17,1,619302,320000,0.05
4798,431,18,38,2024-05-15,1,313675,175000,0.0
4799,466,16,59,2024-05-19,3,468552,288000,0.1
4800,497,14,90,2024-08-06,1,260462,156000,0.2
4801,195,10,61,2025-05-17,5,184225,100000,0.1
4802,123,18,55,2024-03-14,2,78058,57000,0.2
4803,315,4,11,2024-11-04,1,501111,364000,0.15
4804,147,6,85,2025-08-14,4,572260,305000,0.0
4805,146,2,32,2024-12-22,2,484101,322000,0.0
4806,112,11,10,2024-12-09,2,728704,377000,0.0
4807,222,6,7,2025-11-10,4,571254,384000,0.2
4808,130,12,50,2025-07-15,1,244295,174000,0.15
4809,388,16,44,2024-06-28,2,533229,334000,0.1
4810,72,12,95,2024-01-03,3,377246,224000,0.0
4811,239,19,37,2025-12-25,4,466547,278000,0.0
4812,267,17,70,2024-10-09,5,651468,327000,0.2
4813,145,17,46,2025-09-11,4,181428,126000,0.15
4814,16,12,73,2024-02-29,5,148321,84000,0.05
4815,232,12,14,2025-03-19,5,615107,440000,0.1
4816,187,17,85,2025-01-09,4,572260,305000,0.05
4817,327,3,38,2025-04-04,2,313675,175000,0.05
4818,69,12,59,2025-02-17,2,468552,288000,0.15
4819,196,1,52,2024-09-22,3,107522,76000,0.0
4820,151,9,61,2024-03-25,1,184225,100000,0.0
4821,261,14,15,2025-01-22,2,564164,320000,0.0
4822,263,15,24,2025-12-18,3,510411,408000,0.0
4823,496,14,100,2024-01-04,1,130122,92000,0.0
4824,345,9,53,2024-03-01,5,269183,146000,0.2
4825,275,5,98,2024-05-18,1,252844,145000,0.15
4826,99,17,1,2024-06-21,4,234738,139000,0.15
4827,446,6,93,2024-12-25,1,781223,436000,0.0
4828,76,6,18,2025-07-19,2,542999,398000,0.05
4829,7,18,23,2024-10-17,5,435414,346000,0.05
4830,270,7,36,2024-06-08,4,236121,173000,0.1
4831,153,2,46,2025-09-01,5,181428,126000,0.2
4832,372,18,1,2024-02-09,3,234738,139000,0.0
4833,117,12,35,2024-04-28,4,801865,464000,0.2
4834,342,1,14,2024-12-21,1,615107,440000,0.05
4835,496,15,100,2024-11-22,3,130122,92000,0.05
4836,68,1,19,2025-08-29,2,484036,311000,0.2
4837,359,12,56,2025-10-16,3,863852,432000,0.0
4838,389,15,63,2025-09-05,5,639248,338000,0.0
4839,475,18,68,2024-05-10,2,380357,285000,0.0
4840,53,20,3,2024-11-03,1,285890,144000,0.0
4841,40,20,37,2024-11-04,3,466547,278000,0.05
4842,477,9,43,2024-04-07,2,288284,203000,0.2
4843,410,15,37,2025-02-23,4,466547,278000,0.2
4844,90,3,37,2024-02-07,2,466547,278000,0.2
4845,115,1,83,2025-09-16,5,147849,97000,0.2
4846,468,18,50,2025-05-24,2,244295,174000,0.1
4847,286,19,83,2025-04-20,1,147849,97000,0.05
4848,114,20,99,2024-04-09,1,754227,445000,0.05
4849,421,13,93,2024-09-02,4,781223,436000,0.1
4850,417,11,77,2024-11-22,5,92902,58000,0.0
4851,402,12,71,2025-05-19,3,899254,479000,0.1
4852,394,1,76,2025-12-15,5,67949,56000,0.1
4853,459,1,70,2025-08-12,3,651468,327000,0.05
4854,327,2,54,2025-08-03,5,295710,156000,0.15
4855,267,20,89,2024-06-05,3,273964,141000,0.1
4856,35,2,70,2025-01-21,4,651468,327000,0.0
4857,124,8,50,2025-04-15,3,244295,174000,0.15
4858,458,2,58,2025-03-30,3,282366,172000,0.1
4859,228,14,11,2024-05-27,4,501111,364000,0.1
4860,287,3,12,2025-11-10,2,200189,128000,0.15
4861,72,12,39,2024-02-29,5,275775,169000,0.2
4862,100,16,29,2024-10-14,1,147705,110000,0.2
4863,83,20,93,2025-09-20,4,781223,436000,0.2
4864,236,16,51,2024-11-04,3,525757,280000,0.1
4865,145,6,24,2025-06-28,3,510411,408000,0.0
4866,109,10,31,2024-06-27,2,317221,202000,0.1
4867,41,15,66,2024-10-07,1,636541,341000,0.0
4868,369,11,91,2024-04-23,2,128108,89000,0.1
4869,56,11,44,2025-09-06,2,533229,334000,0.15
4870,145,19,69,2025-04-14,3,214926,121000,0.1
4871,289,13,4,2025-05-25,4,213367,177000,0.05
4872,189,15,2,2024-06-17,2,457712,313000,0.1
4873,337,5,8,2024-08-14,2,506180,391000,0.05
4874,184,6,80,2024-10-25,3,341486,186000,0.2
4875,276,5,29,2025-10-17,1,147705,110000,0.1
4876,144,1,68,2024-02-17,4,380357,285000,0.05
4877,95,20,18,2025-02-05,5,542999,398000,0.15
4878,51,16,77,2024-06-10,1,92902,58000,0.15
4879,425,5,38,2024-05-22,2,313675,175000,0.2
4880,238,18,4,2025-02-21,3,213367,177000,0.0
4881,351,8,99,2025-01-02,2,754227,445000,0.0
4882,310,7,76,2025-01-26,2,67949,56000,0.15
4883,65,12,61,2024-08-14,1,184225,100000,0.15
4884,430,8,97,2024-05-04,1,246451,166000,0.05
4885,155,18,76,2024-02-16,2,67949,56000,0.2
4886,78,2,100,2024-07-08,3,130122,92000,0.0
4887,55,19,54,2024-02-19,1,295710,156000,0.2
4888,317,8,31,2025-01-17,2,317221,202000,0.05
4889,310,2,63,2024-03-27,5,639248,338000,0.15
4890,363,19,1,2024-07-07,1,234738,139000,0.0
4891,193,5,83,2024-04-11,3,147849,97000,0.15
4892,144,16,24,2025-11-24,3,510411,408000,0.15
4893,497,20,9,2024-12-28,5,449456,257000,0.1
4894,319,5,40,2025-08-16,1,612399,307000,0.15
4895,373,7,30,2024-12-18,1,836817,422000,0.1
4896,334,15,18,2025-01-29,2,542999,398000,0.0
4897,170,13,60,2024-10-18,5,272251,183000,0.0
4898,228,1,38,2024-09-07,4,313675,175000,0.1
4899,484,12,95,2024-10-29,1,377246,224000,0.2
4900,344,15,26,2024-03-23,5,579595,443000,0.0
4901,220,11,64,2025-12-29,4,81699,58000,0.15
4902,242,14,8,2025-11-05,3,506180,391000,0.05
4903,82,18,9,2025-08-12,2,449456,257000,0.0
4904,29,14,12,2025-07-14,3,200189,128000,0.15
4905,80,5,85,2024-03-02,1,572260,305000,0.2
4906,245,18,32,2025-02-04,1,484101,322000,0.0
4907,323,16,88,2025-01-30,4,141570,73000,0.0
4908,126,5,81,2024-12-09,4,402769,257000,0.05
4909,277,12,20,2024-05-06,2,188439,117000,0.15
4910,194,17,75,2024-05-21,2,615439,387000,0.0
4911,213,8,93,2025-01-11,3,781223,436000,0.2
4912,434,5,64,2024-10-19,1,81699,58000,0.0
4913,21,1,78,2024-01-23,3,201181,104000,0.05
4914,396,8,96,2024-12-10,2,110974,65000,0.15
4915,77,8,73,2025-12-14,5,148321,84000,0.2
4916,133,14,90,2024-05-26,1,260462,156000,0.05
4917,195,20,45,2025-01-24,5,732045,452000,0.2
4918,366,9,27,2025-07-02,2,381913,245000,0.15
4919,411,16,14,2024-07-25,4,615107,440000,0.2
4920,452,11,53,2024-03-14,3,269183,146000,0.2
4921,49,4,27,2024-02-12,5,381913,245000,0.05
4922,412,12,100,2025-02-01,3,130122,92000,0.0
4923,95,14,21,2024-10-26,4,527487,336000,0.15
4924,413,5,57,2024-03-06,2,683509,406000,0.1
4925,483,12,63,2024-11-19,2,639248,338000,0.1
4926,345,13,29,2025-01-09,2,147705,110000,0.15
4927,211,9,41,2025-04-25,4,579025,345000,0.2
4928,302,14,68,2024-10-27,4,380357,285000,0.2
4929,148,12,21,2025-08-14,2,527487,336000,0.1
4930,321,5,16,2025-02-20,1,150904,81000,0.1
4931,67,19,41,2025-08-15,1,579025,345000,0.15
4932,476,11,54,2025-06-30,3,295710,156000,0.15
4933,393,5,15,2025-03-07,2,564164,320000,0.0
4934,253,6,97,2025-12-29,4,246451,166000,0.15
4935,12,20,77,2025-12-20,2,92902,58000,0.1
4936,351,9,57,2024-09-20,5,683509,406000,0.05
4937,57,10,18,2025-08-12,1,542999,398000,0.05
4938,76,7,56,2024-07-09,3,863852,432000,0.0
4939,439,1,38,2025-07-17,4,313675,175000,0.15
4940,238,5,37,2025-08-03,3,466547,278000,0.15
4941,358,2,48,2024-10-25,1,725534,462000,0.2
4942,333,20,59,2024-08-23,1,468552,288000,0.05
4943,232,18,68,2024-10-26,2,380357,285000,0.0
4944,228,5,88,2024-07-16,2,141570,73000,0.05
4945,361,9,89,2025-12-16,1,273964,141000,0.2
4946,205,15,41,2025-05-14,1,579025,345000,0.15
4947,323,8,2,2025-02-20,4,457712,313000,0.05
4948,103,1,86,2025-03-12,2,619302,320000,0.2
4949,14,2,15,2024-06-04,1,564164,320000,0.05
4950,471,9,93,2025-05-30,5,781223,436000,0.1
4951,105,7,17,2025-07-10,4,195974,134000,0.1
4952,346,19,97,2025-04-07,2,246451,166000,0.15
4953,481,18,49,2024-06-19,1,432853,263000,0.2
4954,44,7,78,2025-10-15,4,201181,104000,0.15
4955,347,9,49,2025-10-17,1,432853,263000,0.1
4956,69,1,78,2025-09-05,3,201181,104000,0.15
4957,291,2,72,2024-10-13,3,531452,441000,0.15
4958,319,12,15,2024-09-24,2,564164,320000,0.05
4959,192,2,98,2024-08-08,1,252844,145000,0.2
4960,461,11,84,2024-04-20,1,133333,78000,0.0
4961,177,17,38,2025-05-01,4,313675,175000,0.0
4962,111,17,92,2024-02-19,1,759219,396000,0.2
4963,388,2,94,2025-10-16,5,98417,77000,0.2
4964,145,2,37,2024-03-03,3,466547,278000,0.0
4965,208,13,35,2024-12-22,2,801865,464000,0.0
4966,110,11,66,2025-12-04,3,636541,341000,0.0
4967,264,7,25,2024-10-08,5,356587,291000,0.0
4968,181,17,62,2024-11-23,3,230470,154000,0.15
4969,328,1,7,2025-10-01,2,571254,384000,0.0
4970,196,10,14,2024-11-21,4,615107,440000,0.2
4971,282,9,58,2025-04-06,1,282366,172000,0.15
4972,80,15,5,2024-02-08,1,501235,278000,0.2
4973,270,18,85,2025-09-12,1,572260,305000,0.15
4974,53,14,83,2025-12-19,2,147849,97000,0.15
4975,476,13,12,2025-06-12,1,200189,128000,0.1
4976,44,19,55,2024-04-25,5,78058,57000,0.15
4977,183,19,74,2025-03-25,4,481960,308000,0.15
4978,102,6,95,2025-11-10,5,377246,224000,0.05
4979,369,11,53,2024-02-12,1,269183,146000,0.15
4980,192,7,4,2024-07-31,3,213367,177000,0.2
4981,302,12,33,2024-03-09,3,420924,285000,0.2
4982,77,18,55,2025-12-23,3,78058,57000,0.15
4983,127,19,48,2024-09-02,2,725534,462000,0.1
4984,145,6,84,2024-06-16,5,133333,78000,0.2
4985,240,16,50,2024-04-06,4,244295,174000,0.05
4986,349,11,43,2024-03-09,5,288284,203000,0.0
4987,281,16,70,2025-03-14,3,651468,327000,0.15
4988,4,5,78,2024-07-26,2,201181,104000,0.0
4989,462,15,66,2024-06-10,3,636541,341000,0.05
4990,304,18,23,2025-03-16,4,435414,346000,0.15
4991,36,12,83,2024-11-20,2,147849,97000,0.1
4992,65,17,95,2024-11-23,1,377246,224000,0.05
4993,496,8,48,2024-04-19,3,725534,462000,0.15
4994,482,1,1,2024-07-14,5,234738,139000,0.15
4995,454,1,69,2024-05-08,5,214926,121000,0.15
4996,443,6,82,2025-07-22,4,354688,203000,0.05
4997,471,4,62,2025-04-11,4,230470,154000,0.15
4998,164,5,16,2024-05-23,5,150904,81000,0.1
4999,102,1,89,2025-02-03,4,273964,141000,0.2
5000,227,3,100,2024-01-09,5,130122,92000,0.0
5001,367,9,19,2024-05-24,1,484036,311000,0.0
5002,149,16,19,2025-11-22,2,484036,311000,0.1
5003,248,15,28,2025-11-05,1,158902,91000,0.1
5004,463,14,61,2025-12-29,1,184225,100000,0.2
5005,244,4,16,2025-10-08,5,150904,81000,0.2
5006,180,13,49,2025-03-20,3,432853,263000,0.2
5007,21,20,52,2024-10-30,4,107522,76000,0.15
5008,100,10,79,2024-08-28,4,250982,148000,0.2
5009,315,12,100,2024-01-18,3,130122,92000,0.0
5010,346,13,20,2024-05-21,2,188439,117000,0.1
5011,320,7,88,2025-04-14,3,141570,73000,0.05
5012,297,3,89,2024-03-31,2,273964,141000,0.05
5013,361,1,98,2025-09-30,3,252844,145000,0.05
5014,146,16,59,2025-12-10,1,468552,288000,0.1
5015,391,4,86,2024-02-21,2,619302,320000,0.15
5016,43,11,43,2024-04-27,4,288284,203000,0.2
5017,204,5,5,2024-03-11,1,501235,278000,0.0
5018,17,5,54,2025-05-31,1,295710,156000,0.0
5019,368,7,52,2025-08-08,3,107522,76000,0.2
5020,307,15,86,2024-12-10,3,619302,320000,0.15
5021,148,17,72,2024-11-22,2,531452,441000,0.05
5022,458,3,65,2025-05-18,2,173690,128000,0.1
5023,293,13,77,2024-10-17,2,92902,58000,0.0
5024,197,8,61,2024-09-15,5,184225,100000,0.0
5025,199,10,91,2025-10-10,5,128108,89000,0.15
5026,449,7,87,2024-01-24,2,866392,494000,0.05
5027,209,14,12,2025-11-04,4,200189,128000,0.05
5028,159,13,47,2024-05-25,2,325148,173000,0.2
5029,462,6,69,2025-08-29,3,214926,121000,0.1
5030,2,2,93,2024-10-24,4,781223,436000,0.05
5031,201,2,5,2025-07-13,2,501235,278000,0.0
5032,164,3,12,2024-01-18,3,200189,128000,0.15
5033,144,7,76,2024-12-12,1,67949,56000,0.2
5034,489,7,19,2025-02-14,4,484036,311000,0.0
5035,164,14,94,2024-08-28,1,98417,77000,0.05
5036,365,7,84,2025-09-04,2,133333,78000,0.15
5037,370,2,2,2024-02-28,1,457712,313000,0.0
5038,302,8,76,2025-09-01,1,67949,56000,0.2
5039,59,1,9,2025-06-17,5,449456,257000,0.15
5040,270,8,40,2024-06-26,5,612399,307000,0.0
5041,279,20,43,2024-12-09,3,288284,203000,0.0
5042,26,20,97,2025-11-30,2,246451,166000,0.2
5043,362,8,95,2024-09-25,2,377246,224000,0.0
5044,46,8,82,2025-03-10,4,354688,203000,0.15
5045,274,1,99,2024-06-23,4,754227,445000,0.15
5046,346,14,66,2024-05-20,1,636541,341000,0.05
5047,156,15,67,2025-08-08,1,327734,181000,0.1
5048,447,12,90,2024-01-04,3,260462,156000,0.15
5049,19,12,92,2024-03-31,2,759219,396000,0.0
5050,400,8,88,2025-11-21,5,141570,73000,0.05
5051,477,7,2,2025-05-24,5,457712,313000,0.15
5052,149,5,78,2025-05-30,4,201181,104000,0.2
5053,383,10,13,2024-05-07,5,670509,409000,0.2
5054,243,14,18,2024-08-26,4,542999,398000,0.2
5055,208,16,94,2024-04-16,3,98417,77000,0.0
5056,254,16,55,2025-06-05,4,78058,57000,0.0
5057,415,7,51,2025-07-09,2,525757,280000,0.2
5058,270,12,53,2025-07-11,2,269183,146000,0.15
5059,83,15,4,2025-10-17,1,213367,177000,0.15
5060,95,14,52,2024-06-11,2,107522,76000,0.2
5061,426,17,56,2025-06-11,4,863852,432000,0.15
5062,330,13,2,2025-04-03,5,457712,313000,0.05
5063,96,18,11,2024-06-22,4,501111,364000,0.1
5064,1,15,83,2025-09-15,5,147849,97000,0.2
5065,414,11,38,2024-09-04,5,313675,175000,0.2
5066,166,11,73,2024-05-18,5,148321,84000,0.0
5067,78,14,80,2025-04-21,4,341486,186000,0.15
5068,152,1,42,2025-01-24,5,387805,204000,0.15
5069,492,18,71,2025-01-13,2,899254,479000,0.2
5070,471,10,4,2024-03-15,3,213367,177000,0.0
5071,169,16,16,2025-01-31,4,150904,81000,0.0
5072,36,5,71,2025-08-08,5,899254,479000,0.05
5073,411,3,76,2024-12-25,3,67949,56000,0.15
5074,332,4,69,2024-03-23,5,214926,121000,0.15
5075,29,12,40,2024-02-10,5,612399,307000,0.15
5076,95,9,100,2025-09-09,1,130122,92000,0.0
5077,486,15,35,2025-06-19,5,801865,464000,0.05
5078,238,2,72,2025-10-16,4,531452,441000,0.1
5079,302,7,81,2024-05-24,2,402769,257000,0.0
5080,175,1,3,2024-06-02,1,285890,144000,0.0
5081,19,16,9,2025-10-02,5,449456,257000,0.15
5082,206,20,36,2024-01-24,2,236121,173000,0.2
5083,117,7,45,2024-06-14,2,732045,452000,0.05
5084,325,18,53,2024-05-01,5,269183,146000,0.05
5085,7,16,3,2024-02-12,4,285890,144000,0.05
5086,416,9,82,2024-05-19,2,354688,203000,0.0
5087,133,19,23,2024-05-22,4,435414,346000,0.15
5088,484,10,58,2025-04-25,3,282366,172000,0.05
5089,48,9,4,2025-12-07,3,213367,177000,0.15
5090,462,14,40,2025-01-11,4,612399,307000,0.2
5091,369,13,87,2024-02-20,4,866392,494000,0.1
5092,331,10,70,2025-01-05,4,651468,327000,0.05
5093,170,3,33,2024-09-17,3,420924,285000,0.05
5094,500,18,36,2025-07-16,4,236121,173000,0.15
5095,102,9,85,2025-06-10,4,572260,305000,0.1
5096,380,8,65,2025-07-29,2,173690,128000,0.1
5097,323,6,85,2025-03-15,3,572260,305000,0.2
5098,201,10,54,2025-03-20,4,295710,156000,0.05
5099,16,15,67,2024-06-06,3,327734,181000,0.05
5100,3,17,61,2025-04-27,3,184225,100000,0.2
5101,396,14,78,2024-06-11,3,201181,104000,0.05
5102,337,9,99,2024-08-11,5,754227,445000,0.2
5103,354,11,39,2025-09-03,2,275775,169000,0.15
5104,391,10,69,2024-01-25,1,214926,121000,0.1
5105,306,6,41,2024-02-02,1,579025,345000,0.1
5106,85,1,69,2025-04-19,3,214926,121000,0.15
5107,89,20,7,2024-10-14,4,571254,384000,0.05
5108,357,15,98,2024-02-16,2,252844,145000,0.2
5109,433,19,58,2024-05-25,2,282366,172000,0.15
5110,322,1,41,2025-11-13,3,579025,345000,0.1
5111,216,5,31,2024-03-05,5,317221,202000,0.0
5112,182,2,43,2024-04-22,5,288284,203000,0.1
5113,176,1,87,2024-11-03,2,866392,494000,0.0
5114,160,7,85,2024-04-06,2,572260,305000,0.2
5115,466,15,44,2024-05-22,2,533229,334000,0.0
5116,385,16,77,2024-08-17,3,92902,58000,0.05
5117,409,4,80,2024-03-21,3,341486,186000,0.05
5118,181,19,15,2025-11-03,2,564164,320000,0.05
5119,184,6,4,2025-02-14,3,213367,177000,0.05
5120,223,13,59,2025-07-18,3,468552,288000,0.05
5121,27,17,24,2025-12-09,3,510411,408000,0.0
5122,99,18,47,2025-06-25,4,325148,173000,0.05
5123,176,3,92,2024-10-26,3,759219,396000,0.1
5124,422,3,34,2025-09-10,4,886449,498000,0.0
5125,41,16,75,2024-04-06,2,615439,387000,0.1
5126,161,8,86,2025-01-01,3,619302,320000,0.1
5127,70,16,89,2025-03-03,4,273964,141000,0.0
5128,234,7,24,2025-03-01,5,510411,408000,0.0
5129,49,5,32,2025-01-29,4,484101,322000,0.1
5130,494,14,12,2025-01-18,3,200189,128000,0.15
5131,453,4,93,2024-09-20,2,781223,436000,0.15
5132,132,17,23,2025-06-10,4,435414,346000,0.0
5133,82,1,16,2025-02-05,5,150904,81000,0.15
5134,293,8,76,2025-03-10,5,67949,56000,0.0
5135,11,8,11,2024-09-03,5,501111,364000,0.15
5136,224,16,80,2024-03-16,5,341486,186000,0.1
5137,365,11,8,2024-02-03,3,506180,391000,0.1
5138,74,5,93,2025-07-06,5,781223,436000,0.2
5139,347,4,87,2024-08-21,4,866392,494000,0.15
5140,424,17,23,2024-08-22,2,435414,346000,0.1
5141,258,12,72,2024-11-11,5,531452,441000,0.0
5142,75,12,12,2024-02-28,3,200189,128000,0.05
5143,188,2,78,2024-10-31,2,201181,104000,0.15
5144,403,8,87,2024-06-28,2,866392,494000,0.2
5145,242,12,14,2024-05-15,2,615107,440000,0.1
5146,239,6,99,2025-01-22,3,754227,445000,0.15
5147,368,11,78,2024-04-22,5,201181,104000,0.0
5148,322,9,38,2024-10-19,5,313675,175000,0.0
5149,104,10,25,2025-12-25,1,356587,291000,0.2
5150,116,3,32,2025-01-16,4,484101,322000,0.2
5151,248,4,5,2025-05-10,2,501235,278000,0.2
5152,209,5,87,2024-01-17,1,866392,494000,0.1
5153,480,15,88,2025-11-20,5,141570,73000,0.0
5154,415,3,78,2024-12-13,2,201181,104000,0.15
5155,58,14,58,2025-06-05,2,282366,172000,0.05
5156,375,17,19,2024-02-24,5,484036,311000,0.0
5157,81,4,63,2024-06-08,2,639248,338000,0.2
5158,291,3,76,2025-02-10,5,67949,56000,0.05
5159,236,14,42,2025-11-26,4,387805,204000,0.05
5160,184,5,100,2024-01-28,4,130122,92000,0.0
5161,1,15,73,2025-05-14,5,148321,84000,0.15
5162,380,20,83,2025-09-01,3,147849,97000,0.1
5163,29,9,94,2024-07-20,1,98417,77000,0.1
5164,415,6,36,2024-01-11,3,236121,173000,0.0
5165,125,18,1,2025-06-17,2,234738,139000,0.15
5166,455,7,64,2024-02-05,5,81699,58000,0.2
5167,88,20,96,2024-02-26,3,110974,65000,0.1
5168,390,13,41,2025-04-08,5,579025,345000,0.15
5169,5,20,7,2024-10-05,2,571254,384000,0.0
5170,351,15,100,2025-02-21,2,130122,92000,0.1
5171,36,18,87,2025-10-02,3,866392,494000,0.1
5172,278,17,92,2025-03-10,2,759219,396000,0.05
5173,426,18,13,2024-09-06,1,670509,409000,0.0
5174,37,2,86,2024-06-25,2,619302,320000,0.15
5175,126,9,97,2024-09-06,3,246451,166000,0.0
5176,159,6,49,2025-07-12,1,432853,263000,0.0
5177,275,18,20,2024-08-28,1,188439,117000,0.0
5178,17,18,22,2024-06-26,3,353698,252000,0.05
5179,199,17,95,2025-11-19,2,377246,224000,0.0
5180,431,1,16,2025-03-01,4,150904,81000,0.05
5181,342,3,31,2025-11-23,5,317221,202000,0.2
5182,308,1,84,2025-01-24,4,133333,78000,0.05
5183,157,16,60,2025-12-24,5,272251,183000,0.2
5184,22,1,55,2024-02-17,4,78058,57000,0.05
5185,358,4,46,2024-09-20,2,181428,126000,0.0
5186,234,4,100,2024-01-10,1,130122,92000,0.15
5187,187,1,56,2025-07-28,2,863852,432000,0.1
5188,54,6,84,2024-11-24,5,133333,78000,0.2
5189,191,3,28,2025-06-25,4,158902,91000,0.0
5190,319,9,98,2024-03-23,1,252844,145000,0.2
5191,479,12,83,2024-09-22,3,147849,97000,0.1
5192,316,13,54,2024-05-25,5,295710,156000,0.15
5193,308,6,45,2024-04-27,3,732045,452000,0.15
5194,121,15,59,2024-03-21,4,468552,288000,0.15
5195,213,5,58,2025-05-27,1,282366,172000,0.2
5196,206,4,55,2024-12-28,2,78058,57000,0.2
5197,279,8,18,2025-03-27,4,542999,398000,0.15
5198,107,15,4,2025-05-21,3,213367,177000,0.1
5199,245,10,13,2025-06-21,2,670509,409000,0.2
5200,352,10,6,2024-08-10,2,618850,348000,0.05
5201,153,13,86,2024-11-05,4,619302,320000,0.0
5202,105,7,49,2025-03-10,2,432853,263000,0.15
5203,413,15,1,2024-03-14,3,234738,139000,0.0
5204,321,4,54,2024-06-27,1,295710,156000,0.1
5205,117,4,48,2025-06-07,2,725534,462000,0.1
5206,107,14,77,2025-03-07,4,92902,58000,0.2
5207,199,11,34,2024-09-13,4,886449,498000,0.0
5208,304,17,49,2025-01-31,5,432853,263000,0.2
5209,283,18,62,2025-01-21,1,230470,154000,0.05
5210,143,18,100,2024-01-29,2,130122,92000,0.0
5211,117,13,29,2025-10-18,4,147705,110000,0.2
5212,296,6,94,2024-12-18,2,98417,77000,0.0
5213,339,6,96,2024-04-26,2,110974,65000,0.2
5214,307,8,62,2024-12-03,1,230470,154000,0.15
5215,26,13,36,2024-09-27,1,236121,173000,0.0
5216,42,18,96,2024-04-06,2,110974,65000,0.2
5217,81,9,58,2025-06-09,2,282366,172000,0.05
5218,11,3,62,2024-07-16,1,230470,154000,0.2
5219,299,13,69,2025-12-14,1,214926,121000,0.15
5220,347,15,84,2024-12-08,1,133333,78000,0.15
5221,130,19,68,2025-11-02,5,380357,285000,0.2
5222,230,20,62,2025-09-21,3,230470,154000,0.2
5223,477,5,77,2024-06-14,1,92902,58000,0.1
5224,143,18,14,2024-04-23,4,615107,440000,0.0
5225,265,4,53,2024-12-30,3,269183,146000,0.15
5226,53,1,71,2025-11-09,5,899254,479000,0.2
5227,324,11,56,2024-08-04,1,863852,432000,0.15
5228,103,4,53,2025-02-21,2,269183,146000,0.0
5229,427,12,22,2025-01-10,5,353698,252000,0.15
5230,215,20,58,2024-04-15,2,282366,172000,0.15
5231,250,18,40,2024-08-11,5,612399,307000,0.15
5232,430,7,65,2025-08-10,1,173690,128000,0.0
5233,28,13,68,2025-08-22,5,380357,285000,0.2
5234,391,7,68,2024-04-26,2,380357,285000,0.0
5235,219,16,83,2024-03-19,1,147849,97000,0.15
5236,200,8,45,2024-04-27,2,732045,452000,0.05
5237,411,8,89,2024-05-03,2,273964,141000,0.15
5238,169,9,10,2025-06-23,4,728704,377000,0.2
5239,353,20,75,2024-11-13,1,615439,387000,0.0
5240,84,20,8,2025-11-19,2,506180,391000,0.15
5241,398,11,46,2025-06-12,3,181428,126000,0.1
5242,216,8,65,2025-12-12,2,173690,128000,0.1
5243,389,4,88,2025-07-15,5,141570,73000,0.2
5244,310,5,20,2024-08-11,4,188439,117000,0.1
5245,225,9,19,2024-04-18,3,484036,311000,0.1
5246,286,3,9,2024-11-26,5,449456,257000,0.05
5247,460,6,81,2025-03-07,3,402769,257000,0.15
5248,416,2,14,2025-02-19,2,615107,440000,0.05
5249,293,20,16,2024-08-26,5,150904,81000,0.15
5250,423,7,34,2024-04-10,3,886449,498000,0.1
5251,120,4,93,2024-11-21,5,781223,436000,0.1
5252,309,8,41,2024-02-23,4,579025,345000,0.05
5253,267,11,2,2025-02-13,4,457712,313000,0.2
5254,301,14,100,2025-10-28,5,130122,92000,0.0
5255,276,15,90,2025-08-16,3,260462,156000,0.1
5256,384,20,18,2025-07-29,3,542999,398000,0.0
5257,248,7,78,2025-04-16,2,201181,104000,0.0
5258,261,3,43,2025-02-14,1,288284,203000,0.15
5259,241,7,9,2025-09-28,2,449456,257000,0.05
5260,355,5,55,2025-05-04,4,78058,57000,0.0
5261,151,1,16,2025-12-24,4,150904,81000,0.05
5262,334,6,91,2024-05-15,2,128108,89000,0.1
5263,353,20,83,2024-04-06,2,147849,97000,0.1
5264,345,8,68,2025-02-25,2,380357,285000,0.0
5265,158,1,24,2024-11-16,2,510411,408000,0.15
5266,405,10,13,2025-10-26,5,670509,409000,0.0
5267,390,18,38,2024-10-30,3,313675,175000,0.05
5268,355,9,35,2024-06-10,2,801865,464000,0.0
5269,308,10,32,2025-12-15,3,484101,322000,0.0
5270,458,3,57,2025-12-19,4,683509,406000,0.1
5271,34,11,16,2025-11-04,5,150904,81000,0.15
5272,411,19,54,2025-09-19,3,295710,156000,0.0
5273,180,7,37,2025-05-21,1,466547,278000,0.1
5274,34,7,80,2025-12-24,5,341486,186000,0.2
5275,426,5,60,2024-11-14,1,272251,183000,0.1
5276,325,20,39,2025-12-01,3,275775,169000,0.0
5277,441,3,8,2025-01-29,5,506180,391000,0.05
5278,103,11,86,2025-10-20,1,619302,320000,0.0
5279,93,19,50,2024-09-30,3,244295,174000,0.2
5280,490,6,76,2025-10-11,2,67949,56000,0.0
5281,196,14,31,2025-12-29,4,317221,202000,0.15
5282,397,6,75,2024-06-26,4,615439,387000,0.2
5283,276,13,73,2024-08-25,3,148321,84000,0.05
5284,428,3,12,2024-04-05,5,200189,128000,0.1
5285,347,1,81,2025-09-15,5,402769,257000,0.05
5286,144,5,80,2024-05-09,2,341486,186000,0.1
5287,345,6,38,2025-03-10,1,313675,175000,0.15
5288,98,7,66,2025-02-23,2,636541,341000,0.1
5289,118,8,39,2025-09-11,5,275775,169000,0.2
5290,53,17,33,2025-01-14,2,420924,285000,0.15
5291,375,2,49,2024-09-17,4,432853,263000,0.2
5292,90,10,65,2024-10-21,4,173690,128000,0.1
5293,484,20,32,2025-01-27,5,484101,322000,0.05
5294,11,15,18,2024-12-17,5,542999,398000,0.1
5295,296,12,35,2024-01-23,2,801865,464000,0.1
5296,192,20,21,2025-09-28,5,527487,336000,0.2
5297,292,14,35,2024-09-11,4,801865,464000,0.0
5298,108,11,78,2024-11-30,4,201181,104000,0.1
5299,169,2,77,2025-02-18,1,92902,58000,0.15
5300,268,7,34,2025-07-16,4,886449,498000,0.0
5301,175,9,1,2025-08-25,1,234738,139000,0.2
5302,109,9,18,2025-04-11,5,542999,398000,0.2
5303,194,17,37,2025-11-13,5,466547,278000,0.15
5304,276,20,56,2025-08-26,4,863852,432000,0.15
5305,210,4,75,2024-01-17,3,615439,387000,0.15
5306,27,3,59,2025-08-21,1,468552,288000,0.15
5307,42,1,34,2024-03-25,5,886449,498000,0.15
5308,408,15,98,2024-09-23,2,252844,145000,0.2
5309,425,12,14,2025-05-06,3,615107,440000,0.15
5310,335,11,54,2024-01-01,4,295710,156000,0.1
5311,484,1,10,2025-03-08,5,728704,377000,0.2
5312,340,10,88,2025-05-18,1,141570,73000,0.15
5313,146,7,34,2024-07-28,5,886449,498000,0.05
5314,265,11,48,2025-08-12,5,725534,462000,0.15
5315,331,11,3,2024-01-18,3,285890,144000,0.1
5316,249,11,53,2024-08-22,4,269183,146000,0.2
5317,384,9,40,2025-12-30,1,612399,307000,0.05
5318,242,18,23,2024-03-14,5,435414,346000,0.15
5319,64,10,76,2025-04-01,2,67949,56000,0.1
5320,442,8,5,2024-02-27,2,501235,278000,0.1
5321,382,6,69,2025-03-14,3,214926,121000,0.15
5322,405,3,97,2025-06-10,4,246451,166000,0.1
5323,332,10,81,2025-06-13,4,402769,257000,0.05
5324,445,2,74,2025-07-26,2,481960,308000,0.15
5325,263,12,86,2024-11-26,4,619302,320000,0.05
5326,395,3,29,2024-01-23,1,147705,110000,0.0
5327,296,13,98,2025-07-16,2,252844,145000,0.15
5328,333,7,77,2025-09-17,3,92902,58000,0.0
5329,76,16,1,2025-01-12,3,234738,139000,0.2
5330,389,16,59,2025-01-20,3,468552,288000,0.2
5331,213,5,7,2024-12-01,2,571254,384000,0.15
5332,130,10,7,2024-08-08,2,571254,384000,0.15
5333,305,9,88,2025-10-05,3,141570,73000,0.05
5334,383,8,52,2025-01-21,5,107522,76000,0.2
5335,346,5,30,2024-03-14,1,836817,422000,0.2
5336,348,14,26,2025-03-26,2,579595,443000,0.1
5337,452,8,12,2025-04-04,4,200189,128000,0.0
5338,444,12,16,2024-10-13,4,150904,81000,0.1
5339,346,14,60,2024-06-26,4,272251,183000,0.15
5340,228,18,18,2025-02-05,4,542999,398000,0.05
5341,462,18,41,2025-09-20,1,579025,345000,0.2
5342,402,16,78,2024-09-28,4,201181,104000,0.15
5343,351,10,99,2024-10-06,3,754227,445000,0.2
5344,365,11,84,2025-05-29,2,133333,78000,0.1
5345,229,15,18,2024-07-13,5,542999,398000,0.1
5346,200,15,33,2025-05-02,1,420924,285000,0.05
5347,13,9,54,2024-10-15,5,295710,156000,0.15
5348,240,12,20,2025-03-07,1,188439,117000,0.15
5349,180,7,11,2025-03-31,3,501111,364000,0.2
5350,387,16,39,2024-11-20,1,275775,169000,0.0
5351,319,19,99,2024-03-01,2,754227,445000,0.05
5352,436,9,8,2025-08-07,1,506180,391000,0.0
5353,204,12,95,2025-01-16,1,377246,224000,0.15
5354,382,10,93,2024-09-04,5,781223,436000,0.05
5355,269,11,93,2024-09-07,3,781223,436000,0.1
5356,176,6,84,2024-09-08,4,133333,78000,0.1
5357,17,1,26,2025-03-16,2,579595,443000,0.15
5358,438,19,5,2024-01-30,3,501235,278000,0.15
5359,377,8,95,2024-03-02,1,377246,224000,0.0
5360,40,3,40,2025-03-07,5,612399,307000,0.1
5361,303,13,77,2025-08-04,5,92902,58000,0.2
5362,53,11,41,2025-07-14,1,579025,345000,0.0
5363,206,14,65,2024-10-10,2,173690,128000,0.15
5364,230,14,10,2025-04-26,3,728704,377000,0.1
5365,250,1,12,2025-06-07,5,200189,128000,0.15
5366,205,13,36,2025-02-25,4,236121,173000,0.2
5367,380,12,71,2024-01-17,2,899254,479000,0.2
5368,176,20,92,2025-02-17,2,759219,396000,0.1
5369,329,20,76,2025-06-23,3,67949,56000,0.0
5370,120,8,9,2025-12-19,3,449456,257000,0.05
5371,96,16,1,2025-12-22,2,234738,139000,0.2
5372,143,16,55,2024-11-19,3,78058,57000,0.0
5373,217,6,88,2025-07-01,2,141570,73000,0.2
5374,182,3,20,2024-02-26,1,188439,117000,0.1
5375,193,2,28,2025-02-01,1,158902,91000,0.2
5376,445,8,40,2025-04-06,4,612399,307000,0.1
5377,130,15,28,2024-04-02,5,158902,91000,0.2
5378,134,15,94,2024-06-20,5,98417,77000,0.1
5379,97,11,39,2024-01-03,3,275775,169000,0.05
5380,9,6,78,2024-04-15,3,201181,104000,0.1
5381,331,8,93,2025-05-07,2,781223,436000,0.2
5382,359,14,46,2025-11-29,1,181428,126000,0.2
5383,155,4,53,2025-05-05,3,269183,146000,0.15
5384,40,17,27,2025-01-10,1,381913,245000,0.05
5385,182,17,87,2024-05-24,2,866392,494000,0.0
5386,396,11,48,2025-03-04,2,725534,462000,0.1
5387,487,20,69,2024-08-03,1,214926,121000,0.1
5388,86,4,68,2025-10-15,5,380357,285000,0.1
5389,176,20,63,2024-12-01,5,639248,338000,0.2
5390,156,3,80,2025-06-19,1,341486,186000,0.2
5391,185,17,22,2024-12-04,5,353698,252000,0.15
5392,389,20,15,2024-12-19,4,564164,320000,0.15
5393,483,4,23,2024-07-29,2,435414,346000,0.2
5394,391,19,76,2025-06-29,2,67949,56000,0.1
5395,101,18,12,2024-02-26,5,200189,128000,0.0
5396,133,5,9,2024-07-12,3,449456,257000,0.15
5397,469,6,91,2024-11-15,5,128108,89000,0.05
5398,238,8,14,2025-08-11,5,615107,440000,0.1
5399,89,3,98,2024-04-14,1,252844,145000,0.2
5400,464,7,66,2025-04-28,3,636541,341000,0.05
5401,371,13,38,2024-10-29,1,313675,175000,0.0
5402,171,12,12,2024-03-26,2,200189,128000,0.05
5403,165,8,47,2024-03-05,2,325148,173000,0.0
5404,152,1,5,2024-11-10,2,501235,278000,0.0
5405,344,4,58,2024-03-31,4,282366,172000,0.2
5406,315,18,7,2025-01-04,5,571254,384000,0.15
5407,209,14,39,2025-04-12,3,275775,169000,0.1
5408,62,18,31,2024-11-06,3,317221,202000,0.1
5409,51,5,95,2025-08-28,2,377246,224000,0.2
5410,175,5,53,2024-09-30,5,269183,146000,0.2
5411,43,20,8,2025-12-01,4,506180,391000,0.1
5412,498,4,94,2025-03-05,1,98417,77000,0.0
5413,316,3,89,2025-12-07,4,273964,141000,0.15
5414,68,6,3,2025-10-13,1,285890,144000,0.2
5415,208,18,86,2024-05-06,3,619302,320000,0.05
5416,78,3,19,2024-05-08,4,484036,311000,0.2
5417,206,6,82,2025-10-15,4,354688,203000,0.1
5418,399,13,84,2025-08-05,4,133333,78000,0.2
5419,324,9,19,2024-07-17,1,484036,311000,0.2
5420,6,12,64,2024-01-04,5,81699,58000,0.0
5421,410,12,73,2025-11-08,2,148321,84000,0.05
5422,322,15,64,2025-07-18,2,81699,58000,0.05
5423,16,2,7,2024-05-29,2,571254,384000,0.05
5424,174,20,83,2025-07-26,4,147849,97000,0.1
5425,285,15,64,2024-07-14,2,81699,58000,0.1
5426,46,10,16,2024-12-24,2,150904,81000,0.2
5427,347,17,43,2024-12-05,2,288284,203000,0.0
5428,486,17,83,2025-10-08,1,147849,97000,0.05
5429,148,18,52,2024-02-14,1,107522,76000,0.15
5430,7,14,4,2024-09-25,2,213367,177000,0.05
5431,231,13,46,2024-09-26,3,181428,126000,0.15
5432,368,19,89,2024-02-12,5,273964,141000,0.1
5433,258,19,3,2025-10-11,3,285890,144000,0.0
5434,494,9,65,2025-02-05,3,173690,128000,0.15
5435,169,12,27,2025-02-02,1,381913,245000,0.0
5436,287,16,56,2025-06-11,2,863852,432000,0.05
5437,373,13,68,2025-03-29,5,380357,285000,0.2
5438,425,8,45,2025-09-30,4,732045,452000,0.2
5439,491,2,10,2025-11-05,2,728704,377000,0.15
5440,12,3,54,2025-08-28,2,295710,156000,0.05
5441,5,9,13,2025-01-26,2,670509,409000,0.2
5442,386,15,62,2025-11-12,5,230470,154000,0.1
5443,110,17,11,2024-01-16,5,501111,364000,0.2
5444,390,9,3,2024-05-04,2,285890,144000,0.1
5445,287,6,67,2024-09-08,5,327734,181000,0.1
5446,38,19,92,2024-11-11,5,759219,396000,0.1
5447,415,19,92,2025-04-15,1,759219,396000,0.1
5448,158,15,94,2024-08-26,1,98417,77000,0.1
5449,184,3,17,2025-08-25,5,195974,134000,0.05
5450,328,2,95,2024-08-08,4,377246,224000,0.15
5451,337,13,73,2024-05-09,3,148321,84000,0.05
5452,443,17,64,2024-09-18,1,81699,58000,0.2
5453,271,14,98,2025-10-03,5,252844,145000,0.15
5454,457,6,43,2025-08-30,4,288284,203000,0.05
5455,270,6,48,2024-06-11,5,725534,462000,0.05
5456,270,7,92,2024-04-23,5,759219,396000,0.0
5457,22,14,20,2024-08-02,2,188439,117000,0.1
5458,275,10,66,2025-03-13,5,636541,341000,0.1
5459,328,16,88,2025-02-23,4,141570,73000,0.15
5460,143,11,65,2025-02-12,1,173690,128000,0.2
5461,376,9,71,2024-10-02,2,899254,479000,0.15
5462,172,5,74,2025-05-01,3,481960,308000,0.2
5463,103,3,11,2025-10-13,2,501111,364000,0.1
5464,404,11,62,2025-12-01,3,230470,154000,0.1
5465,319,16,77,2025-12-17,2,92902,58000,0.2
5466,45,3,36,2024-10-10,5,236121,173000,0.15
5467,351,6,91,2025-01-30,3,128108,89000,0.2
5468,430,4,55,2024-05-03,4,78058,57000,0.1
5469,132,11,79,2025-03-10,5,250982,148000,0.15
5470,183,11,29,2025-02-20,3,147705,110000,0.2
5471,455,4,10,2024-11-14,3,728704,377000,0.15
5472,307,14,79,2025-06-26,4,250982,148000,0.15
5473,490,7,31,2025-08-02,1,317221,202000,0.0
5474,428,4,45,2024-03-03,5,732045,452000,0.05
5475,389,11,51,2024-03-28,2,525757,280000,0.0
5476,473,9,74,2024-06-25,4,481960,308000,0.05
5477,389,18,19,2024-10-14,2,484036,311000,0.2
5478,308,6,96,2025-11-09,2,110974,65000,0.1
5479,25,19,62,2025-07-20,4,230470,154000,0.15
5480,336,2,81,2025-03-22,5,402769,257000,0.1
5481,5,7,11,2024-10-08,5,501111,364000,0.0
5482,37,11,26,2024-01-06,3,579595,443000,0.2
5483,407,17,29,2025-01-18,4,147705,110000,0.05
5484,476,12,52,2024-04-16,4,107522,76000,0.15
5485,451,1,42,2025-03-02,3,387805,204000,0.1
5486,457,13,45,2024-06-06,2,732045,452000,0.2
5487,439,9,6,2025-05-11,5,618850,348000,0.15
5488,70,2,96,2025-05-22,4,110974,65000,0.05
5489,474,10,81,2025-02-08,3,402769,257000,0.05
5490,307,5,80,2024-04-19,5,341486,186000,0.0
5491,228,5,91,2025-02-22,5,128108,89000,0.1
5492,44,12,65,2024-06-23,3,173690,128000,0.0
5493,441,1,42,2024-09-08,2,387805,204000,0.2
5494,448,11,87,2024-12-14,4,866392,494000,0.15
5495,198,6,71,2024-06-11,2,899254,479000,0.0
5496,190,13,54,2025-09-13,3,295710,156000,0.05
5497,384,13,62,2024-10-22,5,230470,154000,0.1
5498,398,1,1,2025-09-16,4,234738,139000,0.2
5499,401,19,62,2025-11-13,3,230470,154000,0.0
5500,259,3,90,2025-09-13,5,260462,156000,0.0
5501,36,5,59,2025-01-14,4,468552,288000,0.1
5502,407,10,74,2024-04-08,3,481960,308000,0.1
5503,345,4,78,2024-07-29,2,201181,104000,0.1
5504,92,17,55,2025-07-08,3,78058,57000,0.2
5505,173,19,98,2025-10-21,2,252844,145000,0.2
5506,223,12,61,2025-03-31,3,184225,100000,0.15
5507,247,1,49,2024-02-07,3,432853,263000,0.2
5508,135,7,47,2025-09-19,3,325148,173000,0.1
5509,275,16,82,2025-03-18,3,354688,203000,0.05
5510,441,14,85,2024-12-10,4,572260,305000,0.0
5511,425,19,73,2024-01-03,2,148321,84000,0.05
5512,208,8,35,2025-05-13,5,801865,464000,0.0
5513,185,19,39,2024-08-03,1,275775,169000,0.1
5514,340,2,60,2024-02-22,4,272251,183000,0.0
5515,130,15,15,2025-10-20,1,564164,320000,0.1
5516,493,9,59,2025-09-21,2,468552,288000,0.1
5517,275,16,31,2025-12-11,1,317221,202000,0.1
5518,240,17,18,2025-01-09,2,542999,398000,0.1
5519,115,11,44,2024-04-16,4,533229,334000,0.1
5520,202,18,35,2024-04-07,4,801865,464000,0.1
5521,318,11,43,2024-08-07,3,288284,203000,0.15
5522,188,12,20,2025-07-03,2,188439,117000,0.05
5523,384,19,45,2025-11-21,5,732045,452000,0.0
5524,427,16,45,2024-11-04,4,732045,452000,0.2
5525,210,13,47,2025-10-31,5,325148,173000,0.0
5526,322,4,6,2024-09-25,2,618850,348000,0.2
5527,123,7,100,2024-06-20,2,130122,92000,0.15
5528,154,1,95,2024-01-02,3,377246,224000,0.15
5529,414,19,60,2025-02-14,1,272251,183000,0.1
5530,343,19,57,2025-05-19,1,683509,406000,0.1
5531,285,12,63,2024-05-07,2,639248,338000,0.1
5532,22,17,92,2024-12-14,3,759219,396000,0.2
5533,191,13,92,2024-10-17,2,759219,396000,0.15
5534,98,20,5,2024-01-27,1,501235,278000,0.15
5535,236,12,50,2024-03-20,1,244295,174000,0.0
5536,225,2,79,2024-04-17,1,250982,148000,0.0
5537,139,19,50,2025-10-23,4,244295,174000,0.2
5538,359,20,5,2025-03-18,4,501235,278000,0.2
5539,349,4,23,2024-11-17,5,435414,346000,0.1
5540,297,8,51,2025-01-08,2,525757,280000,0.0
5541,228,13,86,2025-03-10,5,619302,320000,0.2
5542,405,14,87,2024-07-21,2,866392,494000,0.1
5543,408,12,63,2025-11-20,2,639248,338000,0.1
5544,24,16,91,2025-02-21,5,128108,89000,0.2
5545,274,18,8,2024-05-16,4,506180,391000,0.05
5546,119,12,28,2024-08-06,3,158902,91000,0.0
5547,39,9,14,2024-01-08,2,615107,440000,0.2
5548,467,10,25,2025-04-24,1,356587,291000,0.2
5549,117,14,22,2025-09-21,4,353698,252000,0.1
5550,365,19,52,2025-05-06,2,107522,76000,0.1
5551,138,17,53,2025-12-12,4,269183,146000,0.0
5552,27,15,3,2025-11-11,2,285890,144000,0.0
5553,224,12,87,2025-10-05,2,866392,494000,0.1
5554,263,6,72,2024-01-26,2,531452,441000,0.15
5555,460,16,44,2024-08-30,2,533229,334000,0.15
5556,454,17,76,2024-05-24,3,67949,56000,0.0
5557,481,19,98,2025-03-15,5,252844,145000,0.15
5558,66,7,14,2025-11-19,1,615107,440000,0.05
5559,337,6,22,2025-10-03,1,353698,252000,0.1
5560,473,4,42,2024-03-25,2,387805,204000,0.15
5561,413,5,75,2025-08-04,4,615439,387000,0.2
5562,389,11,43,2025-02-07,5,288284,203000,0.1
5563,469,12,58,2025-01-21,3,282366,172000,0.1
5564,352,11,90,2025-01-18,2,260462,156000,0.05
5565,267,4,36,2024-04-22,3,236121,173000,0.0
5566,110,13,99,2024-03-28,5,754227,445000,0.1
5567,352,11,58,2024-01-19,2,282366,172000,0.2
5568,423,18,19,2025-07-19,1,484036,311000,0.05
5569,429,14,13,2025-03-31,5,670509,409000,0.05
5570,399,9,66,2025-07-03,3,636541,341000,0.0
5571,344,5,64,2025-01-26,1,81699,58000,0.1
5572,339,17,22,2024-09-24,1,353698,252000,0.0
5573,137,2,32,2024-11-27,2,484101,322000,0.05
5574,87,18,13,2025-03-29,1,670509,409000,0.05
5575,1,17,27,2024-07-19,4,381913,245000,0.0
5576,465,16,62,2025-04-24,4,230470,154000,0.1
5577,339,16,6,2025-03-07,5,618850,348000,0.0
5578,398,15,56,2024-08-30,1,863852,432000,0.2
5579,2,16,49,2025-01-17,2,432853,263000,0.2
5580,214,6,54,2025-10-13,4,295710,156000,0.0
5581,145,18,13,2024-02-12,4,670509,409000,0.05
5582,26,10,68,2025-07-28,5,380357,285000,0.15
5583,114,2,14,2025-08-11,5,615107,440000,0.15
5584,336,11,29,2024-10-31,2,147705,110000,0.15
5585,240,10,52,2025-03-15,3,107522,76000,0.2
5586,206,2,14,2024-03-26,5,615107,440000,0.2
5587,11,13,42,2025-11-29,2,387805,204000,0.2
5588,369,16,33,2025-08-01,5,420924,285000,0.0
5589,67,11,83,2024-11-01,1,147849,97000,0.05
5590,350,2,85,2025-04-06,1,572260,305000,0.2
5591,287,19,16,2025-01-17,5,150904,81000,0.0
5592,73,19,13,2025-07-11,2,670509,409000,0.15
5593,142,6,51,2025-04-18,4,525757,280000,0.0
5594,307,8,16,2024-03-09,3,150904,81000,0.05
5595,488,6,82,2024-12-15,4,354688,203000,0.05
5596,58,14,52,2024-06-27,1,107522,76000,0.05
5597,262,15,74,2025-12-25,1,481960,308000,0.2
5598,73,20,47,2024-01-11,3,325148,173000,0.2
5599,119,17,30,2025-07-12,2,836817,422000,0.1
5600,43,1,39,2025-10-16,2,275775,169000,0.2
5601,454,11,53,2024-09-02,3,269183,146000,0.15
5602,471,9,11,2024-12-12,4,501111,364000,0.1
5603,362,12,49,2025-12-07,5,432853,263000,0.05
5604,156,2,16,2024-03-24,1,150904,81000,0.05
5605,126,7,98,2025-07-10,1,252844,145000,0.05
5606,263,19,12,2025-01-11,5,200189,128000,0.1
5607,7,8,91,2025-08-15,4,128108,89000,0.2
5608,253,16,44,2024-04-12,5,533229,334000,0.15
5609,17,12,11,2024-07-15,4,501111,364000,0.0
5610,458,19,53,2024-02-28,5,269183,146000,0.15
5611,466,13,39,2024-09-16,1,275775,169000,0.05
5612,130,18,1,2025-02-05,3,234738,139000,0.0
5613,107,8,30,2024-11-24,5,836817,422000,0.2
5614,60,18,58,2024-09-22,4,282366,172000,0.2
5615,444,14,59,2025-04-20,4,468552,288000,0.15
5616,115,10,8,2024-10-13,1,506180,391000,0.15
5617,326,8,42,2025-11-23,5,387805,204000,0.15
5618,117,8,11,2024-02-15,4,501111,364000,0.05
5619,384,15,23,2025-03-06,3,435414,346000,0.2
5620,60,1,43,2024-12-14,4,288284,203000,0.1
5621,440,2,39,2025-06-30,5,275775,169000,0.1
5622,432,4,76,2024-08-10,3,67949,56000,0.15
5623,11,11,70,2025-01-31,1,651468,327000,0.1
5624,233,20,38,2024-02-22,2,313675,175000,0.15
5625,368,10,100,2025-08-16,5,130122,92000,0.1
5626,56,2,62,2024-04-17,4,230470,154000,0.0
5627,158,15,62,2025-02-05,5,230470,154000,0.15
5628,175,15,47,2025-03-04,3,325148,173000,0.1
5629,78,6,20,2025-04-11,5,188439,117000,0.2
5630,260,11,50,2024-10-30,5,244295,174000,0.05
5631,6,20,35,2025-08-16,1,801865,464000,0.05
5632,440,12,65,2025-06-25,3,173690,128000,0.15
5633,195,19,95,2025-03-20,4,377246,224000,0.0
5634,368,14,94,2025-10-27,5,98417,77000,0.05
5635,477,14,9,2024-05-15,2,449456,257000,0.2
5636,393,15,71,2025-10-01,4,899254,479000,0.0
5637,192,15,57,2025-09-02,4,683509,406000,0.15
5638,458,14,6,2025-08-01,2,618850,348000,0.2
5639,240,19,19,2025-05-23,4,484036,311000,0.05
5640,403,3,24,2025-11-17,4,510411,408000,0.0
5641,64,5,8,2025-01-01,4,506180,391000,0.05
5642,96,2,71,2024-06-25,5,899254,479000,0.15
5643,104,6,53,2024-10-21,5,269183,146000,0.05
5644,404,5,30,2024-02-23,2,836817,422000,0.05
5645,130,9,28,2024-08-23,5,158902,91000,0.2
5646,456,1,49,2025-12-26,1,432853,263000,0.15
5647,117,1,49,2025-12-25,5,432853,263000,0.1
5648,67,7,52,2025-11-01,5,107522,76000,0.1
5649,166,5,44,2025-02-05,4,533229,334000,0.2
5650,259,11,77,2024-05-19,3,92902,58000,0.0
5651,403,13,32,2024-02-03,4,484101,322000,0.0
5652,173,10,34,2025-07-23,3,886449,498000,0.2
5653,55,4,69,2024-09-08,4,214926,121000,0.1
5654,86,12,75,2024-09-19,5,615439,387000,0.0
5655,411,1,45,2025-06-26,3,732045,452000,0.05
5656,390,10,42,2025-02-24,2,387805,204000,0.15
5657,246,18,17,2024-01-31,3,195974,134000,0.1
5658,492,15,55,2025-10-14,5,78058,57000,0.2
5659,93,2,70,2025-11-26,4,651468,327000,0.0
5660,63,8,30,2024-06-21,5,836817,422000,0.05
5661,319,11,10,2024-04-05,4,728704,377000,0.0
5662,488,19,72,2024-08-01,4,531452,441000,0.15
5663,416,16,100,2025-07-06,5,130122,92000,0.05
5664,471,17,73,2024-06-12,5,148321,84000,0.15
5665,411,6,64,2024-09-14,2,81699,58000,0.0
5666,89,19,40,2025-02-22,5,612399,307000,0.1
5667,159,10,15,2025-02-05,4,564164,320000,0.2
5668,100,6,15,2024-08-28,4,564164,320000,0.0
5669,242,1,70,2024-01-07,5,651468,327000,0.2
5670,22,6,3,2025-12-19,3,285890,144000,0.0
5671,351,3,68,2024-12-12,4,380357,285000,0.1
5672,82,1,20,2025-11-28,1,188439,117000,0.05
5673,188,9,11,2024-10-31,4,501111,364000,0.1
5674,256,20,9,2025-06-26,4,449456,257000,0.1
5675,208,14,18,2024-10-02,1,542999,398000,0.0
5676,379,1,17,2025-10-27,4,195974,134000,0.1
5677,208,19,100,2024-06-24,1,130122,92000,0.1
5678,423,2,58,2024-06-23,3,282366,172000,0.1
5679,274,11,30,2025-05-07,4,836817,422000,0.0
5680,7,19,38,2024-07-25,5,313675,175000,0.05
5681,462,8,48,2024-05-25,5,725534,462000,0.15
5682,274,1,89,2025-02-11,5,273964,141000,0.05
5683,172,15,55,2024-09-22,1,78058,57000,0.0
5684,206,16,77,2024-05-17,2,92902,58000,0.05
5685,257,4,10,2024-12-16,3,728704,377000,0.2
5686,187,2,80,2024-04-07,4,341486,186000,0.0
5687,255,20,93,2025-03-18,1,781223,436000,0.2
5688,67,12,62,2025-09-24,2,230470,154000,0.0
5689,62,18,10,2024-02-17,5,728704,377000,0.05
5690,122,8,20,2024-05-09,5,188439,117000,0.1
5691,431,1,91,2025-04-05,2,128108,89000,0.2
5692,300,11,35,2025-05-03,5,801865,464000,0.05
5693,176,18,65,2024-04-15,2,173690,128000,0.2
5694,40,14,81,2024-05-07,3,402769,257000,0.1
5695,145,20,28,2024-03-26,5,158902,91000,0.15
5696,426,15,22,2024-12-08,1,353698,252000,0.15
5697,154,18,39,2024-07-06,1,275775,169000,0.1
5698,82,13,60,2025-02-25,2,272251,183000,0.2
5699,265,18,17,2024-03-22,3,195974,134000,0.2
5700,335,19,31,2024-11-03,1,317221,202000,0.05
5701,223,15,61,2025-10-23,4,184225,100000,0.05
5702,98,10,62,2024-10-31,2,230470,154000,0.1
5703,460,15,26,2025-09-29,3,579595,443000,0.1
5704,499,13,67,2025-09-10,4,327734,181000,0.05
5705,463,13,47,2024-12-11,4,325148,173000,0.0
5706,444,2,97,2025-06-14,3,246451,166000,0.05
5707,391,8,21,2024-02-18,5,527487,336000,0.2
5708,152,5,35,2025-10-18,5,801865,464000,0.0
5709,493,2,38,2025-03-04,4,313675,175000,0.2
5710,147,1,81,2025-08-04,1,402769,257000,0.0
5711,182,16,77,2025-12-16,1,92902,58000,0.15
5712,148,6,30,2024-05-10,4,836817,422000,0.15
5713,188,9,52,2024-05-08,4,107522,76000,0.05
5714,212,20,77,2024-08-14,2,92902,58000,0.0
5715,368,9,30,2024-03-27,1,836817,422000,0.2
5716,171,5,81,2025-11-26,1,402769,257000,0.0
5717,59,15,60,2025-12-28,2,272251,183000,0.0
5718,467,3,24,2024-11-14,2,510411,408000,0.15
5719,293,1,34,2025-03-07,4,886449,498000,0.1
5720,65,20,2,2024-09-29,1,457712,313000,0.2
5721,271,9,29,2025-09-17,2,147705,110000,0.1
5722,295,18,58,2024-06-10,3,282366,172000,0.05
5723,214,14,82,2025-09-23,2,354688,203000,0.1
5724,181,8,89,2024-03-25,4,273964,141000,0.15
5725,221,6,77,2024-06-19,1,92902,58000,0.05
5726,207,11,95,2024-08-29,3,377246,224000,0.15
5727,310,19,2,2024-05-26,1,457712,313000,0.05
5728,498,2,3,2025-12-21,5,285890,144000,0.0
5729,35,10,56,2025-02-20,3,863852,432000,0.15
5730,251,8,39,2025-05-30,2,275775,169000,0.15
5731,338,2,95,2024-09-23,3,377246,224000,0.1
5732,128,4,92,2025-10-18,3,759219,396000,0.05
5733,74,2,52,2025-09-05,5,107522,76000,0.15
5734,416,9,95,2025-01-07,4,377246,224000,0.15
5735,157,8,74,2024-07-20,2,481960,308000,0.2
5736,10,9,88,2025-08-24,5,141570,73000,0.15
5737,406,12,41,2024-07-06,2,579025,345000,0.2
5738,356,8,23,2025-07-25,5,435414,346000,0.15
5739,424,17,43,2024-09-11,4,288284,203000,0.05
5740,479,16,13,2024-01-21,2,670509,409000,0.05
5741,323,7,30,2024-09-11,3,836817,422000,0.1
5742,159,4,7,2025-03-09,2,571254,384000,0.05
5743,478,9,23,2025-05-02,2,435414,346000,0.1
5744,98,15,3,2025-01-18,5,285890,144000,0.2
5745,178,2,21,2024-08-23,1,527487,336000,0.05
5746,65,8,42,2024-02-19,1,387805,204000,0.15
5747,250,3,17,2024-01-30,3,195974,134000,0.0
5748,440,16,47,2025-07-01,3,325148,173000,0.1
5749,358,2,7,2025-10-11,5,571254,384000,0.1
5750,419,10,35,2025-10-25,2,801865,464000,0.05
5751,41,19,44,2024-03-13,4,533229,334000,0.1
5752,439,3,80,2025-01-16,2,341486,186000,0.1
5753,411,2,17,2025-06-06,3,195974,134000,0.05
5754,47,8,63,2025-08-23,5,639248,338000,0.0
5755,367,8,94,2024-12-23,3,98417,77000,0.0
5756,477,3,94,2024-09-17,3,98417,77000,0.2
5757,355,16,79,2024-12-07,4,250982,148000,0.0
5758,487,4,97,2025-05-23,3,246451,166000,0.1
5759,491,17,51,2024-06-26,4,525757,280000,0.05
5760,126,1,81,2025-02-23,2,402769,257000,0.1
5761,433,3,56,2024-05-17,1,863852,432000,0.15
5762,122,11,86,2025-03-18,5,619302,320000,0.1
5763,224,3,17,2025-04-14,1,195974,134000,0.0
5764,29,11,41,2024-06-06,1,579025,345000,0.1
5765,415,12,78,2025-05-27,5,201181,104000,0.15
5766,236,3,86,2025-04-01,4,619302,320000,0.2
5767,494,14,40,2025-12-10,2,612399,307000,0.05
5768,20,4,4,2025-08-30,5,213367,177000,0.0
5769,376,4,6,2025-03-03,1,618850,348000,0.1
5770,249,17,7,2024-06-01,2,571254,384000,0.2
5771,276,20,68,2024-04-10,5,380357,285000,0.2
5772,337,4,27,2025-02-04,1,381913,245000,0.1
5773,59,14,50,2025-06-19,2,244295,174000,0.2
5774,46,17,66,2024-12-26,4,636541,341000,0.2
5775,24,12,88,2025-09-02,3,141570,73000,0.15
5776,172,13,81,2025-01-25,1,402769,257000,0.2
5777,195,16,98,2024-06-13,5,252844,145000,0.2
5778,246,5,23,2024-01-13,5,435414,346000,0.0
5779,371,18,92,2024-01-02,4,759219,396000,0.05
5780,324,7,15,2024-06-07,3,564164,320000,0.15
5781,145,1,59,2025-03-06,2,468552,288000,0.1
5782,400,1,60,2025-12-30,5,272251,183000,0.05
5783,310,15,69,2025-02-13,2,214926,121000,0.0
5784,292,12,67,2025-10-05,5,327734,181000,0.2
5785,312,18,14,2024-10-17,3,615107,440000,0.1
5786,134,13,27,2024-03-22,4,381913,245000,0.15
5787,484,14,62,2024-02-06,3,230470,154000,0.2
5788,231,12,49,2025-03-03,5,432853,263000,0.2
5789,458,4,9,2025-05-18,5,449456,257000,0.1
5790,221,2,11,2024-12-28,4,501111,364000,0.1
5791,107,10,45,2025-02-15,5,732045,452000,0.1
5792,470,15,32,2024-02-19,1,484101,322000,0.2
5793,369,2,27,2024-01-17,5,381913,245000,0.05
5794,220,11,18,2024-12-20,3,542999,398000,0.2
5795,361,16,98,2025-04-25,2,252844,145000,0.05
5796,103,4,62,2025-11-24,2,230470,154000,0.0
5797,56,19,49,2025-05-07,4,432853,263000,0.2
5798,145,18,21,2025-01-15,4,527487,336000,0.0
5799,74,9,62,2024-04-15,2,230470,154000,0.0
5800,490,10,86,2025-01-18,1,619302,320000,0.05
5801,30,11,44,2025-11-04,3,533229,334000,0.0
5802,382,2,38,2025-06-03,5,313675,175000,0.0
5803,432,7,86,2025-07-17,5,619302,320000,0.2
5804,235,8,73,2025-10-08,4,148321,84000,0.15
5805,159,13,67,2024-05-18,5,327734,181000,0.15
5806,104,10,13,2024-01-14,4,670509,409000,0.05
5807,31,1,32,2025-11-18,5,484101,322000,0.05
5808,115,11,4,2024-10-25,5,213367,177000,0.0
5809,480,8,21,2025-09-25,5,527487,336000,0.1
5810,225,19,3,2024-04-18,4,285890,144000,0.1
5811,212,13,73,2024-10-04,4,148321,84000,0.1
5812,355,7,20,2025-05-23,5,188439,117000,0.2
5813,409,13,46,2025-09-12,1,181428,126000,0.2
5814,232,11,21,2024-06-07,2,527487,336000,0.1
5815,85,5,81,2024-01-05,4,402769,257000,0.0
5816,460,10,32,2024-08-17,1,484101,322000,0.05
5817,232,4,5,2025-04-24,3,501235,278000,0.15
5818,189,17,24,2025-11-06,3,510411,408000,0.0
5819,473,17,73,2024-04-14,1,148321,84000,0.1
5820,173,3,81,2024-01-13,2,402769,257000,0.2
5821,364,18,53,2024-02-14,4,269183,146000,0.15
5822,66,16,15,2025-08-16,2,564164,320000,0.05
5823,249,20,68,2024-10-09,5,380357,285000,0.1
5824,410,7,5,2025-01-25,5,501235,278000,0.2
5825,243,13,54,2024-05-23,1,295710,156000,0.1
5826,156,10,79,2024-10-15,3,250982,148000,0.2
5827,410,9,20,2024-06-12,1,188439,117000,0.05
5828,275,18,89,2024-09-14,5,273964,141000,0.05
5829,445,15,51,2024-09-07,2,525757,280000,0.0
5830,188,2,31,2024-11-03,4,317221,202000,0.0
5831,17,5,29,2025-06-29,1,147705,110000,0.0
5832,472,9,49,2024-05-04,4,432853,263000,0.2
5833,294,14,16,2025-11-16,5,150904,81000,0.05
5834,136,15,1,2024-01-26,4,234738,139000,0.0
5835,426,4,12,2024-05-07,5,200189,128000,0.2
5836,434,13,75,2024-11-18,5,615439,387000,0.05
5837,372,16,85,2024-11-07,5,572260,305000,0.05
5838,398,7,53,2025-11-16,5,269183,146000,0.2
5839,135,3,38,2024-08-13,1,313675,175000,0.0
5840,265,4,36,2024-03-12,1,236121,173000,0.05
5841,5,11,15,2024-11-15,5,564164,320000,0.0
5842,326,4,11,2024-11-18,2,501111,364000,0.05
5843,160,15,57,2024-11-13,5,683509,406000,0.0
5844,1,19,5,2025-02-28,5,501235,278000,0.1
5845,233,4,96,2025-01-30,3,110974,65000,0.0
5846,109,3,38,2025-06-23,5,313675,175000,0.15
5847,415,12,3,2024-09-25,2,285890,144000,0.0
5848,243,5,98,2024-11-18,4,252844,145000,0.1
5849,339,16,98,2024-12-01,2,252844,145000,0.15
5850,372,9,77,2025-04-10,3,92902,58000,0.0
5851,136,9,4,2025-04-05,2,213367,177000,0.05
5852,231,1,80,2025-06-21,5,341486,186000,0.2
5853,55,8,78,2025-09-15,2,201181,104000,0.05
5854,96,13,51,2024-04-01,5,525757,280000,0.1
5855,9,8,39,2025-01-29,1,275775,169000,0.0
5856,120,3,22,2024-12-25,4,353698,252000,0.15
5857,251,13,90,2024-12-22,5,260462,156000,0.0
5858,14,18,31,2024-03-24,1,317221,202000,0.0
5859,209,4,78,2024-10-29,4,201181,104000,0.1
5860,20,13,22,2025-02-09,3,353698,252000,0.05
5861,226,10,37,2024-10-14,1,466547,278000,0.0
5862,154,18,67,2025-09-05,4,327734,181000,0.15
5863,140,17,49,2025-08-28,5,432853,263000,0.2
5864,7,8,33,2025-04-23,5,420924,285000,0.0
5865,472,15,52,2024-02-24,1,107522,76000,0.0
5866,249,8,60,2025-03-31,1,272251,183000,0.0
5867,465,10,84,2025-08-10,4,133333,78000,0.1
5868,228,17,77,2024-02-07,2,92902,58000,0.05
5869,55,19,14,2025-03-28,1,615107,440000,0.0
5870,143,20,91,2024-02-07,4,128108,89000,0.0
5871,147,10,4,2024-10-01,2,213367,177000,0.0
5872,217,15,12,2025-08-29,3,200189,128000,0.1
5873,341,17,36,2024-08-26,2,236121,173000,0.05
5874,474,11,39,2025-12-19,5,275775,169000,0.15
5875,56,16,48,2025-08-04,2,725534,462000,0.05
5876,185,8,100,2024-08-27,1,130122,92000,0.05
5877,356,19,1,2025-09-24,1,234738,139000,0.1
5878,207,12,75,2025-10-03,2,615439,387000,0.15
5879,245,15,28,2025-09-20,4,158902,91000,0.0
5880,493,19,31,2024-08-09,1,317221,202000,0.15
5881,260,16,39,2024-10-06,4,275775,169000,0.05
5882,422,12,92,2025-07-27,2,759219,396000,0.05
5883,125,20,68,2025-11-08,4,380357,285000,0.1
5884,233,3,20,2025-07-20,4,188439,117000,0.15
5885,296,7,34,2024-10-07,1,886449,498000,0.05
5886,226,2,16,2025-02-03,4,150904,81000,0.2
5887,287,4,56,2025-01-07,1,863852,432000,0.1
5888,312,5,62,2025-04-18,2,230470,154000,0.1
5889,174,1,16,2024-05-19,1,150904,81000,0.15
5890,97,12,51,2025-09-19,5,525757,280000,0.2
5891,206,7,97,2024-11-05,3,246451,166000,0.15
5892,8,4,76,2025-04-03,5,67949,56000,0.2
5893,3,8,38,2025-05-12,3,313675,175000,0.1
5894,68,16,77,2025-11-08,2,92902,58000,0.1
5895,204,19,90,2025-02-08,1,260462,156000,0.2
5896,310,2,20,2024-05-09,3,188439,117000,0.1
5897,200,2,43,2024-06-26,1,288284,203000,0.2
5898,342,2,1,2024-04-23,1,234738,139000,0.0
5899,213,3,11,2024-03-16,3,501111,364000,0.15
5900,133,9,75,2025-07-29,4,615439,387000,0.05
5901,72,3,99,2024-03-24,5,754227,445000,0.2
5902,379,18,30,2025-11-19,1,836817,422000,0.0
5903,438,10,66,2025-06-27,2,636541,341000,0.05
5904,27,18,86,2025-10-01,4,619302,320000,0.2
5905,346,7,52,2024-07-20,4,107522,76000,0.05
5906,135,17,10,2025-11-12,1,728704,377000,0.1
5907,126,14,16,2025-10-05,4,150904,81000,0.15
5908,311,5,47,2024-03-12,3,325148,173000,0.15
5909,70,5,17,2025-07-14,1,195974,134000,0.2
5910,270,13,3,2024-03-24,4,285890,144000,0.05
5911,33,8,37,2025-01-28,1,466547,278000,0.15
5912,135,4,4,2025-02-27,2,213367,177000,0.05
5913,217,17,89,2024-09-01,4,273964,141000,0.2
5914,34,14,25,2025-08-28,3,356587,291000,0.2
5915,429,8,60,2024-01-16,4,272251,183000,0.1
5916,35,19,19,2025-11-13,2,484036,311000,0.2
5917,72,18,94,2024-12-17,2,98417,77000,0.05
5918,90,13,20,2024-04-14,4,188439,117000,0.15
5919,134,20,78,2025-08-20,2,201181,104000,0.15
5920,480,6,80,2024-06-18,5,341486,186000,0.1
5921,390,9,41,2025-02-28,2,579025,345000,0.2
5922,390,8,34,2024-10-12,3,886449,498000,0.2
5923,260,4,96,2025-03-21,4,110974,65000,0.2
5924,114,2,15,2024-08-15,1,564164,320000,0.1
5925,363,17,55,2025-09-11,3,78058,57000,0.0
5926,246,3,4,2025-05-26,3,213367,177000,0.2
5927,346,2,43,2025-08-31,3,288284,203000,0.1
5928,272,16,99,2025-05-08,4,754227,445000,0.05
5929,296,4,79,2024-12-30,1,250982,148000,0.05
5930,374,9,89,2025-12-31,2,273964,141000,0.0
5931,60,14,50,2024-06-21,2,244295,174000,0.15
5932,111,5,23,2024-01-24,4,435414,346000,0.15
5933,38,18,25,2024-10-31,3,356587,291000,0.2
5934,177,20,1,2024-11-23,2,234738,139000,0.2
5935,395,8,76,2025-04-24,5,67949,56000,0.15
5936,309,12,93,2024-07-19,4,781223,436000,0.2
5937,35,19,63,2024-12-20,5,639248,338000,0.1
5938,138,3,83,2025-04-07,2,147849,97000,0.1
5939,111,13,10,2025-11-22,1,728704,377000,0.15
5940,271,14,59,2025-12-28,1,468552,288000,0.05
5941,238,14,19,2025-10-30,3,484036,311000,0.15
5942,486,18,14,2025-01-08,1,615107,440000,0.05
5943,16,1,38,2024-07-31,2,313675,175000,0.05
5944,490,8,70,2025-02-11,1,651468,327000,0.1
5945,494,6,5,2025-08-14,5,501235,278000,0.05
5946,262,15,81,2024-05-22,3,402769,257000,0.2
5947,455,16,29,2024-02-10,2,147705,110000,0.0
5948,43,6,88,2024-07-26,5,141570,73000,0.2
5949,181,10,82,2025-03-13,4,354688,203000,0.05
5950,2,16,70,2024-07-07,3,651468,327000,0.05
5951,230,1,18,2025-09-23,1,542999,398000,0.0
5952,241,9,71,2025-07-11,3,899254,479000,0.05
5953,367,6,87,2025-11-29,1,866392,494000,0.15
5954,323,13,63,2024-08-02,5,639248,338000,0.15
5955,375,11,42,2025-10-01,1,387805,204000,0.05
5956,364,1,46,2025-12-01,3,181428,126000,0.0
5957,263,4,3,2024-02-03,3,285890,144000,0.0
5958,364,5,80,2024-09-19,3,341486,186000,0.2
5959,354,2,17,2024-07-31,4,195974,134000,0.05
5960,232,5,2,2024-01-11,2,457712,313000,0.15
5961,79,17,17,2024-02-09,2,195974,134000,0.1
5962,140,5,30,2025-11-16,1,836817,422000,0.05
5963,170,7,82,2025-04-12,3,354688,203000,0.05
5964,73,18,74,2025-08-09,1,481960,308000,0.15
5965,364,13,4,2025-03-01,5,213367,177000,0.0
5966,314,13,29,2025-03-12,1,147705,110000,0.15
5967,128,7,72,2024-01-10,4,531452,441000,0.1
5968,466,9,1,2024-10-12,3,234738,139000,0.1
5969,224,13,9,2024-04-11,1,449456,257000,0.15
5970,16,18,34,2024-01-05,5,886449,498000,0.15
5971,15,4,37,2025-07-19,3,466547,278000,0.1
5972,154,5,43,2025-02-20,1,288284,203000,0.15
5973,2,19,75,2025-06-12,4,615439,387000,0.05
5974,184,1,17,2024-05-01,3,195974,134000,0.0
5975,316,19,41,2025-02-21,1,579025,345000,0.2
5976,63,11,91,2024-07-18,4,128108,89000,0.0
5977,358,8,21,2024-06-12,3,527487,336000,0.1
5978,407,18,90,2025-11-07,2,260462,156000,0.05
5979,99,15,7,2025-07-15,3,571254,384000,0.2
5980,180,9,83,2024-08-28,4,147849,97000,0.1
5981,208,6,95,2025-05-23,1,377246,224000,0.1
5982,24,4,44,2025-01-07,2,533229,334000,0.2
5983,419,11,12,2024-06-11,1,200189,128000,0.1
5984,238,15,41,2024-07-04,5,579025,345000,0.15
5985,91,13,91,2025-07-05,5,128108,89000,0.2
5986,142,18,6,2025-03-31,2,618850,348000,0.0
5987,131,12,76,2024-01-21,1,67949,56000,0.05
5988,389,19,69,2025-12-24,5,214926,121000,0.0
5989,35,10,61,2025-03-18,1,184225,100000,0.2
5990,189,11,17,2024-08-13,2,195974,134000,0.2
5991,451,6,89,2025-09-02,3,273964,141000,0.1
5992,209,15,6,2025-07-31,3,618850,348000,0.1
5993,311,3,42,2025-09-05,4,387805,204000,0.15
5994,409,18,14,2025-08-29,2,615107,440000,0.15
5995,240,14,29,2024-12-05,1,147705,110000,0.1
5996,393,4,19,2024-11-28,4,484036,311000,0.1
5997,292,12,12,2025-07-16,4,200189,128000,0.0
5998,409,4,68,2024-02-09,5,380357,285000,0.15
5999,398,7,45,2024-04-29,2,732045,452000,0.05
6000,398,13,26,2025-09-01,4,579595,443000,0.2
6001,140,15,8,2024-07-19,1,506180,391000,0.2
6002,260,19,56,2025-11-18,1,863852,432000,0.05
6003,4,16,67,2024-08-20,5,327734,181000,0.2
6004,383,8,36,2024-04-29,4,236121,173000,0.0
6005,246,19,94,2025-10-16,5,98417,77000,0.2
6006,325,11,77,2024-04-17,2,92902,58000,0.15
6007,109,17,90,2024-08-13,4,260462,156000,0.0
6008,347,12,87,2025-06-15,4,866392,494000,0.2
6009,494,18,19,2025-10-20,5,484036,311000,0.1
6010,334,4,79,2025-06-08,5,250982,148000,0.15
6011,240,13,70,2025-08-12,3,651468,327000,0.05
6012,466,19,90,2025-12-29,2,260462,156000,0.0
6013,255,19,2,2024-08-30,1,457712,313000,0.15
6014,436,10,37,2025-09-18,5,466547,278000,0.2
6015,462,9,36,2025-12-01,3,236121,173000,0.15
6016,232,13,40,2024-02-14,3,612399,307000,0.0
6017,198,11,75,2024-05-18,2,615439,387000,0.15
6018,426,12,37,2025-04-07,2,466547,278000,0.1
6019,480,9,73,2024-02-01,1,148321,84000,0.15
6020,471,17,32,2025-10-29,3,484101,322000,0.2
6021,489,19,27,2024-12-03,5,381913,245000,0.2
6022,361,19,95,2025-09-12,1,377246,224000,0.15
6023,231,17,55,2024-11-17,3,78058,57000,0.2
6024,214,18,97,2024-12-03,2,246451,166000,0.15
6025,159,7,10,2025-06-22,4,728704,377000,0.15
6026,108,2,40,2025-12-11,1,612399,307000,0.15
6027,491,13,57,2025-04-21,1,683509,406000,0.15
6028,14,1,13,2025-11-04,2,670509,409000,0.1
6029,199,19,63,2024-08-11,5,639248,338000,0.2
6030,367,17,21,2024-07-21,2,527487,336000,0.05
6031,463,7,42,2024-08-29,3,387805,204000,0.0
6032,175,5,53,2025-09-10,5,269183,146000,0.2
6033,115,3,71,2024-07-10,3,899254,479000,0.0
6034,101,6,98,2024-11-18,2,252844,145000,0.15
6035,344,11,59,2025-12-12,2,468552,288000,0.1
6036,80,9,16,2025-04-06,3,150904,81000,0.2
6037,496,5,77,2024-05-23,1,92902,58000,0.05
6038,39,10,32,2025-05-13,3,484101,322000,0.15
6039,300,8,55,2024-02-04,5,78058,57000,0.1
6040,177,15,91,2025-01-11,3,128108,89000,0.1
6041,211,4,6,2024-02-11,2,618850,348000,0.0
6042,215,10,61,2024-07-18,3,184225,100000,0.0
6043,410,16,34,2024-10-07,3,886449,498000,0.2
6044,283,19,51,2024-04-20,1,525757,280000,0.05
6045,76,16,32,2025-10-12,5,484101,322000,0.0
6046,16,15,87,2024-11-28,1,866392,494000,0.15
6047,87,5,95,2024-06-06,4,377246,224000,0.0
6048,198,10,70,2025-01-08,2,651468,327000,0.0
6049,181,8,37,2025-12-12,4,466547,278000,0.2
6050,190,11,86,2025-01-14,1,619302,320000,0.1
6051,65,14,44,2024-02-22,5,533229,334000,0.1
6052,256,16,28,2024-01-07,3,158902,91000,0.15
6053,160,7,63,2025-11-19,5,639248,338000,0.2
6054,440,7,30,2025-02-23,2,836817,422000,0.15
6055,348,14,74,2024-09-26,5,481960,308000,0.0
6056,356,8,5,2024-07-01,1,501235,278000,0.2
6057,420,5,52,2025-11-07,5,107522,76000,0.15
6058,485,6,55,2024-07-07,5,78058,57000,0.0
6059,192,11,20,2025-03-30,1,188439,117000,0.2
6060,235,20,87,2024-04-16,1,866392,494000,0.15
6061,470,3,5,2024-01-25,4,501235,278000,0.15
6062,29,7,44,2024-02-09,1,533229,334000,0.05
6063,314,2,75,2024-11-12,2,615439,387000,0.1
6064,458,6,59,2025-05-02,4,468552,288000,0.2
6065,283,7,15,2024-03-16,4,564164,320000,0.05
6066,377,3,88,2025-08-25,2,141570,73000,0.05
6067,471,13,95,2025-08-14,5,377246,224000,0.05
6068,2,11,84,2024-04-25,5,133333,78000,0.05
6069,82,6,29,2024-03-28,1,147705,110000,0.15
6070,65,5,54,2025-07-26,1,295710,156000,0.0
6071,384,9,66,2025-03-31,2,636541,341000,0.15
6072,147,20,24,2024-11-19,4,510411,408000,0.0
6073,275,15,72,2025-07-08,3,531452,441000,0.15
6074,205,7,22,2024-03-04,5,353698,252000,0.05
6075,383,1,20,2025-12-11,2,188439,117000,0.2
6076,284,2,11,2025-08-13,2,501111,364000,0.15
6077,215,12,38,2025-12-21,3,313675,175000,0.15
6078,380,9,65,2024-05-20,5,173690,128000,0.1
6079,214,1,63,2025-08-04,4,639248,338000,0.0
6080,80,9,83,2025-03-26,4,147849,97000,0.1
6081,112,15,44,2025-04-17,2,533229,334000,0.1
6082,254,18,71,2025-04-25,4,899254,479000,0.1
6083,2,20,69,2025-03-28,3,214926,121000,0.0
6084,240,15,35,2025-05-05,4,801865,464000,0.1
6085,73,20,100,2024-03-29,1,130122,92000,0.15
6086,489,5,66,2025-04-09,5,636541,341000,0.2
6087,268,2,70,2025-02-12,3,651468,327000,0.05
6088,458,13,77,2024-05-30,2,92902,58000,0.2
6089,62,15,88,2024-09-20,1,141570,73000,0.15
6090,444,16,4,2024-07-19,1,213367,177000,0.1
6091,172,13,10,2024-02-04,5,728704,377000,0.15
6092,6,7,94,2025-06-11,4,98417,77000,0.2
6093,242,19,10,2024-11-08,4,728704,377000,0.15
6094,299,17,48,2025-04-22,1,725534,462000,0.05
6095,69,18,25,2024-09-25,1,356587,291000,0.05
6096,345,9,88,2025-01-17,3,141570,73000,0.05
6097,296,20,11,2024-03-27,4,501111,364000,0.0
6098,134,18,11,2025-11-28,5,501111,364000,0.2
6099,477,4,3,2024-01-03,5,285890,144000,0.15
6100,205,16,61,2025-12-02,1,184225,100000,0.2
6101,246,15,14,2024-02-10,3,615107,440000,0.05
6102,424,10,84,2025-04-27,1,133333,78000,0.0
6103,218,18,8,2024-08-18,3,506180,391000,0.05
6104,195,15,75,2025-09-03,3,615439,387000,0.15
6105,43,2,90,2025-02-26,2,260462,156000,0.1
6106,475,19,42,2024-02-05,1,387805,204000,0.0
6107,418,4,1,2024-02-22,1,234738,139000,0.15
6108,372,6,64,2024-01-29,5,81699,58000,0.1
6109,179,10,2,2024-06-01,3,457712,313000,0.0
6110,391,8,73,2025-12-03,4,148321,84000,0.05
6111,42,1,91,2024-02-03,5,128108,89000,0.05
6112,187,20,87,2025-04-26,2,866392,494000,0.2
6113,236,11,78,2025-10-25,4,201181,104000,0.1
6114,165,20,82,2025-03-08,2,354688,203000,0.2
6115,426,6,96,2024-09-17,4,110974,65000,0.1
6116,348,20,45,2025-11-10,2,732045,452000,0.15
6117,145,3,98,2024-02-27,3,252844,145000,0.05
6118,399,7,52,2024-12-23,3,107522,76000,0.0
6119,436,12,57,2025-11-27,3,683509,406000,0.0
6120,480,20,12,2025-04-14,2,200189,128000,0.05
6121,408,13,99,2025-03-09,2,754227,445000,0.15
6122,195,18,95,2025-04-03,5,377246,224000,0.2
6123,164,11,15,2025-06-26,4,564164,320000,0.0
6124,307,2,64,2024-11-04,1,81699,58000,0.15
6125,371,13,47,2025-09-22,5,325148,173000,0.1
6126,140,19,67,2024-10-08,5,327734,181000,0.0
6127,109,11,79,2024-02-29,1,250982,148000,0.2
6128,377,2,65,2024-10-17,4,173690,128000,0.05
6129,136,11,87,2024-09-18,3,866392,494000,0.15
6130,286,14,4,2025-08-14,5,213367,177000,0.2
6131,392,8,27,2025-01-17,2,381913,245000,0.1
6132,56,4,41,2025-08-28,2,579025,345000,0.15
6133,266,12,15,2025-12-18,1,564164,320000,0.0
6134,211,14,89,2024-09-13,1,273964,141000,0.2
6135,373,11,66,2025-11-15,5,636541,341000,0.2
6136,125,12,77,2024-03-19,2,92902,58000,0.05
6137,341,7,74,2025-05-27,4,481960,308000,0.0
6138,141,18,7,2025-10-28,4,571254,384000,0.05
6139,337,14,2,2024-05-31,1,457712,313000,0.05
6140,496,16,34,2025-09-22,2,886449,498000,0.1
6141,436,11,85,2024-12-08,2,572260,305000,0.0
6142,265,16,38,2025-08-11,5,313675,175000,0.05
6143,496,3,71,2024-05-24,1,899254,479000,0.2
6144,131,20,98,2025-11-30,3,252844,145000,0.15
6145,157,13,94,2025-04-02,5,98417,77000,0.1
6146,127,15,1,2025-08-20,3,234738,139000,0.05
6147,350,16,14,2024-09-15,4,615107,440000,0.2
6148,41,15,24,2025-03-16,1,510411,408000,0.1
6149,25,9,24,2025-07-02,4,510411,408000,0.1
6150,217,15,45,2024-07-04,2,732045,452000,0.2
6151,333,20,55,2025-06-14,5,78058,57000,0.2
6152,237,16,59,2025-06-21,5,468552,288000,0.2
6153,263,9,43,2024-12-03,3,288284,203000,0.1
6154,143,1,58,2024-08-29,3,282366,172000,0.0
6155,355,7,15,2025-08-18,5,564164,320000,0.05
6156,223,6,54,2025-09-08,1,295710,156000,0.1
6157,33,19,90,2025-11-10,4,260462,156000,0.1
6158,265,20,27,2024-09-12,3,381913,245000,0.15
6159,431,17,4,2024-10-12,1,213367,177000,0.05
6160,125,14,37,2025-09-10,3,466547,278000,0.15
6161,472,3,93,2024-05-01,3,781223,436000,0.15
6162,70,5,47,2025-02-15,4,325148,173000,0.2
6163,15,14,90,2025-04-21,2,260462,156000,0.0
6164,16,11,43,2025-06-14,5,288284,203000,0.1
6165,68,5,30,2024-02-05,1,836817,422000,0.15
6166,28,7,58,2024-09-11,3,282366,172000,0.05
6167,275,14,57,2024-03-10,2,683509,406000,0.15
6168,234,12,82,2024-11-01,2,354688,203000,0.1
6169,67,3,54,2024-04-17,2,295710,156000,0.0
6170,279,6,27,2025-05-18,5,381913,245000,0.0
6171,464,13,72,2024-02-18,4,531452,441000,0.2
6172,452,10,54,2025-12-14,1,295710,156000,0.1
6173,263,13,45,2024-12-05,5,732045,452000,0.2
6174,167,10,49,2025-03-19,2,432853,263000,0.1
6175,322,18,11,2024-06-18,5,501111,364000,0.0
6176,72,3,88,2024-12-12,5,141570,73000,0.05
6177,222,19,22,2025-01-25,5,353698,252000,0.2
6178,200,19,6,2024-10-06,3,618850,348000,0.2
6179,90,18,92,2024-11-13,5,759219,396000,0.2
6180,230,2,65,2024-10-20,2,173690,128000,0.2
6181,41,8,43,2024-09-05,2,288284,203000,0.0
6182,285,15,87,2025-07-07,2,866392,494000,0.2
6183,470,1,12,2024-06-12,2,200189,128000,0.05
6184,224,10,27,2025-06-19,4,381913,245000,0.15
6185,200,5,17,2025-07-12,4,195974,134000,0.15
6186,242,5,55,2024-07-09,5,78058,57000,0.1
6187,370,8,68,2024-01-30,4,380357,285000,0.15
6188,230,18,20,2025-05-09,1,188439,117000,0.2
6189,490,1,29,2024-03-22,3,147705,110000,0.15
6190,422,8,53,2024-08-21,2,269183,146000,0.2
6191,125,11,35,2025-05-06,3,801865,464000,0.1
6192,67,15,55,2025-10-27,2,78058,57000,0.05
6193,170,7,64,2024-09-17,1,81699,58000,0.0
6194,300,16,44,2025-12-23,5,533229,334000,0.1
6195,113,5,28,2025-04-18,1,158902,91000,0.05
6196,473,1,22,2025-04-03,5,353698,252000,0.1
6197,391,5,40,2024-02-12,2,612399,307000,0.1
6198,466,14,43,2024-10-24,3,288284,203000,0.1
6199,408,15,67,2025-08-15,5,327734,181000,0.05
6200,54,14,59,2024-04-16,1,468552,288000,0.1
6201,185,19,62,2024-03-11,5,230470,154000,0.2
6202,236,8,54,2025-10-22,3,295710,156000,0.15
6203,312,1,68,2025-01-24,4,380357,285000,0.1
6204,475,9,39,2025-11-18,3,275775,169000,0.2
6205,107,6,96,2024-08-21,4,110974,65000,0.15
6206,494,6,92,2024-03-13,2,759219,396000,0.2
6207,181,18,37,2024-12-04,5,466547,278000,0.2
6208,338,14,60,2024-01-11,4,272251,183000,0.0
6209,482,11,21,2024-09-25,2,527487,336000,0.2
6210,216,9,75,2024-06-12,5,615439,387000,0.1
6211,326,18,5,2024-01-25,4,501235,278000,0.15
6212,44,5,77,2024-03-01,3,92902,58000,0.05
6213,295,17,92,2024-09-07,1,759219,396000,0.05
6214,256,3,4,2025-05-31,1,213367,177000,0.05
6215,115,8,98,2025-07-11,4,252844,145000,0.05
6216,28,11,46,2025-10-01,4,181428,126000,0.2
6217,345,1,71,2025-07-07,1,899254,479000,0.0
6218,235,9,15,2024-07-30,3,564164,320000,0.05
6219,11,5,26,2025-04-14,3,579595,443000,0.15
6220,262,15,82,2024-06-18,4,354688,203000,0.15
6221,312,14,10,2025-01-09,3,728704,377000,0.15
6222,357,19,85,2025-04-18,5,572260,305000,0.1
6223,175,19,86,2025-05-21,3,619302,320000,0.1
6224,500,12,44,2025-01-14,5,533229,334000,0.2
6225,123,13,4,2025-10-26,3,213367,177000,0.1
6226,59,10,18,2025-03-29,5,542999,398000,0.0
6227,287,8,66,2024-03-17,3,636541,341000,0.1
6228,161,5,80,2025-12-07,3,341486,186000,0.05
6229,483,15,95,2024-03-04,3,377246,224000,0.05
6230,397,3,86,2024-06-16,5,619302,320000,0.2
6231,313,6,51,2024-03-09,3,525757,280000,0.0
6232,152,10,12,2025-05-18,3,200189,128000,0.1
6233,21,5,41,2024-07-28,2,579025,345000,0.0
6234,238,7,61,2024-09-25,4,184225,100000,0.2
6235,154,2,4,2024-05-24,5,213367,177000,0.2
6236,371,3,25,2024-06-25,3,356587,291000,0.05
6237,378,6,22,2024-01-10,3,353698,252000,0.1
6238,149,1,75,2024-08-27,2,615439,387000,0.15
6239,409,3,74,2024-06-29,3,481960,308000,0.0
6240,85,12,71,2025-11-06,1,899254,479000,0.1
6241,291,2,62,2025-08-19,5,230470,154000,0.1
6242,312,9,91,2025-05-04,1,128108,89000,0.1
6243,167,10,12,2024-06-06,2,200189,128000,0.05
6244,461,20,53,2025-07-20,1,269183,146000,0.0
6245,380,8,12,2024-11-05,1,200189,128000,0.05
6246,36,7,34,2025-04-29,5,886449,498000,0.1
6247,355,6,28,2025-03-18,5,158902,91000,0.2
6248,45,6,60,2025-03-01,4,272251,183000,0.2
6249,60,4,64,2024-05-11,2,81699,58000,0.1
6250,45,7,20,2025-09-26,1,188439,117000,0.05
6251,48,10,65,2024-02-10,1,173690,128000,0.05
6252,84,20,76,2024-02-05,3,67949,56000,0.2
6253,280,17,68,2025-07-23,5,380357,285000,0.0
6254,347,14,92,2025-01-23,1,759219,396000,0.2
6255,60,19,39,2024-07-11,3,275775,169000,0.05
6256,263,5,14,2024-02-06,5,615107,440000,0.2
6257,201,18,9,2024-11-24,2,449456,257000,0.05
6258,492,5,94,2025-03-28,2,98417,77000,0.0
6259,28,10,30,2025-05-15,4,836817,422000,0.15
6260,6,7,92,2024-03-28,1,759219,396000,0.15
6261,317,4,89,2024-04-04,5,273964,141000,0.2
6262,165,1,65,2024-02-06,4,173690,128000,0.1
6263,12,8,15,2024-06-11,2,564164,320000,0.05
6264,221,1,35,2025-01-11,3,801865,464000,0.2
6265,244,13,64,2025-06-15,1,81699,58000,0.1
6266,178,5,45,2025-04-09,1,732045,452000,0.15
6267,39,13,46,2024-08-19,4,181428,126000,0.05
6268,14,7,97,2025-02-07,2,246451,166000,0.0
6269,48,2,85,2024-03-19,4,572260,305000,0.2
6270,389,19,41,2024-07-11,4,579025,345000,0.0
6271,218,13,79,2024-03-02,4,250982,148000,0.05
6272,305,20,60,2024-12-19,1,272251,183000,0.0
6273,204,20,36,2025-02-10,4,236121,173000,0.2
6274,354,15,32,2024-08-11,2,484101,322000,0.05
6275,381,11,8,2024-04-20,1,506180,391000,0.15
6276,254,3,67,2025-08-16,1,327734,181000,0.0
6277,102,8,36,2025-03-06,1,236121,173000,0.2
6278,433,1,24,2024-08-08,2,510411,408000,0.1
6279,399,16,97,2025-07-01,4,246451,166000,0.1
6280,270,18,38,2025-12-11,3,313675,175000,0.2
6281,240,11,25,2024-09-06,5,356587,291000,0.05
6282,96,5,77,2025-05-19,1,92902,58000,0.2
6283,73,12,68,2025-12-10,3,380357,285000,0.2
6284,162,4,71,2024-12-30,3,899254,479000,0.1
6285,489,14,28,2025-08-12,5,158902,91000,0.0
6286,442,6,4,2025-06-15,2,213367,177000,0.1
6287,278,18,100,2025-05-22,2,130122,92000,0.15
6288,203,19,27,2024-07-19,5,381913,245000,0.15
6289,273,1,82,2024-09-03,2,354688,203000,0.05
6290,131,15,5,2025-02-25,3,501235,278000,0.05
6291,216,9,47,2025-02-27,5,325148,173000,0.1
6292,137,4,67,2025-12-29,4,327734,181000,0.15
6293,67,2,51,2024-03-31,2,525757,280000,0.15
6294,171,12,52,2025-04-13,2,107522,76000,0.0
6295,205,2,22,2025-05-07,5,353698,252000,0.15
6296,155,1,16,2025-06-09,3,150904,81000,0.1
6297,130,3,66,2024-10-02,1,636541,341000,0.0
6298,58,10,48,2025-07-11,4,725534,462000,0.05
6299,38,14,92,2024-03-11,2,759219,396000,0.15
6300,158,13,69,2024-04-14,4,214926,121000,0.0
6301,46,17,4,2024-03-18,2,213367,177000,0.15
6302,401,11,78,2024-01-23,2,201181,104000,0.15
6303,498,12,44,2025-01-23,3,533229,334000,0.1
6304,497,8,34,2025-05-27,2,886449,498000,0.15
6305,256,15,49,2024-08-25,5,432853,263000,0.1
6306,149,9,12,2024-07-22,3,200189,128000,0.0
6307,434,19,81,2024-12-12,3,402769,257000,0.1
6308,5,8,46,2024-01-30,4,181428,126000,0.15
6309,490,14,1,2025-09-07,1,234738,139000,0.0
6310,398,5,83,2025-05-23,2,147849,97000,0.05
6311,242,9,29,2025-08-24,5,147705,110000,0.15
6312,439,15,88,2025-10-29,2,141570,73000,0.0
6313,119,18,96,2025-06-27,2,110974,65000,0.15
6314,429,15,48,2024-11-28,1,725534,462000,0.2
6315,16,20,3,2024-09-21,5,285890,144000,0.05
6316,471,12,74,2025-11-30,1,481960,308000,0.15
6317,97,14,5,2024-03-12,5,501235,278000,0.0
6318,141,17,89,2024-09-03,3,273964,141000,0.0
6319,97,16,81,2024-10-05,3,402769,257000,0.2
6320,216,6,60,2025-12-08,1,272251,183000,0.0
6321,339,19,63,2025-12-30,5,639248,338000,0.1
6322,305,12,43,2024-07-04,1,288284,203000,0.1
6323,220,19,33,2025-01-31,3,420924,285000,0.2
6324,380,16,43,2024-03-27,3,288284,203000,0.05
6325,244,11,90,2024-05-13,3,260462,156000,0.15
6326,58,14,22,2024-01-13,5,353698,252000,0.0
6327,139,10,96,2024-07-28,1,110974,65000,0.15
6328,385,11,60,2025-12-14,5,272251,183000,0.1
6329,346,4,75,2024-11-16,2,615439,387000,0.05
6330,422,6,53,2024-08-21,2,269183,146000,0.2
6331,250,3,55,2025-09-12,3,78058,57000,0.2
6332,228,1,88,2024-04-02,1,141570,73000,0.0
6333,350,20,60,2024-05-08,5,272251,183000,0.0
6334,488,3,37,2025-02-18,3,466547,278000,0.15
6335,448,19,95,2024-10-04,2,377246,224000,0.0
6336,358,10,39,2024-04-02,5,275775,169000,0.1
6337,180,5,23,2025-12-31,2,435414,346000,0.1
6338,87,18,70,2025-05-09,2,651468,327000,0.05
6339,252,19,61,2025-11-05,3,184225,100000,0.15
6340,471,5,72,2024-02-19,1,531452,441000,0.05
6341,327,15,54,2024-10-07,3,295710,156000,0.15
6342,175,17,92,2024-03-25,4,759219,396000,0.0
6343,444,15,72,2025-06-21,2,531452,441000,0.0
6344,38,1,5,2024-10-11,5,501235,278000,0.2
6345,214,4,63,2024-04-28,5,639248,338000,0.0
6346,131,13,10,2024-09-20,3,728704,377000,0.15
6347,439,17,92,2025-08-19,1,759219,396000,0.0
6348,186,10,31,2025-04-13,1,317221,202000,0.2
6349,492,17,23,2024-08-05,3,435414,346000,0.15
6350,255,16,70,2024-09-03,3,651468,327000,0.05
6351,3,2,38,2025-04-14,5,313675,175000,0.15
6352,324,5,61,2024-05-03,5,184225,100000,0.2
6353,477,4,44,2024-12-08,2,533229,334000,0.05
6354,282,6,21,2024-02-01,1,527487,336000,0.2
6355,293,19,97,2025-05-09,2,246451,166000,0.15
6356,208,14,8,2025-11-12,5,506180,391000,0.15
6357,221,12,94,2025-07-08,1,98417,77000,0.05
6358,425,19,93,2024-08-08,2,781223,436000,0.2
6359,210,10,83,2024-03-05,3,147849,97000,0.15
6360,394,1,52,2024-04-21,5,107522,76000,0.05
6361,426,19,2,2024-01-10,2,457712,313000,0.15
6362,250,17,3,2024-09-08,4,285890,144000,0.0
6363,263,14,100,2025-10-08,1,130122,92000,0.2
6364,85,2,92,2024-08-18,4,759219,396000,0.2
6365,121,9,64,2025-06-11,1,81699,58000,0.2
6366,345,14,65,2024-06-07,3,173690,128000,0.2
6367,443,14,63,2025-03-26,3,639248,338000,0.2
6368,178,2,88,2025-02-23,2,141570,73000,0.2
6369,203,11,61,2024-12-14,3,184225,100000,0.1
6370,203,12,57,2025-04-27,2,683509,406000,0.15
6371,262,6,87,2025-09-04,3,866392,494000,0.0
6372,139,16,65,2025-08-23,1,173690,128000,0.15
6373,440,2,62,2024-01-04,5,230470,154000,0.1
6374,387,5,25,2024-05-15,3,356587,291000,0.1
6375,204,20,8,2024-07-02,2,506180,391000,0.15
6376,433,13,29,2024-05-08,1,147705,110000,0.05
6377,488,12,85,2024-06-24,3,572260,305000,0.1
6378,314,2,57,2024-01-11,2,683509,406000,0.05
6379,117,11,60,2025-01-25,3,272251,183000,0.0
6380,76,5,12,2024-12-17,4,200189,128000,0.2
6381,189,4,35,2025-05-05,4,801865,464000,0.15
6382,247,19,17,2024-07-23,3,195974,134000,0.2
6383,431,7,76,2025-01-01,1,67949,56000,0.0
6384,100,5,52,2024-08-01,4,107522,76000,0.2
6385,133,5,64,2024-08-10,4,81699,58000,0.05
6386,205,6,20,2025-12-14,5,188439,117000,0.1
6387,72,8,99,2025-04-21,5,754227,445000,0.05
6388,385,19,64,2024-12-11,2,81699,58000,0.05
6389,415,8,27,2024-08-26,1,381913,245000,0.0
6390,279,19,92,2024-01-08,4,759219,396000,0.0
6391,480,2,40,2024-09-14,2,612399,307000,0.05
6392,102,7,27,2024-09-30,4,381913,245000,0.0
6393,321,18,30,2025-10-09,2,836817,422000,0.0
6394,188,13,66,2024-10-14,2,636541,341000,0.2
6395,331,16,82,2025-01-03,1,354688,203000,0.05
6396,113,15,71,2025-04-20,1,899254,479000,0.1
6397,329,12,13,2025-12-28,5,670509,409000,0.2
6398,293,13,97,2025-03-07,1,246451,166000,0.15
6399,190,12,70,2024-10-29,1,651468,327000,0.15
6400,189,16,40,2024-04-08,3,612399,307000,0.05
6401,318,6,86,2025-04-19,5,619302,320000,0.05
6402,106,5,56,2024-11-26,3,863852,432000,0.0
6403,497,20,81,2025-10-25,4,402769,257000,0.05
6404,316,7,55,2025-01-06,5,78058,57000,0.2
6405,110,19,34,2025-07-23,2,886449,498000,0.2
6406,315,20,5,2025-04-12,2,501235,278000,0.2
6407,109,3,60,2025-11-24,5,272251,183000,0.05
6408,85,4,89,2024-08-31,3,273964,141000,0.0
6409,423,14,77,2025-08-18,5,92902,58000,0.1
6410,351,1,45,2025-11-28,3,732045,452000,0.0
6411,224,14,17,2025-02-09,3,195974,134000,0.0
6412,344,2,95,2025-10-15,5,377246,224000,0.15
6413,254,14,52,2024-10-31,4,107522,76000,0.05
6414,296,18,61,2025-08-04,1,184225,100000,0.1
6415,299,12,55,2025-07-26,2,78058,57000,0.05
6416,119,17,93,2024-01-01,5,781223,436000,0.0
6417,439,16,43,2024-05-30,2,288284,203000,0.1
6418,167,12,49,2024-04-15,2,432853,263000,0.05
6419,227,10,73,2025-11-24,4,148321,84000,0.05
6420,306,20,27,2024-08-21,5,381913,245000,0.15
6421,148,1,33,2025-09-02,5,420924,285000,0.1
6422,165,10,26,2024-12-22,5,579595,443000,0.2
6423,335,12,54,2025-11-09,3,295710,156000,0.15
6424,263,16,26,2024-02-29,1,579595,443000,0.15
6425,379,3,28,2024-06-02,1,158902,91000,0.0
6426,195,13,3,2024-07-27,2,285890,144000,0.15
6427,337,15,29,2025-02-03,2,147705,110000,0.1
6428,146,17,27,2024-07-28,2,381913,245000,0.05
6429,307,3,58,2024-08-06,3,282366,172000,0.2
6430,298,4,55,2024-04-08,4,78058,57000,0.0
6431,281,17,5,2024-11-05,5,501235,278000,0.0
6432,107,5,56,2025-03-28,4,863852,432000,0.0
6433,397,18,53,2025-04-03,3,269183,146000,0.1
6434,183,20,74,2025-06-10,2,481960,308000,0.15
6435,221,2,47,2025-05-10,3,325148,173000,0.0
6436,254,4,79,2024-07-21,1,250982,148000,0.2
6437,487,18,54,2025-10-15,3,295710,156000,0.1
6438,385,16,14,2024-12-24,1,615107,440000,0.1
6439,493,19,32,2025-03-21,3,484101,322000,0.15
6440,353,8,39,2024-08-06,3,275775,169000,0.15
6441,382,11,70,2024-02-28,4,651468,327000,0.2
6442,338,11,17,2024-01-31,5,195974,134000,0.2
6443,284,7,50,2024-03-30,4,244295,174000,0.1
6444,227,3,57,2025-04-05,5,683509,406000,0.1
6445,122,15,76,2025-05-29,5,67949,56000,0.2
6446,23,20,36,2024-12-29,2,236121,173000,0.1
6447,110,17,52,2025-09-25,5,107522,76000,0.1
6448,30,5,6,2024-11-27,4,618850,348000,0.05
6449,331,19,31,2025-08-07,1,317221,202000,0.2
6450,411,20,87,2025-02-06,4,866392,494000,0.1
6451,153,8,82,2024-08-15,2,354688,203000,0.1
6452,305,11,46,2025-02-19,3,181428,126000,0.2
6453,352,12,23,2024-04-14,1,435414,346000,0.05
6454,232,3,50,2025-05-31,1,244295,174000,0.05
6455,108,11,1,2024-02-16,5,234738,139000,0.2
6456,196,14,40,2024-10-24,4,612399,307000,0.2
6457,109,16,1,2024-03-01,3,234738,139000,0.2
6458,236,14,52,2024-10-09,3,107522,76000,0.15
6459,380,3,95,2025-11-03,5,377246,224000,0.0
6460,60,11,55,2024-06-30,1,78058,57000,0.05
6461,208,11,6,2025-11-27,2,618850,348000,0.2
6462,258,3,45,2025-12-28,5,732045,452000,0.15
6463,404,10,82,2024-02-13,5,354688,203000,0.0
6464,114,7,16,2025-09-08,3,150904,81000,0.2
6465,213,13,28,2025-07-10,3,158902,91000,0.05
6466,161,11,1,2025-06-11,1,234738,139000,0.05
6467,301,11,96,2024-06-20,1,110974,65000,0.0
6468,55,1,62,2024-01-12,2,230470,154000,0.2
6469,439,15,9,2024-12-28,2,449456,257000,0.1
6470,287,2,13,2025-01-18,5,670509,409000,0.0
6471,312,19,50,2024-10-29,1,244295,174000,0.2
6472,468,13,99,2024-07-13,5,754227,445000,0.0
6473,173,4,81,2024-12-30,3,402769,257000,0.0
6474,427,19,74,2024-08-15,1,481960,308000,0.2
6475,257,14,53,2024-03-24,5,269183,146000,0.15
6476,4,18,85,2025-05-09,4,572260,305000,0.0
6477,306,7,2,2024-05-31,3,457712,313000,0.2
6478,9,16,91,2025-01-09,2,128108,89000,0.2
6479,43,5,90,2025-03-08,1,260462,156000,0.2
6480,39,7,76,2024-05-23,2,67949,56000,0.05
6481,493,5,36,2024-06-16,5,236121,173000,0.1
6482,341,2,6,2024-02-12,5,618850,348000,0.1
6483,254,12,28,2025-04-27,4,158902,91000,0.0
6484,80,15,67,2025-01-29,5,327734,181000,0.1
6485,205,4,33,2025-02-01,5,420924,285000,0.0
6486,370,2,9,2024-05-14,2,449456,257000,0.15
6487,304,12,84,2025-02-01,2,133333,78000,0.0
6488,345,3,10,2025-05-17,4,728704,377000,0.1
6489,221,2,22,2025-07-21,1,353698,252000,0.0
6490,461,4,83,2024-03-24,1,147849,97000,0.2
6491,315,20,86,2025-11-26,2,619302,320000,0.05
6492,167,12,29,2024-07-05,2,147705,110000,0.0
6493,369,5,75,2025-08-17,5,615439,387000,0.15
6494,59,10,8,2024-08-14,4,506180,391000,0.05
6495,285,17,85,2025-03-16,3,572260,305000,0.2
6496,452,19,90,2024-01-21,5,260462,156000,0.0
6497,391,13,91,2025-08-07,4,128108,89000,0.0
6498,16,12,71,2025-01-02,1,899254,479000,0.1
6499,387,2,21,2024-05-24,1,527487,336000,0.0
6500,63,13,28,2025-06-15,4,158902,91000,0.0
6501,130,9,36,2024-01-14,1,236121,173000,0.2
6502,360,3,96,2025-07-08,4,110974,65000,0.0
6503,132,2,89,2024-04-14,5,273964,141000,0.15
6504,218,19,100,2024-10-06,5,130122,92000,0.05
6505,449,12,42,2025-08-02,3,387805,204000,0.1
6506,349,11,4,2025-08-27,4,213367,177000,0.0
6507,355,15,65,2024-05-14,1,173690,128000,0.15
6508,305,18,34,2025-03-18,3,886449,498000,0.15
6509,293,2,29,2024-12-22,5,147705,110000,0.2
6510,141,3,63,2025-09-14,3,639248,338000,0.05
6511,9,10,40,2025-11-04,2,612399,307000,0.2
6512,227,14,80,2025-10-28,3,341486,186000,0.15
6513,390,18,23,2025-11-21,3,435414,346000,0.05
6514,310,3,37,2025-02-03,4,466547,278000,0.15
6515,50,13,77,2024-02-15,3,92902,58000,0.05
6516,323,13,37,2025-06-21,4,466547,278000,0.05
6517,365,13,16,2025-11-19,4,150904,81000,0.1
6518,69,13,67,2024-01-15,3,327734,181000,0.2
6519,44,4,17,2025-02-01,5,195974,134000,0.15
6520,394,18,98,2024-05-20,4,252844,145000,0.15
6521,158,20,52,2024-07-13,4,107522,76000,0.0
6522,449,18,67,2025-02-13,2,327734,181000,0.1
6523,24,4,77,2025-10-28,4,92902,58000,0.15
6524,430,16,51,2024-06-10,3,525757,280000,0.15
6525,81,3,96,2024-02-15,4,110974,65000,0.1
6526,45,5,47,2024-07-30,4,325148,173000,0.05
6527,493,7,42,2024-07-02,2,387805,204000,0.1
6528,426,2,44,2025-02-03,2,533229,334000,0.1
6529,429,20,1,2025-06-19,5,234738,139000,0.1
6530,232,6,40,2024-03-05,5,612399,307000,0.15
6531,396,5,14,2024-12-13,3,615107,440000,0.0
6532,102,3,2,2024-12-04,3,457712,313000,0.05
6533,191,14,25,2024-10-05,1,356587,291000,0.2
6534,118,10,3,2025-09-30,3,285890,144000,0.2
6535,65,4,85,2024-06-02,2,572260,305000,0.05
6536,472,19,1,2024-05-30,5,234738,139000,0.0
6537,406,9,35,2024-04-21,3,801865,464000,0.05
6538,414,18,90,2024-02-01,1,260462,156000,0.1
6539,356,7,63,2024-09-28,5,639248,338000,0.05
6540,391,18,88,2025-08-28,4,141570,73000,0.15
6541,50,4,20,2024-06-01,3,188439,117000,0.0
6542,48,7,55,2024-08-21,5,78058,57000,0.05
6543,462,17,63,2025-11-28,5,639248,338000,0.2
6544,8,2,11,2025-10-30,5,501111,364000,0.0
6545,442,10,88,2024-06-03,5,141570,73000,0.15
6546,266,20,21,2025-04-19,4,527487,336000,0.1
6547,171,12,97,2025-11-26,4,246451,166000,0.05
6548,398,12,65,2024-10-16,4,173690,128000,0.15
6549,154,17,17,2025-12-20,4,195974,134000,0.05
6550,384,16,67,2024-07-19,5,327734,181000,0.05
6551,152,6,81,2024-11-14,2,402769,257000,0.1
6552,60,3,17,2024-11-30,3,195974,134000,0.05
6553,284,1,60,2024-07-10,5,272251,183000,0.2
6554,173,12,43,2024-09-14,1,288284,203000,0.05
6555,262,16,30,2024-07-10,5,836817,422000,0.2
6556,204,16,21,2025-03-27,1,527487,336000,0.1
6557,23,18,56,2025-12-26,4,863852,432000,0.15
6558,154,11,17,2025-05-22,5,195974,134000,0.2
6559,371,5,91,2024-03-21,5,128108,89000,0.15
6560,37,7,8,2024-07-31,4,506180,391000,0.1
6561,310,7,92,2025-01-03,4,759219,396000,0.2
6562,66,4,14,2025-02-09,3,615107,440000,0.05
6563,365,3,85,2024-10-29,1,572260,305000,0.15
6564,326,4,33,2024-01-04,3,420924,285000,0.05
6565,473,10,2,2024-10-11,4,457712,313000,0.0
6566,196,10,46,2025-09-03,2,181428,126000,0.2
6567,477,7,46,2024-10-04,4,181428,126000,0.1
6568,436,16,28,2025-09-19,1,158902,91000,0.2
6569,117,8,13,2024-08-20,1,670509,409000,0.1
6570,319,14,36,2024-06-17,5,236121,173000,0.15
6571,13,2,79,2024-04-04,4,250982,148000,0.0
6572,151,10,96,2024-08-19,2,110974,65000,0.1
6573,379,18,77,2025-01-08,5,92902,58000,0.15
6574,321,3,90,2025-02-27,3,260462,156000,0.2
6575,48,16,94,2025-06-02,5,98417,77000,0.2
6576,477,5,66,2025-12-28,4,636541,341000,0.0
6577,79,16,15,2025-08-27,3,564164,320000,0.2
6578,224,8,78,2025-04-12,3,201181,104000,0.05
6579,299,2,66,2024-10-22,2,636541,341000,0.15
6580,86,6,27,2024-06-13,2,381913,245000,0.0
6581,286,2,30,2024-09-27,5,836817,422000,0.1
6582,106,4,57,2025-04-06,1,683509,406000,0.1
6583,285,15,40,2025-02-09,5,612399,307000,0.05
6584,131,1,40,2025-05-23,4,612399,307000,0.15
6585,198,14,59,2025-02-16,1,468552,288000,0.05
6586,2,15,98,2024-01-13,3,252844,145000,0.15
6587,437,5,49,2025-07-16,2,432853,263000,0.05
6588,62,19,16,2024-05-10,2,150904,81000,0.2
6589,85,16,28,2025-07-04,5,158902,91000,0.15
6590,219,9,72,2024-05-16,3,531452,441000,0.15
6591,102,1,91,2024-07-29,2,128108,89000,0.2
6592,292,6,39,2025-03-17,3,275775,169000,0.2
6593,338,13,85,2025-02-14,1,572260,305000,0.15
6594,119,4,5,2024-12-26,3,501235,278000,0.2
6595,469,9,24,2025-10-31,2,510411,408000,0.1
6596,297,18,27,2024-10-10,3,381913,245000,0.2
6597,159,14,12,2025-11-04,1,200189,128000,0.2
6598,93,4,45,2024-09-24,1,732045,452000,0.05
6599,286,3,4,2025-04-23,4,213367,177000,0.05
6600,364,8,61,2025-07-26,1,184225,100000,0.1
6601,43,14,49,2024-04-07,3,432853,263000,0.2
6602,474,12,94,2024-12-24,3,98417,77000,0.2
6603,478,9,95,2025-08-09,5,377246,224000,0.1
6604,256,19,22,2024-09-09,1,353698,252000,0.2
6605,391,14,97,2024-08-01,2,246451,166000,0.0
6606,255,6,25,2025-08-13,4,356587,291000,0.1
6607,267,16,63,2025-03-13,4,639248,338000,0.15
6608,108,12,61,2025-08-04,4,184225,100000,0.1
6609,427,10,72,2024-08-01,4,531452,441000,0.0
6610,38,19,12,2025-09-01,4,200189,128000,0.1
6611,492,18,45,2024-01-25,2,732045,452000,0.2
6612,222,16,84,2024-07-02,5,133333,78000,0.1
6613,311,1,17,2025-09-14,2,195974,134000,0.05
6614,187,1,87,2024-04-27,4,866392,494000,0.15
6615,115,20,5,2024-03-24,1,501235,278000,0.0
6616,496,1,14,2025-06-22,3,615107,440000,0.1
6617,212,9,40,2024-07-22,3,612399,307000,0.05
6618,134,19,64,2024-03-17,5,81699,58000,0.05
6619,443,17,78,2024-01-03,1,201181,104000,0.0
6620,423,15,51,2024-09-13,1,525757,280000,0.15
6621,430,20,91,2024-11-15,5,128108,89000,0.0
6622,115,17,74,2025-05-07,1,481960,308000,0.1
6623,314,19,85,2025-04-10,1,572260,305000,0.15
6624,232,6,49,2025-01-31,4,432853,263000,0.05
6625,24,6,5,2024-05-01,5,501235,278000,0.15
6626,222,10,98,2024-07-04,2,252844,145000,0.15
6627,261,13,29,2025-01-07,2,147705,110000,0.0
6628,459,9,73,2024-06-11,5,148321,84000,0.15
6629,341,12,47,2024-04-16,5,325148,173000,0.15
6630,81,16,47,2024-07-19,4,325148,173000,0.2
6631,349,11,60,2024-04-28,1,272251,183000,0.0
6632,347,16,40,2025-04-22,5,612399,307000,0.0
6633,419,19,27,2024-01-05,2,381913,245000,0.15
6634,261,18,55,2025-02-20,5,78058,57000,0.1
6635,387,3,89,2025-03-06,5,273964,141000,0.2
6636,310,16,5,2025-11-20,5,501235,278000,0.1
6637,496,16,26,2025-01-22,3,579595,443000,0.2
6638,469,7,76,2025-12-14,3,67949,56000,0.05
6639,27,6,53,2025-05-23,3,269183,146000,0.1
6640,203,16,49,2025-05-16,2,432853,263000,0.05
6641,202,9,85,2025-08-31,4,572260,305000,0.1
6642,336,13,95,2025-03-31,3,377246,224000,0.2
6643,325,9,50,2025-08-20,5,244295,174000,0.1
6644,432,8,57,2024-12-28,1,683509,406000,0.1
6645,332,2,36,2024-11-23,4,236121,173000,0.1
6646,397,12,92,2024-01-25,2,759219,396000,0.1
6647,308,1,31,2024-06-22,4,317221,202000,0.15
6648,204,11,72,2025-09-17,3,531452,441000,0.2
6649,450,1,30,2024-12-06,5,836817,422000,0.1
6650,284,2,31,2024-10-13,4,317221,202000,0.1
6651,192,8,99,2024-01-08,4,754227,445000,0.2
6652,191,13,69,2025-06-30,2,214926,121000,0.05
6653,62,8,75,2025-09-13,2,615439,387000,0.05
6654,500,17,53,2024-11-06,5,269183,146000,0.15
6655,114,15,6,2025-05-01,3,618850,348000,0.0
6656,181,1,27,2024-03-30,1,381913,245000,0.1
6657,416,9,93,2024-06-29,4,781223,436000,0.05
6658,411,5,4,2024-02-16,3,213367,177000,0.0
6659,446,18,53,2024-08-23,3,269183,146000,0.2
6660,104,10,58,2024-07-29,5,282366,172000,0.15
6661,219,9,51,2025-10-25,4,525757,280000,0.1
6662,127,7,89,2024-02-08,4,273964,141000,0.15
6663,318,16,18,2025-08-07,4,542999,398000,0.05
6664,76,2,34,2025-08-31,1,886449,498000,0.1
6665,28,3,91,2024-03-12,5,128108,89000,0.1
6666,23,16,3,2025-03-22,2,285890,144000,0.15
6667,59,13,69,2024-12-01,1,214926,121000,0.2
6668,452,15,39,2025-08-29,5,275775,169000,0.1
6669,266,7,61,2024-07-26,5,184225,100000,0.15
6670,135,9,31,2024-03-30,1,317221,202000,0.15
6671,191,9,28,2025-11-02,3,158902,91000,0.15
6672,108,11,91,2025-08-27,4,128108,89000,0.2
6673,17,6,3,2025-02-23,3,285890,144000,0.05
6674,441,17,98,2025-02-17,4,252844,145000,0.0
6675,31,16,61,2025-04-26,3,184225,100000,0.15
6676,308,6,11,2024-06-12,5,501111,364000,0.0
6677,292,4,31,2024-08-11,4,317221,202000,0.0
6678,130,12,17,2025-04-17,2,195974,134000,0.15
6679,492,4,77,2024-10-31,5,92902,58000,0.2
6680,211,17,90,2025-05-25,2,260462,156000,0.05
6681,259,1,58,2025-12-11,1,282366,172000,0.1
6682,322,13,63,2024-02-15,5,639248,338000,0.0
6683,420,14,83,2024-01-31,3,147849,97000,0.0
6684,495,15,35,2024-02-06,1,801865,464000,0.15
6685,331,10,68,2025-11-28,2,380357,285000,0.2
6686,497,7,57,2025-06-08,5,683509,406000,0.1
6687,431,12,2,2025-06-13,2,457712,313000,0.1
6688,338,10,60,2024-12-02,2,272251,183000,0.15
6689,318,5,89,2024-09-25,1,273964,141000,0.1
6690,315,1,62,2024-02-29,2,230470,154000,0.2
6691,445,17,25,2025-07-21,1,356587,291000,0.15
6692,379,3,32,2024-09-08,4,484101,322000,0.1
6693,383,20,55,2024-11-29,4,78058,57000,0.2
6694,456,2,65,2024-09-30,3,173690,128000,0.1
6695,381,19,71,2024-11-19,5,899254,479000,0.2
6696,498,2,28,2024-07-09,1,158902,91000,0.05
6697,433,11,60,2024-01-06,3,272251,183000,0.15
6698,400,2,20,2025-10-01,4,188439,117000,0.2
6699,427,2,16,2024-07-30,3,150904,81000,0.05
6700,319,13,17,2025-11-05,5,195974,134000,0.2
6701,492,20,49,2024-01-22,2,432853,263000,0.05
6702,181,9,22,2025-02-13,2,353698,252000,0.1
6703,306,19,1,2025-03-26,2,234738,139000,0.0
6704,412,6,16,2024-03-02,3,150904,81000,0.1
6705,14,4,88,2024-06-16,4,141570,73000,0.05
6706,48,18,19,2024-08-08,5,484036,311000,0.1
6707,66,7,42,2024-10-26,1,387805,204000,0.0
6708,20,13,11,2025-12-17,5,501111,364000,0.05
6709,271,4,67,2024-11-04,2,327734,181000,0.0
6710,466,2,89,2024-08-31,1,273964,141000,0.2
6711,363,15,45,2024-10-21,3,732045,452000,0.2
6712,388,16,28,2025-03-30,5,158902,91000,0.1
6713,416,17,77,2025-08-23,4,92902,58000,0.05
6714,327,11,96,2024-12-03,2,110974,65000,0.1
6715,440,3,31,2025-01-18,5,317221,202000,0.0
6716,441,7,69,2024-05-28,2,214926,121000,0.15
6717,478,9,98,2025-03-23,5,252844,145000,0.05
6718,259,11,17,2024-04-10,5,195974,134000,0.1
6719,240,14,24,2025-10-24,3,510411,408000,0.1
6720,371,3,100,2025-11-08,5,130122,92000,0.2
6721,125,2,44,2024-02-12,3,533229,334000,0.2
6722,373,20,66,2025-03-09,1,636541,341000,0.2
6723,233,13,43,2025-05-28,3,288284,203000,0.1
6724,391,10,14,2025-12-26,3,615107,440000,0.0
6725,379,4,66,2025-08-22,5,636541,341000,0.1
6726,293,5,92,2025-06-06,3,759219,396000,0.0
6727,365,10,84,2025-02-20,3,133333,78000,0.1
6728,228,14,6,2024-01-28,2,618850,348000,0.1
6729,308,7,77,2024-12-26,3,92902,58000,0.1
6730,40,2,48,2025-06-07,3,725534,462000,0.2
6731,225,11,65,2025-04-02,2,173690,128000,0.05
6732,255,16,39,2025-10-04,4,275775,169000,0.15
6733,190,10,35,2024-07-03,3,801865,464000,0.2
6734,264,15,91,2024-08-10,1,128108,89000,0.05
6735,248,20,19,2024-09-11,3,484036,311000,0.2
6736,253,2,61,2024-01-18,5,184225,100000,0.0
6737,308,10,91,2025-01-07,3,128108,89000,0.1
6738,378,14,71,2025-12-05,3,899254,479000,0.2
6739,219,5,60,2025-03-22,3,272251,183000,0.0
6740,338,16,26,2025-03-07,5,579595,443000,0.1
6741,301,8,16,2025-01-07,2,150904,81000,0.1
6742,221,15,44,2025-04-06,1,533229,334000,0.05
6743,155,4,34,2025-01-19,5,886449,498000,0.0
6744,348,16,20,2024-05-31,2,188439,117000,0.15
6745,483,10,51,2024-03-05,3,525757,280000,0.05
6746,53,16,48,2024-10-09,1,725534,462000,0.05
6747,145,12,82,2024-12-13,1,354688,203000,0.0
6748,181,12,44,2024-10-23,5,533229,334000,0.05
6749,411,6,80,2025-03-21,3,341486,186000,0.1
6750,110,7,16,2025-11-10,4,150904,81000,0.2
6751,261,2,48,2025-02-28,4,725534,462000,0.15
6752,155,19,72,2024-01-08,5,531452,441000,0.1
6753,389,2,12,2025-03-03,1,200189,128000,0.2
6754,46,12,38,2025-04-30,2,313675,175000,0.0
6755,393,6,43,2024-11-24,4,288284,203000,0.2
6756,119,8,12,2025-08-20,5,200189,128000,0.15
6757,399,20,51,2024-02-17,5,525757,280000,0.15
6758,349,14,88,2025-11-15,2,141570,73000,0.0
6759,260,18,5,2025-06-14,5,501235,278000,0.2
6760,189,12,45,2024-02-04,1,732045,452000,0.0
6761,41,3,98,2025-09-03,5,252844,145000,0.05
6762,23,6,14,2024-06-26,3,615107,440000,0.05
6763,313,7,52,2024-02-03,3,107522,76000,0.0
6764,222,8,88,2025-08-07,2,141570,73000,0.05
6765,466,1,64,2024-07-08,5,81699,58000,0.0
6766,326,15,86,2025-07-27,2,619302,320000,0.2
6767,273,20,67,2025-07-27,2,327734,181000,0.0
6768,488,15,28,2024-10-17,5,158902,91000,0.1
6769,222,13,67,2025-04-08,1,327734,181000,0.15
6770,279,8,32,2024-01-09,3,484101,322000,0.05
6771,151,6,39,2024-07-09,5,275775,169000,0.0
6772,247,9,96,2024-10-26,4,110974,65000,0.15
6773,435,1,20,2024-10-08,4,188439,117000,0.1
6774,393,6,33,2024-07-17,4,420924,285000,0.2
6775,209,8,98,2025-03-20,4,252844,145000,0.2
6776,48,18,57,2025-06-14,5,683509,406000,0.1
6777,313,19,61,2024-10-06,4,184225,100000,0.1
6778,229,3,22,2025-06-23,3,353698,252000,0.15
6779,112,19,40,2025-09-16,3,612399,307000,0.15
6780,415,11,79,2024-04-04,3,250982,148000,0.05
6781,335,5,43,2024-11-14,4,288284,203000,0.15
6782,483,5,26,2024-01-11,5,579595,443000,0.1
6783,434,18,81,2024-01-12,4,402769,257000,0.2
6784,199,13,73,2025-08-26,4,148321,84000,0.1
6785,339,18,54,2024-05-04,5,295710,156000,0.0
6786,125,5,24,2024-05-29,2,510411,408000,0.2
6787,71,6,35,2025-05-17,4,801865,464000,0.2
6788,118,16,7,2024-07-31,2,571254,384000,0.15
6789,199,3,91,2024-02-24,5,128108,89000,0.1
6790,471,10,27,2025-05-18,5,381913,245000,0.15
6791,257,8,91,2025-05-22,5,128108,89000,0.1
6792,300,13,7,2024-12-01,3,571254,384000,0.1
6793,205,12,88,2025-11-09,3,141570,73000,0.15
6794,347,1,59,2025-07-29,5,468552,288000,0.15
6795,436,5,7,2024-03-09,3,571254,384000,0.1
6796,328,9,51,2024-09-24,4,525757,280000,0.15
6797,469,8,78,2025-02-28,3,201181,104000,0.05
6798,211,4,22,2025-01-11,4,353698,252000,0.0
6799,452,9,33,2024-07-16,4,420924,285000,0.1
6800,150,5,33,2024-03-03,2,420924,285000,0.0
6801,129,15,12,2025-03-29,5,200189,128000,0.15
6802,26,8,92,2024-05-20,1,759219,396000,0.1
6803,293,17,42,2024-04-04,1,387805,204000,0.2
6804,192,4,45,2025-02-22,1,732045,452000,0.1
6805,164,2,31,2025-07-14,2,317221,202000,0.1
6806,468,6,70,2024-07-11,1,651468,327000,0.1
6807,461,14,24,2025-05-02,5,510411,408000,0.2
6808,344,19,53,2025-05-16,2,269183,146000,0.05
6809,107,7,89,2024-05-11,1,273964,141000,0.1
6810,21,17,71,2025-02-15,1,899254,479000,0.0
6811,20,12,79,2024-02-14,1,250982,148000,0.15
6812,271,9,20,2024-03-24,2,188439,117000,0.2
6813,426,14,45,2025-08-17,4,732045,452000,0.1
6814,171,5,47,2024-01-22,5,325148,173000,0.2
6815,316,20,61,2024-12-25,1,184225,100000,0.05
6816,111,11,55,2024-10-23,1,78058,57000,0.0
6817,483,1,65,2024-11-15,2,173690,128000,0.0
6818,64,8,81,2025-01-10,4,402769,257000,0.15
6819,305,5,6,2024-01-12,4,618850,348000,0.0
6820,301,15,18,2025-07-16,1,542999,398000,0.15
6821,57,10,37,2025-04-15,3,466547,278000,0.05
6822,146,8,58,2024-02-14,2,282366,172000,0.05
6823,145,8,11,2025-03-30,5,501111,364000,0.05
6824,211,12,12,2025-03-11,2,200189,128000,0.15
6825,104,13,51,2024-08-14,1,525757,280000,0.05
6826,262,1,12,2024-12-13,4,200189,128000,0.1
6827,167,11,54,2025-04-09,2,295710,156000,0.1
6828,482,5,44,2025-04-12,2,533229,334000,0.15
6829,457,16,7,2025-10-06,2,571254,384000,0.15
6830,371,11,96,2025-04-10,1,110974,65000,0.05
6831,463,14,15,2024-12-30,1,564164,320000,0.0
6832,297,1,71,2025-03-12,4,899254,479000,0.0
6833,498,6,41,2024-03-13,4,579025,345000,0.0
6834,233,20,11,2025-01-27,5,501111,364000,0.0
6835,410,7,26,2025-01-08,2,579595,443000,0.05
6836,323,12,74,2024-01-18,2,481960,308000,0.05
6837,359,11,35,2025-08-19,5,801865,464000,0.1
6838,419,2,11,2025-04-29,4,501111,364000,0.1
6839,75,4,57,2024-07-11,5,683509,406000,0.1
6840,76,9,91,2024-02-02,5,128108,89000,0.05
6841,384,17,23,2025-02-26,4,435414,346000,0.1
6842,13,5,43,2025-08-10,3,288284,203000,0.0
6843,439,3,93,2024-03-11,1,781223,436000,0.1
6844,17,11,42,2025-05-31,3,387805,204000,0.2
6845,98,10,13,2024-08-14,1,670509,409000,0.2
6846,214,7,51,2024-08-17,3,525757,280000,0.05
6847,247,12,98,2024-11-19,2,252844,145000,0.0
6848,359,2,90,2025-04-21,3,260462,156000,0.05
6849,62,13,1,2024-10-15,5,234738,139000,0.2
6850,476,15,99,2025-04-06,3,754227,445000,0.05
6851,6,9,5,2025-04-18,2,501235,278000,0.0
6852,175,20,57,2024-07-07,1,683509,406000,0.0
6853,472,19,22,2024-08-05,5,353698,252000,0.05
6854,329,18,96,2025-04-04,4,110974,65000,0.0
6855,233,13,48,2024-04-21,4,725534,462000,0.2
6856,182,20,78,2024-02-07,4,201181,104000,0.1
6857,397,19,13,2025-12-06,4,670509,409000,0.05
6858,352,12,31,2024-02-28,1,317221,202000,0.0
6859,397,13,93,2024-03-26,3,781223,436000,0.2
6860,368,3,78,2024-09-10,5,201181,104000,0.05
6861,148,16,63,2025-01-19,5,639248,338000,0.05
6862,419,9,4,2025-12-31,5,213367,177000,0.2
6863,180,10,93,2025-01-29,3,781223,436000,0.0
6864,104,12,46,2025-08-07,2,181428,126000,0.1
6865,443,12,60,2025-01-26,1,272251,183000,0.15
6866,93,1,1,2025-02-05,5,234738,139000,0.1
6867,76,6,61,2025-03-11,5,184225,100000,0.1
6868,420,6,58,2025-11-08,1,282366,172000,0.2
6869,337,13,53,2025-10-08,1,269183,146000,0.05
6870,224,17,95,2025-07-28,1,377246,224000,0.0
6871,454,8,3,2025-09-12,1,285890,144000,0.0
6872,35,19,56,2025-10-26,1,863852,432000,0.2
6873,35,15,36,2025-07-23,5,236121,173000,0.0
6874,256,13,7,2024-05-19,1,571254,384000,0.05
6875,177,17,86,2024-01-25,2,619302,320000,0.2
6876,402,2,60,2025-05-22,4,272251,183000,0.15
6877,69,13,11,2025-04-20,3,501111,364000,0.2
6878,289,11,65,2024-04-17,2,173690,128000,0.0
6879,223,1,55,2024-11-09,5,78058,57000,0.15
6880,163,20,63,2025-10-12,4,639248,338000,0.05
6881,58,19,47,2025-12-03,4,325148,173000,0.2
6882,444,4,22,2024-12-28,2,353698,252000,0.0
6883,439,19,27,2024-09-02,3,381913,245000,0.15
6884,401,20,95,2025-06-27,4,377246,224000,0.1
6885,254,12,23,2024-02-19,3,435414,346000,0.0
6886,451,17,14,2024-09-29,4,615107,440000,0.15
6887,278,4,54,2025-01-06,4,295710,156000,0.05
6888,373,16,71,2025-05-16,2,899254,479000,0.0
6889,256,15,34,2024-10-15,5,886449,498000,0.15
6890,476,20,78,2025-09-20,2,201181,104000,0.1
6891,111,18,86,2024-11-10,3,619302,320000,0.2
6892,297,19,31,2025-09-10,3,317221,202000,0.15
6893,75,2,61,2024-12-25,1,184225,100000,0.05
6894,357,13,11,2024-03-04,5,501111,364000,0.05
6895,77,13,33,2024-05-06,4,420924,285000,0.2
6896,292,14,63,2024-04-01,1,639248,338000,0.2
6897,190,8,75,2024-08-03,5,615439,387000,0.05
6898,40,8,87,2025-10-04,1,866392,494000,0.05
6899,111,2,98,2025-07-24,5,252844,145000,0.15
6900,264,16,42,2024-05-15,4,387805,204000,0.2
6901,432,11,48,2024-12-03,2,725534,462000,0.05
6902,70,20,23,2024-02-24,4,435414,346000,0.05
6903,130,16,87,2025-05-17,3,866392,494000,0.2
6904,286,6,65,2024-07-09,1,173690,128000,0.0
6905,149,12,52,2024-07-20,5,107522,76000,0.2
6906,499,6,16,2025-08-07,4,150904,81000,0.05
6907,43,15,17,2024-08-14,2,195974,134000,0.2
6908,172,1,83,2025-03-17,4,147849,97000,0.2
6909,370,15,32,2025-12-03,5,484101,322000,0.1
6910,495,16,48,2024-11-29,1,725534,462000,0.1
6911,41,15,89,2025-07-30,4,273964,141000,0.15
6912,343,10,39,2024-05-08,2,275775,169000,0.0
6913,180,8,28,2024-07-30,3,158902,91000,0.1
6914,170,16,65,2025-12-07,1,173690,128000,0.0
6915,461,15,46,2024-05-24,1,181428,126000,0.2
6916,264,2,21,2024-10-05,1,527487,336000,0.2
6917,360,12,94,2025-08-28,2,98417,77000,0.15
6918,452,20,58,2024-07-09,3,282366,172000,0.15
6919,52,14,33,2025-08-13,2,420924,285000,0.05
6920,413,17,69,2024-01-05,4,214926,121000,0.15
6921,205,19,69,2024-01-17,3,214926,121000,0.1
6922,330,9,98,2025-08-16,3,252844,145000,0.05
6923,9,10,35,2024-03-10,1,801865,464000,0.0
6924,134,20,19,2025-04-30,4,484036,311000,0.2
6925,77,4,25,2025-08-21,3,356587,291000,0.1
6926,259,18,1,2024-03-13,1,234738,139000,0.2
6927,458,20,82,2025-09-17,5,354688,203000,0.15
6928,391,19,83,2024-06-08,1,147849,97000,0.05
6929,108,17,32,2024-11-24,3,484101,322000,0.15
6930,46,11,40,2024-04-13,5,612399,307000,0.0
6931,154,15,92,2024-07-12,4,759219,396000,0.0
6932,48,14,48,2025-10-20,4,725534,462000,0.0
6933,155,11,37,2024-07-10,2,466547,278000,0.15
6934,2,6,42,2024-06-15,3,387805,204000,0.15
6935,129,13,16,2025-12-27,2,150904,81000,0.1
6936,128,19,80,2025-11-10,2,341486,186000,0.05
6937,385,15,37,2024-03-26,1,466547,278000,0.15
6938,198,13,32,2024-10-09,3,484101,322000,0.05
6939,242,2,8,2024-09-22,5,506180,391000,0.1
6940,408,8,93,2024-02-21,1,781223,436000,0.15
6941,227,19,74,2024-02-22,5,481960,308000,0.0
6942,98,11,100,2025-02-04,3,130122,92000,0.0
6943,391,3,18,2025-10-09,1,542999,398000,0.1
6944,85,10,95,2024-06-23,2,377246,224000,0.0
6945,205,3,82,2024-12-12,1,354688,203000,0.15
6946,173,14,50,2025-09-13,5,244295,174000,0.0
6947,139,4,33,2024-12-09,1,420924,285000,0.2
6948,201,12,25,2025-03-21,2,356587,291000,0.05
6949,175,20,94,2025-06-14,1,98417,77000,0.05
6950,389,11,9,2025-12-14,3,449456,257000,0.15
6951,314,4,71,2025-10-24,1,899254,479000,0.15
6952,88,19,86,2025-07-15,3,619302,320000,0.15
6953,304,6,8,2024-11-07,3,506180,391000,0.05
6954,330,4,22,2024-04-28,1,353698,252000,0.2
6955,299,20,84,2025-08-07,3,133333,78000,0.05
6956,57,10,35,2024-10-24,5,801865,464000,0.0
6957,493,12,1,2025-06-09,1,234738,139000,0.05
6958,98,19,89,2025-08-18,4,273964,141000,0.2
6959,165,5,16,2025-02-26,3,150904,81000,0.05
6960,16,4,1,2025-12-28,1,234738,139000,0.05
6961,27,20,58,2024-06-04,3,282366,172000,0.0
6962,317,17,65,2025-03-22,3,173690,128000,0.1
6963,187,20,66,2025-02-16,5,636541,341000,0.15
6964,278,5,39,2025-12-08,5,275775,169000,0.0
6965,127,13,60,2024-05-07,2,272251,183000,0.2
6966,468,14,59,2024-04-14,3,468552,288000,0.2
6967,466,11,40,2024-05-06,3,612399,307000,0.2
6968,336,1,25,2025-07-27,2,356587,291000,0.0
6969,265,11,13,2024-03-04,1,670509,409000,0.05
6970,207,18,18,2025-01-02,2,542999,398000,0.0
6971,94,18,99,2024-10-23,2,754227,445000,0.05
6972,452,9,33,2024-05-31,1,420924,285000,0.05
6973,427,3,51,2025-05-03,2,525757,280000,0.15
6974,72,11,81,2024-01-11,2,402769,257000,0.05
6975,275,14,32,2024-09-04,3,484101,322000,0.05
6976,198,1,57,2025-04-30,1,683509,406000,0.15
6977,334,19,40,2024-07-21,2,612399,307000,0.2
6978,362,14,97,2025-10-17,5,246451,166000,0.15
6979,27,18,91,2024-11-05,4,128108,89000,0.15
6980,39,2,90,2024-05-17,4,260462,156000,0.15
6981,432,2,58,2024-10-26,3,282366,172000,0.05
6982,19,12,3,2025-12-16,2,285890,144000,0.05
6983,495,5,10,2025-05-19,1,728704,377000,0.2
6984,142,6,37,2024-12-18,4,466547,278000,0.05
6985,224,18,56,2024-03-07,3,863852,432000,0.1
6986,249,14,76,2024-07-01,2,67949,56000,0.2
6987,164,6,97,2025-07-18,2,246451,166000,0.2
6988,87,17,29,2025-07-18,5,147705,110000,0.0
6989,99,6,74,2025-10-25,2,481960,308000,0.15
6990,219,17,100,2025-10-28,4,130122,92000,0.2
6991,93,8,3,2024-10-07,4,285890,144000,0.0
6992,267,20,46,2024-03-21,4,181428,126000,0.05
6993,37,3,78,2024-08-28,3,201181,104000,0.2
6994,96,3,93,2025-08-30,4,781223,436000,0.2
6995,160,15,84,2024-09-12,2,133333,78000,0.1
6996,418,16,93,2024-01-08,1,781223,436000,0.1
6997,192,1,84,2025-05-05,1,133333,78000,0.15
6998,290,10,93,2024-10-31,5,781223,436000,0.2
6999,406,13,85,2025-09-18,5,572260,305000,0.2
7000,259,14,26,2025-01-21,3,579595,443000,0.15
7001,122,18,91,2024-03-13,4,128108,89000,0.05
7002,38,20,2,2025-01-02,3,457712,313000,0.2
7003,379,12,100,2024-10-13,3,130122,92000,0.2
7004,299,11,36,2025-01-14,2,236121,173000,0.05
7005,363,2,44,2024-07-12,1,533229,334000,0.05
7006,180,10,96,2024-03-09,3,110974,65000,0.2
7007,338,12,13,2024-08-01,5,670509,409000,0.15
7008,211,16,15,2025-09-02,1,564164,320000,0.0
7009,118,14,40,2025-11-19,3,612399,307000,0.0
7010,6,11,30,2025-09-11,4,836817,422000,0.1
7011,252,8,94,2024-03-07,1,98417,77000,0.1
7012,134,5,64,2024-08-30,2,81699,58000,0.05
7013,445,2,54,2025-04-22,4,295710,156000,0.2
7014,325,18,91,2024-08-09,2,128108,89000,0.05
7015,226,3,15,2024-03-23,2,564164,320000,0.2
7016,181,10,68,2024-08-23,5,380357,285000,0.2
7017,489,4,87,2024-05-22,4,866392,494000,0.1
7018,486,19,10,2024-11-20,2,728704,377000,0.15
7019,37,3,55,2024-08-10,2,78058,57000,0.15
7020,54,1,40,2024-09-01,5,612399,307000,0.05
7021,499,8,69,2024-06-14,5,214926,121000,0.15
7022,455,9,7,2025-08-18,4,571254,384000,0.1
7023,417,18,87,2024-08-28,1,866392,494000,0.0
7024,361,14,13,2024-09-06,5,670509,409000,0.0
7025,347,2,39,2024-04-04,5,275775,169000,0.1
7026,79,10,6,2025-05-27,2,618850,348000,0.0
7027,45,15,10,2025-07-11,3,728704,377000,0.0
7028,498,14,6,2024-09-25,2,618850,348000,0.2
7029,273,15,9,2025-04-26,4,449456,257000,0.2
7030,145,19,83,2024-03-06,2,147849,97000,0.05
7031,108,5,78,2024-01-12,5,201181,104000,0.15
7032,160,16,3,2025-10-21,3,285890,144000,0.05
7033,157,5,33,2024-11-10,2,420924,285000,0.05
7034,34,2,14,2025-01-04,1,615107,440000,0.15
7035,34,1,3,2024-01-02,3,285890,144000,0.15
7036,63,8,81,2024-07-23,3,402769,257000,0.0
7037,293,10,44,2025-04-11,3,533229,334000,0.1
7038,351,5,18,2024-05-30,1,542999,398000,0.15
7039,217,15,87,2024-12-31,2,866392,494000,0.2
7040,407,3,17,2025-01-21,1,195974,134000,0.15
7041,482,19,91,2025-07-26,5,128108,89000,0.2
7042,252,14,71,2025-04-09,4,899254,479000,0.2
7043,112,17,61,2024-03-06,4,184225,100000,0.1
7044,405,7,62,2024-05-11,4,230470,154000,0.0
7045,498,19,78,2025-06-29,5,201181,104000,0.0
7046,326,6,29,2025-10-20,5,147705,110000,0.15
7047,116,2,6,2025-05-02,3,618850,348000,0.2
7048,130,11,36,2025-08-24,3,236121,173000,0.0
7049,414,3,44,2025-06-06,5,533229,334000,0.15
7050,59,18,83,2024-10-14,4,147849,97000,0.05
7051,337,13,72,2025-08-15,1,531452,441000,0.15
7052,321,4,100,2024-09-10,3,130122,92000,0.0
7053,170,20,45,2025-06-06,4,732045,452000,0.1
7054,327,11,25,2025-07-06,5,356587,291000,0.0
7055,186,9,31,2024-02-03,4,317221,202000,0.05
7056,299,6,40,2024-08-29,5,612399,307000,0.05
7057,129,1,58,2024-11-19,1,282366,172000,0.2
7058,434,14,53,2024-11-17,2,269183,146000,0.2
7059,379,15,59,2024-02-25,1,468552,288000,0.05
7060,235,18,82,2024-07-20,1,354688,203000,0.1
7061,352,12,85,2024-02-26,3,572260,305000,0.05
7062,345,11,46,2024-08-12,3,181428,126000,0.1
7063,389,17,35,2025-04-05,3,801865,464000,0.0
7064,240,17,91,2025-04-11,5,128108,89000,0.15
7065,330,5,68,2024-06-17,5,380357,285000,0.2
7066,400,5,14,2025-04-11,1,615107,440000,0.0
7067,394,20,87,2024-01-23,1,866392,494000,0.1
7068,401,6,40,2024-05-07,4,612399,307000,0.0
7069,228,12,38,2025-12-05,4,313675,175000,0.0
7070,8,9,86,2025-12-10,4,619302,320000,0.2
7071,219,14,13,2025-07-19,1,670509,409000,0.1
7072,132,9,62,2025-03-04,1,230470,154000,0.2
7073,154,16,20,2024-10-26,4,188439,117000,0.05
7074,213,16,8,2025-07-15,3,506180,391000,0.2
7075,258,15,11,2024-04-30,1,501111,364000,0.0
7076,81,11,60,2024-09-05,1,272251,183000,0.05
7077,151,8,60,2025-11-06,1,272251,183000,0.1
7078,69,10,97,2024-09-07,1,246451,166000,0.15
7079,315,16,49,2025-08-02,4,432853,263000,0.2
7080,31,7,85,2025-11-26,3,572260,305000,0.2
7081,263,4,82,2024-08-21,1,354688,203000,0.1
7082,450,17,60,2025-09-01,4,272251,183000,0.2
7083,207,19,76,2024-09-24,5,67949,56000,0.05
7084,145,17,21,2024-01-23,3,527487,336000,0.15
7085,48,17,16,2024-03-01,1,150904,81000,0.05
7086,127,3,55,2024-05-19,3,78058,57000,0.05
7087,50,17,34,2025-01-15,3,886449,498000,0.15
7088,305,3,16,2025-01-11,2,150904,81000,0.15
7089,139,8,61,2024-09-08,1,184225,100000,0.0
7090,374,5,98,2024-07-21,4,252844,145000,0.1
7091,15,11,46,2024-10-30,4,181428,126000,0.15
7092,47,5,27,2024-11-18,4,381913,245000,0.05
7093,133,4,27,2024-12-10,1,381913,245000,0.0
7094,429,1,82,2025-08-29,1,354688,203000,0.0
7095,6,16,82,2025-01-23,2,354688,203000,0.0
7096,299,7,14,2025-10-27,2,615107,440000,0.15
7097,91,3,7,2024-05-11,1,571254,384000,0.1
7098,332,14,87,2024-06-16,3,866392,494000,0.1
7099,287,9,57,2024-07-23,2,683509,406000,0.1
7100,62,4,86,2025-03-10,2,619302,320000,0.1
7101,392,20,53,2025-11-15,1,269183,146000,0.1
7102,377,5,74,2024-10-03,5,481960,308000,0.1
7103,436,11,53,2024-10-08,1,269183,146000,0.2
7104,275,5,41,2024-11-20,2,579025,345000,0.15
7105,320,12,52,2025-10-18,5,107522,76000,0.05
7106,436,20,8,2024-10-03,5,506180,391000,0.0
7107,410,7,75,2024-07-06,3,615439,387000,0.0
7108,190,19,18,2025-07-22,2,542999,398000,0.1
7109,356,7,30,2024-02-27,3,836817,422000,0.2
7110,266,1,86,2025-06-04,3,619302,320000,0.05
7111,24,16,44,2024-11-19,1,533229,334000,0.15
7112,352,15,92,2025-08-22,5,759219,396000,0.0
7113,467,5,28,2024-10-28,3,158902,91000,0.1
7114,360,16,46,2025-12-21,2,181428,126000,0.1
7115,147,9,64,2024-09-16,4,81699,58000,0.15
7116,126,2,73,2025-08-24,4,148321,84000,0.1
7117,25,14,40,2024-02-24,4,612399,307000,0.1
7118,448,17,2,2025-06-28,4,457712,313000,0.2
7119,223,5,18,2025-07-13,4,542999,398000,0.1
7120,411,7,95,2025-01-08,4,377246,224000,0.1
7121,403,18,64,2024-08-21,4,81699,58000,0.2
7122,299,4,46,2024-01-22,3,181428,126000,0.15
7123,13,15,18,2024-09-17,1,542999,398000,0.0
7124,375,7,21,2024-12-28,3,527487,336000,0.1
7125,387,14,78,2024-04-04,4,201181,104000,0.0
7126,73,9,8,2024-08-15,5,506180,391000,0.2
7127,74,13,60,2025-07-31,1,272251,183000,0.15
7128,245,10,18,2025-12-24,3,542999,398000,0.0
7129,112,5,26,2024-02-28,1,579595,443000,0.15
7130,355,19,48,2025-11-27,1,725534,462000,0.05
7131,479,17,39,2025-06-04,2,275775,169000,0.2
7132,286,19,34,2025-04-15,3,886449,498000,0.05
7133,47,16,46,2025-03-13,2,181428,126000,0.05
7134,372,9,76,2025-02-28,3,67949,56000,0.2
7135,384,12,44,2025-12-16,3,533229,334000,0.2
7136,376,17,92,2025-04-12,5,759219,396000,0.1
7137,372,4,15,2024-07-16,2,564164,320000,0.15
7138,374,4,64,2025-03-25,3,81699,58000,0.05
7139,478,9,68,2024-05-28,2,380357,285000,0.05
7140,495,7,4,2025-09-06,2,213367,177000,0.05
7141,53,15,51,2025-01-31,2,525757,280000,0.15
7142,142,2,53,2025-11-13,3,269183,146000,0.0
7143,188,4,36,2025-11-10,4,236121,173000,0.1
7144,119,17,11,2025-01-21,2,501111,364000,0.2
7145,4,5,11,2024-12-24,1,501111,364000,0.0
7146,83,2,91,2025-09-09,2,128108,89000,0.2
7147,183,6,62,2025-08-24,3,230470,154000,0.1
7148,252,16,68,2025-03-06,2,380357,285000,0.15
7149,108,11,35,2025-10-01,2,801865,464000,0.05
7150,420,15,90,2024-08-22,3,260462,156000,0.05
7151,494,7,25,2025-06-16,2,356587,291000,0.15
7152,41,12,78,2024-07-10,4,201181,104000,0.2
7153,195,1,16,2024-05-21,1,150904,81000,0.0
7154,132,7,63,2024-03-10,4,639248,338000,0.05
7155,490,19,81,2025-01-29,3,402769,257000,0.2
7156,448,16,86,2024-08-09,4,619302,320000,0.1
7157,128,4,9,2025-05-02,3,449456,257000,0.1
7158,287,19,4,2024-01-05,3,213367,177000,0.05
7159,233,8,72,2025-07-23,2,531452,441000,0.0
7160,244,20,4,2024-02-22,5,213367,177000,0.1
7161,436,8,27,2025-04-05,2,381913,245000,0.15
7162,99,9,14,2025-05-02,2,615107,440000,0.2
7163,27,6,11,2024-12-14,3,501111,364000,0.2
7164,328,1,88,2025-09-13,4,141570,73000,0.1
7165,367,1,68,2025-07-11,2,380357,285000,0.15
7166,78,6,1,2025-04-28,5,234738,139000,0.0
7167,447,6,4,2024-03-28,5,213367,177000,0.15
7168,433,9,97,2025-08-21,1,246451,166000,0.2
7169,330,11,45,2025-09-02,2,732045,452000,0.05
7170,121,7,73,2024-05-14,4,148321,84000,0.0
7171,265,15,10,2025-09-30,3,728704,377000,0.2
7172,229,20,45,2025-01-04,1,732045,452000,0.15
7173,8,18,4,2024-07-20,2,213367,177000,0.05
7174,443,1,68,2025-03-20,5,380357,285000,0.0
7175,173,1,78,2025-04-21,3,201181,104000,0.0
7176,478,1,22,2024-08-14,3,353698,252000,0.0
7177,280,14,7,2025-10-02,4,571254,384000,0.2
7178,401,16,64,2025-12-18,3,81699,58000,0.2
7179,487,1,42,2024-12-12,3,387805,204000,0.2
7180,156,11,76,2024-04-09,3,67949,56000,0.2
7181,91,8,6,2025-03-24,3,618850,348000,0.2
7182,347,13,51,2024-10-25,4,525757,280000,0.2
7183,220,11,17,2025-05-28,4,195974,134000,0.05
7184,393,5,14,2024-10-21,5,615107,440000,0.0
7185,284,9,6,2025-10-28,3,618850,348000,0.05
7186,489,9,98,2025-11-29,3,252844,145000,0.0
7187,449,13,52,2025-05-13,2,107522,76000,0.0
7188,446,7,34,2025-09-11,2,886449,498000,0.1
7189,402,13,74,2025-03-11,3,481960,308000,0.0
7190,285,18,58,2025-03-28,3,282366,172000,0.0
7191,377,12,87,2025-06-07,4,866392,494000,0.2
7192,318,3,69,2024-10-04,3,214926,121000,0.15
7193,331,14,97,2025-02-08,1,246451,166000,0.0
7194,487,3,59,2024-10-23,2,468552,288000,0.15
7195,335,19,65,2024-08-29,4,173690,128000,0.2
7196,111,15,58,2024-11-20,5,282366,172000,0.2
7197,143,19,61,2024-06-12,1,184225,100000,0.0
7198,183,20,28,2024-09-29,1,158902,91000,0.15
7199,480,15,67,2024-09-09,2,327734,181000,0.1
7200,2,10,70,2025-03-26,1,651468,327000,0.1
7201,200,12,6,2024-07-24,4,618850,348000,0.2
7202,202,19,9,2025-01-17,5,449456,257000,0.15
7203,388,2,23,2024-05-22,4,435414,346000,0.2
7204,488,7,100,2025-04-25,2,130122,92000,0.05
7205,187,13,44,2024-05-24,4,533229,334000,0.0
7206,437,8,62,2024-06-07,2,230470,154000,0.0
7207,235,17,1,2024-12-15,1,234738,139000,0.2
7208,189,8,74,2024-04-27,3,481960,308000,0.2
7209,398,13,19,2024-12-14,3,484036,311000,0.05
7210,277,1,49,2025-08-17,1,432853,263000,0.0
7211,209,20,43,2024-08-05,4,288284,203000,0.2
7212,462,9,6,2024-07-26,2,618850,348000,0.0
7213,335,7,10,2024-12-12,2,728704,377000,0.15
7214,223,18,17,2024-11-26,5,195974,134000,0.2
7215,444,15,35,2025-03-30,5,801865,464000,0.2
7216,23,1,4,2025-03-12,4,213367,177000,0.0
7217,426,9,64,2024-04-11,3,81699,58000,0.15
7218,27,9,31,2024-02-02,2,317221,202000,0.15
7219,250,10,94,2025-11-07,5,98417,77000,0.0
7220,225,3,37,2025-07-27,2,466547,278000,0.15
7221,467,15,85,2025-05-30,4,572260,305000,0.05
7222,457,16,56,2025-01-01,2,863852,432000,0.0
7223,379,11,91,2024-01-07,4,128108,89000,0.1
7224,220,4,33,2025-03-23,3,420924,285000,0.2
7225,371,16,68,2025-07-06,2,380357,285000,0.1
7226,251,17,40,2024-06-23,1,612399,307000,0.1
7227,56,20,47,2024-09-13,2,325148,173000,0.0
7228,215,7,65,2024-06-26,5,173690,128000,0.15
7229,43,6,91,2024-06-25,3,128108,89000,0.2
7230,446,19,18,2025-08-13,2,542999,398000,0.05
7231,289,1,68,2024-11-17,2,380357,285000,0.0
7232,441,5,2,2024-08-04,4,457712,313000,0.0
7233,486,17,85,2024-10-06,1,572260,305000,0.1
7234,473,16,34,2025-04-09,3,886449,498000,0.15
7235,376,15,10,2024-04-23,3,728704,377000,0.1
7236,152,11,84,2024-01-08,4,133333,78000,0.15
7237,296,3,54,2024-08-24,5,295710,156000,0.2
7238,226,13,13,2025-01-14,4,670509,409000,0.1
7239,419,16,63,2025-01-16,4,639248,338000,0.15
7240,441,9,93,2025-02-14,4,781223,436000,0.15
7241,181,5,62,2025-07-29,4,230470,154000,0.0
7242,72,19,2,2025-10-18,5,457712,313000,0.1
7243,475,6,56,2024-11-24,3,863852,432000,0.1
7244,148,19,10,2024-03-04,4,728704,377000,0.1
7245,271,5,80,2025-05-21,5,341486,186000,0.2
7246,74,15,76,2025-05-14,5,67949,56000,0.2
7247,86,1,47,2024-05-25,3,325148,173000,0.1
7248,355,2,56,2025-01-05,1,863852,432000,0.2
7249,424,18,54,2025-09-01,5,295710,156000,0.05
7250,402,9,60,2025-03-18,2,272251,183000,0.2
7251,72,10,5,2025-05-05,1,501235,278000,0.15
7252,20,8,54,2025-08-21,4,295710,156000,0.05
7253,29,7,21,2024-09-10,1,527487,336000,0.1
7254,421,8,12,2025-08-03,5,200189,128000,0.05
7255,472,4,31,2024-04-21,1,317221,202000,0.0
7256,182,9,66,2025-02-14,3,636541,341000,0.0
7257,268,16,65,2024-12-17,5,173690,128000,0.1
7258,149,12,41,2025-12-14,3,579025,345000,0.05
7259,176,3,20,2024-04-16,5,188439,117000,0.15
7260,235,9,36,2025-09-15,2,236121,173000,0.15
7261,163,3,45,2024-08-04,4,732045,452000,0.2
7262,333,17,58,2024-07-23,5,282366,172000,0.2
7263,179,13,59,2024-12-02,1,468552,288000,0.05
7264,337,7,55,2024-09-10,5,78058,57000,0.15
7265,454,18,70,2025-12-28,5,651468,327000,0.1
7266,335,18,56,2025-04-20,3,863852,432000,0.0
7267,355,4,19,2024-02-17,3,484036,311000,0.15
7268,397,14,77,2024-04-23,5,92902,58000,0.2
7269,157,16,17,2025-09-09,3,195974,134000,0.15
7270,202,18,54,2024-07-19,2,295710,156000,0.2
7271,441,12,37,2025-06-21,2,466547,278000,0.15
7272,98,14,15,2025-04-13,4,564164,320000,0.2
7273,47,1,62,2024-02-19,5,230470,154000,0.2
7274,389,2,17,2025-09-13,4,195974,134000,0.0
7275,443,5,87,2025-11-23,5,866392,494000,0.1
7276,233,6,2,2025-11-07,2,457712,313000,0.2
7277,327,3,13,2025-01-09,2,670509,409000,0.0
7278,375,13,74,2024-12-26,1,481960,308000,0.1
7279,353,6,22,2025-03-03,3,353698,252000,0.1
7280,173,14,20,2025-02-04,1,188439,117000,0.0
7281,109,12,53,2025-09-08,2,269183,146000,0.05
7282,97,5,5,2024-10-21,5,501235,278000,0.05
7283,345,18,50,2024-09-03,2,244295,174000,0.1
7284,28,16,12,2024-08-28,3,200189,128000,0.0
7285,430,10,41,2025-06-23,3,579025,345000,0.2
7286,73,10,9,2024-03-03,3,449456,257000,0.05
7287,26,16,68,2024-12-20,3,380357,285000,0.05
7288,109,8,36,2025-09-06,3,236121,173000,0.0
7289,328,19,24,2025-08-21,5,510411,408000,0.0
7290,136,9,78,2024-05-23,4,201181,104000,0.0
7291,13,20,1,2024-03-29,3,234738,139000,0.05
7292,343,18,2,2024-04-08,4,457712,313000,0.15
7293,354,8,23,2025-12-20,2,435414,346000,0.1
7294,330,8,17,2025-10-06,4,195974,134000,0.15
7295,132,15,63,2024-12-17,4,639248,338000,0.1
7296,228,12,51,2024-05-10,1,525757,280000,0.15
7297,159,18,61,2024-11-24,2,184225,100000,0.1
7298,93,13,14,2024-04-09,3,615107,440000,0.15
7299,457,8,53,2024-12-13,4,269183,146000,0.0
7300,311,9,75,2024-05-10,2,615439,387000,0.2
7301,493,3,23,2024-05-22,4,435414,346000,0.0
7302,453,9,45,2024-07-31,1,732045,452000,0.0
7303,224,6,29,2024-02-21,2,147705,110000,0.2
7304,330,11,61,2025-09-19,5,184225,100000,0.2
7305,243,7,65,2025-04-02,2,173690,128000,0.1
7306,309,20,28,2024-05-14,5,158902,91000,0.0
7307,353,20,6,2024-04-24,2,618850,348000,0.15
7308,307,8,15,2024-12-20,2,564164,320000,0.15
7309,342,3,73,2025-04-18,3,148321,84000,0.1
7310,216,6,37,2024-04-01,2,466547,278000,0.0
7311,370,11,23,2025-10-31,1,435414,346000,0.15
7312,368,9,77,2024-01-04,1,92902,58000,0.0
7313,449,7,33,2024-09-14,2,420924,285000,0.15
7314,108,6,51,2024-09-14,3,525757,280000,0.1
7315,48,9,96,2025-08-25,5,110974,65000,0.15
7316,29,15,19,2025-10-08,2,484036,311000,0.0
7317,204,17,81,2025-03-28,2,402769,257000,0.05
7318,261,2,31,2025-04-17,3,317221,202000,0.05
7319,164,16,81,2025-07-12,5,402769,257000,0.15
7320,97,18,14,2024-08-11,1,615107,440000,0.2
7321,8,2,97,2024-02-10,3,246451,166000,0.05
7322,217,7,76,2025-11-12,1,67949,56000,0.0
7323,375,14,82,2025-06-10,2,354688,203000,0.1
7324,146,13,83,2024-12-04,4,147849,97000,0.15
7325,246,6,48,2024-05-03,5,725534,462000,0.15
7326,15,8,71,2025-10-31,3,899254,479000,0.15
7327,111,8,38,2025-10-15,3,313675,175000,0.15
7328,333,14,24,2024-12-28,3,510411,408000,0.15
7329,152,14,68,2024-12-08,3,380357,285000,0.0
7330,239,11,95,2024-05-03,2,377246,224000,0.1
7331,419,17,64,2024-03-10,2,81699,58000,0.1
7332,292,13,47,2025-02-09,1,325148,173000,0.15
7333,210,11,46,2025-08-16,5,181428,126000,0.1
7334,472,8,53,2025-10-17,1,269183,146000,0.0
7335,79,6,91,2024-11-18,2,128108,89000,0.15
7336,132,5,73,2025-06-12,4,148321,84000,0.1
7337,95,5,12,2024-06-12,1,200189,128000,0.2
7338,181,16,42,2024-12-12,1,387805,204000,0.1
7339,329,5,76,2025-04-09,3,67949,56000,0.05
7340,24,9,30,2025-02-27,4,836817,422000,0.15
7341,158,7,9,2025-03-15,3,449456,257000,0.05
7342,24,18,8,2025-04-28,2,506180,391000,0.2
7343,92,19,10,2024-06-07,2,728704,377000,0.15
7344,318,7,72,2024-01-17,2,531452,441000,0.0
7345,98,20,47,2025-11-18,2,325148,173000,0.1
7346,190,2,20,2025-10-15,2,188439,117000,0.2
7347,460,5,12,2025-02-07,3,200189,128000,0.2
7348,413,14,72,2025-04-16,3,531452,441000,0.0
7349,309,2,87,2024-07-21,5,866392,494000,0.1
7350,338,10,70,2024-08-05,4,651468,327000,0.2
7351,352,20,97,2025-04-13,4,246451,166000,0.15
7352,80,10,4,2025-06-01,1,213367,177000,0.15
7353,194,20,39,2025-02-05,4,275775,169000,0.15
7354,476,1,40,2025-03-17,5,612399,307000,0.05
7355,266,14,88,2024-08-03,5,141570,73000,0.1
7356,272,11,65,2024-01-17,2,173690,128000,0.1
7357,404,14,43,2024-12-08,5,288284,203000,0.05
7358,194,13,22,2024-07-07,5,353698,252000,0.15
7359,168,15,73,2024-05-26,2,148321,84000,0.05
7360,324,10,95,2024-09-07,2,377246,224000,0.15
7361,365,6,92,2025-09-12,4,759219,396000,0.2
7362,91,7,61,2025-04-23,1,184225,100000,0.1
7363,129,14,100,2025-10-15,2,130122,92000,0.1
7364,181,4,54,2024-02-17,4,295710,156000,0.0
7365,280,2,39,2024-03-30,5,275775,169000,0.15
7366,258,18,49,2024-06-21,5,432853,263000,0.15
7367,483,20,50,2025-04-27,5,244295,174000,0.2
7368,458,9,22,2025-09-10,3,353698,252000,0.1
7369,43,17,3,2025-01-03,2,285890,144000,0.2
7370,410,3,55,2025-03-03,5,78058,57000,0.1
7371,436,18,30,2024-02-18,3,836817,422000,0.1
7372,279,8,70,2024-04-13,2,651468,327000,0.05
7373,297,7,70,2025-02-08,1,651468,327000,0.0
7374,35,5,35,2025-08-22,4,801865,464000,0.15
7375,309,8,83,2025-05-20,2,147849,97000,0.15
7376,47,6,81,2024-01-03,5,402769,257000,0.2
7377,111,4,21,2025-01-29,1,527487,336000,0.0
7378,4,5,65,2024-02-01,3,173690,128000,0.05
7379,78,7,31,2025-01-07,5,317221,202000,0.0
7380,327,7,10,2025-02-08,2,728704,377000,0.05
7381,304,18,87,2024-01-05,1,866392,494000,0.1
7382,24,6,23,2025-05-11,1,435414,346000,0.05
7383,469,14,32,2025-09-01,1,484101,322000,0.2
7384,94,20,62,2024-04-25,2,230470,154000,0.0
7385,51,15,45,2024-09-07,5,732045,452000,0.0
7386,358,1,63,2025-08-12,3,639248,338000,0.15
7387,298,3,1,2025-11-02,1,234738,139000,0.0
7388,421,6,60,2024-08-05,4,272251,183000,0.1
7389,132,7,38,2024-09-01,3,313675,175000,0.2
7390,468,3,66,2025-01-16,4,636541,341000,0.0
7391,223,20,41,2024-11-07,3,579025,345000,0.15
7392,30,18,15,2025-10-03,1,564164,320000,0.15
7393,73,18,58,2025-05-09,1,282366,172000,0.05
7394,24,20,24,2024-02-24,1,510411,408000,0.1
7395,478,7,31,2025-07-12,5,317221,202000,0.0
7396,429,7,37,2024-07-02,5,466547,278000,0.0
7397,349,1,22,2025-11-13,1,353698,252000,0.15
7398,110,6,4,2025-12-28,3,213367,177000,0.2
7399,72,12,34,2024-08-27,1,886449,498000,0.2
7400,185,5,24,2024-06-13,4,510411,408000,0.15
7401,113,4,84,2024-03-31,1,133333,78000,0.05
7402,178,10,13,2025-07-31,4,670509,409000,0.15
7403,456,13,22,2024-06-20,5,353698,252000,0.05
7404,206,15,64,2024-03-26,1,81699,58000,0.0
7405,473,15,65,2025-03-19,1,173690,128000,0.0
7406,488,20,95,2024-05-18,5,377246,224000,0.15
7407,171,7,1,2024-04-08,2,234738,139000,0.1
7408,222,15,65,2024-06-22,4,173690,128000,0.1
7409,21,20,30,2024-06-24,1,836817,422000,0.05
7410,352,11,74,2025-05-09,3,481960,308000,0.0
7411,7,12,27,2025-11-20,1,381913,245000,0.1
7412,144,3,26,2025-06-18,1,579595,443000,0.2
7413,166,11,8,2025-04-03,3,506180,391000,0.0
7414,164,6,1,2025-05-28,5,234738,139000,0.1
7415,229,2,71,2025-05-16,3,899254,479000,0.15
7416,224,15,30,2024-09-13,4,836817,422000,0.2
7417,287,8,79,2024-01-08,4,250982,148000,0.0
7418,338,10,4,2024-10-06,4,213367,177000,0.15
7419,165,11,6,2024-08-25,3,618850,348000,0.2
7420,463,6,92,2025-05-24,1,759219,396000,0.0
7421,305,15,57,2025-10-18,2,683509,406000,0.15
7422,290,1,32,2024-07-10,2,484101,322000,0.2
7423,6,12,16,2024-05-13,5,150904,81000,0.05
7424,424,7,14,2024-03-05,1,615107,440000,0.05
7425,436,13,33,2024-07-19,1,420924,285000,0.15
7426,306,2,69,2025-09-24,1,214926,121000,0.0
7427,22,13,47,2024-11-06,1,325148,173000,0.05
7428,241,9,41,2025-11-21,1,579025,345000,0.0
7429,26,13,61,2025-04-16,1,184225,100000,0.0
7430,291,14,35,2025-03-26,5,801865,464000,0.1
7431,323,3,66,2024-07-18,5,636541,341000,0.15
7432,378,20,21,2025-04-03,3,527487,336000,0.0
7433,351,3,4,2025-07-10,3,213367,177000,0.1
7434,296,2,32,2024-05-03,5,484101,322000,0.2
7435,358,14,16,2024-12-09,1,150904,81000,0.1
7436,214,3,64,2025-03-25,4,81699,58000,0.15
7437,290,13,75,2024-10-01,3,615439,387000,0.05
7438,20,19,95,2025-05-10,1,377246,224000,0.0
7439,157,11,20,2025-03-08,1,188439,117000,0.15
7440,67,5,10,2024-02-11,4,728704,377000,0.15
7441,129,12,86,2024-01-05,2,619302,320000,0.2
7442,448,6,30,2025-05-31,3,836817,422000,0.15
7443,442,7,57,2024-11-26,4,683509,406000,0.05
7444,470,12,94,2025-09-24,2,98417,77000,0.0
7445,138,17,82,2025-06-28,5,354688,203000,0.05
7446,185,17,73,2024-08-29,5,148321,84000,0.15
7447,318,20,64,2024-06-24,2,81699,58000,0.15
7448,242,1,25,2025-12-18,2,356587,291000,0.1
7449,125,19,21,2025-09-19,3,527487,336000,0.0
7450,366,20,65,2024-07-19,4,173690,128000,0.15
7451,274,10,68,2024-10-20,3,380357,285000,0.15
7452,300,18,35,2024-09-11,2,801865,464000,0.15
7453,178,5,30,2025-11-24,3,836817,422000,0.15
7454,284,18,91,2024-03-20,2,128108,89000,0.2
7455,404,5,54,2024-06-19,4,295710,156000,0.15
7456,426,8,61,2024-08-19,2,184225,100000,0.1
7457,81,2,40,2025-10-07,1,612399,307000,0.15
7458,126,9,14,2024-07-18,4,615107,440000,0.15
7459,354,5,100,2024-09-25,1,130122,92000,0.0
7460,101,9,12,2025-12-07,3,200189,128000,0.15
7461,109,13,89,2025-03-01,3,273964,141000,0.05
7462,94,7,22,2025-03-05,5,353698,252000,0.2
7463,146,9,25,2024-02-02,3,356587,291000,0.15
7464,379,10,35,2024-04-30,3,801865,464000,0.1
7465,44,3,27,2024-05-30,3,381913,245000,0.1
7466,456,19,14,2024-09-28,4,615107,440000,0.1
7467,245,10,34,2024-12-06,3,886449,498000,0.2
7468,368,10,22,2025-06-28,1,353698,252000,0.2
7469,259,4,23,2024-08-31,3,435414,346000,0.15
7470,57,4,47,2025-10-01,1,325148,173000,0.05
7471,313,6,53,2025-10-19,3,269183,146000,0.15
7472,301,20,33,2024-07-01,4,420924,285000,0.1
7473,226,7,65,2024-09-16,4,173690,128000,0.05
7474,271,16,42,2025-09-25,2,387805,204000,0.2
7475,123,1,48,2025-01-03,5,725534,462000,0.0
7476,134,12,8,2024-05-02,4,506180,391000,0.1
7477,439,9,84,2024-08-13,1,133333,78000,0.2
7478,460,8,62,2025-12-04,5,230470,154000,0.05
7479,88,9,7,2025-07-25,3,571254,384000,0.15
7480,371,17,42,2024-01-27,2,387805,204000,0.0
7481,154,8,12,2025-02-18,2,200189,128000,0.1
7482,349,13,96,2025-10-17,4,110974,65000,0.2
7483,419,3,22,2024-02-18,3,353698,252000,0.05
7484,216,19,35,2025-03-11,4,801865,464000,0.0
7485,415,20,50,2025-01-21,1,244295,174000,0.0
7486,468,10,81,2025-04-01,4,402769,257000,0.05
7487,266,16,78,2024-03-06,1,201181,104000,0.05
7488,5,14,77,2024-12-12,1,92902,58000,0.15
7489,180,19,10,2024-03-26,3,728704,377000,0.15
7490,164,1,2,2024-06-17,1,457712,313000,0.0
7491,23,1,18,2025-03-01,2,542999,398000,0.0
7492,85,18,33,2025-05-07,1,420924,285000,0.05
7493,493,8,80,2025-06-07,5,341486,186000,0.15
7494,31,18,82,2024-06-25,2,354688,203000,0.0
7495,316,18,51,2025-12-19,1,525757,280000,0.1
7496,436,15,38,2024-02-07,2,313675,175000,0.1
7497,310,15,80,2025-09-24,4,341486,186000,0.15
7498,477,2,65,2024-02-03,3,173690,128000,0.05
7499,143,9,83,2024-03-27,1,147849,97000,0.1
7500,329,16,18,2024-01-15,3,542999,398000,0.15
7501,362,18,29,2024-09-09,4,147705,110000,0.05
7502,189,6,55,2025-08-15,1,78058,57000,0.1
7503,444,20,67,2025-12-26,3,327734,181000,0.2
7504,241,14,35,2025-11-06,4,801865,464000,0.1
7505,88,19,28,2025-05-30,4,158902,91000,0.2
7506,256,16,30,2024-11-17,1,836817,422000,0.1
7507,274,7,74,2025-10-18,4,481960,308000,0.2
7508,241,10,50,2024-01-17,4,244295,174000,0.15
7509,301,7,93,2025-01-12,1,781223,436000,0.0
7510,163,1,78,2024-04-15,3,201181,104000,0.2
7511,29,8,99,2025-08-06,3,754227,445000,0.05
7512,272,12,44,2024-05-16,4,533229,334000,0.0
7513,324,13,99,2025-09-25,5,754227,445000,0.15
7514,109,12,55,2025-03-05,1,78058,57000,0.2
7515,465,16,40,2024-01-18,4,612399,307000,0.15
7516,30,3,42,2024-03-30,1,387805,204000,0.05
7517,85,5,65,2025-02-02,3,173690,128000,0.05
7518,270,1,49,2024-04-16,3,432853,263000,0.1
7519,151,2,17,2025-08-19,3,195974,134000,0.1
7520,120,11,65,2025-10-10,3,173690,128000,0.2
7521,81,9,52,2024-12-10,3,107522,76000,0.05
7522,392,19,83,2025-04-09,2,147849,97000,0.15
7523,472,12,43,2025-03-03,1,288284,203000,0.15
7524,249,9,100,2024-08-16,3,130122,92000,0.15
7525,39,6,72,2024-12-04,3,531452,441000,0.05
7526,215,15,22,2024-10-24,3,353698,252000,0.2
7527,252,11,76,2025-11-06,1,67949,56000,0.0
7528,302,6,99,2025-05-06,2,754227,445000,0.05
7529,390,14,80,2025-12-03,3,341486,186000,0.2
7530,204,16,42,2025-10-01,2,387805,204000,0.05
7531,28,5,33,2025-09-23,5,420924,285000,0.2
7532,138,2,8,2024-12-13,2,506180,391000,0.2
7533,135,3,57,2025-07-27,1,683509,406000,0.0
7534,145,5,44,2024-05-11,5,533229,334000,0.0
7535,456,11,54,2025-04-26,5,295710,156000,0.1
7536,363,7,29,2024-03-11,5,147705,110000,0.1
7537,362,8,87,2025-01-19,5,866392,494000,0.15
7538,214,3,43,2024-10-18,2,288284,203000,0.2
7539,12,9,40,2024-06-20,2,612399,307000,0.15
7540,12,13,8,2024-05-24,5,506180,391000,0.1
7541,40,3,32,2025-02-21,2,484101,322000,0.1
7542,254,7,68,2025-06-22,5,380357,285000,0.15
7543,334,13,58,2024-07-02,2,282366,172000,0.2
7544,112,17,45,2025-11-05,5,732045,452000,0.05
7545,489,20,6,2025-12-29,3,618850,348000,0.0
7546,25,8,9,2025-01-28,4,449456,257000,0.0
7547,418,12,26,2025-05-31,2,579595,443000,0.0
7548,333,10,38,2025-06-25,3,313675,175000,0.0
7549,341,6,32,2024-02-25,4,484101,322000,0.15
7550,45,8,87,2024-07-22,1,866392,494000,0.2
7551,375,6,61,2024-02-19,5,184225,100000,0.2
7552,124,14,88,2025-08-17,1,141570,73000,0.0
7553,401,15,63,2025-04-13,4,639248,338000,0.15
7554,392,15,59,2024-12-16,2,468552,288000,0.15
7555,153,11,49,2024-12-22,3,432853,263000,0.1
7556,461,17,80,2024-09-13,1,341486,186000,0.05
7557,129,7,15,2025-12-13,5,564164,320000,0.1
7558,72,13,46,2024-02-21,1,181428,126000,0.0
7559,191,7,80,2024-11-18,2,341486,186000,0.2
7560,375,5,31,2025-09-25,1,317221,202000,0.2
7561,485,3,25,2025-10-30,2,356587,291000,0.05
7562,499,17,27,2024-11-14,3,381913,245000,0.0
7563,12,5,41,2025-04-20,3,579025,345000,0.0
7564,71,14,49,2025-03-18,3,432853,263000,0.0
7565,368,4,2,2024-10-15,4,457712,313000,0.15
7566,418,17,41,2024-11-09,1,579025,345000,0.1
7567,478,14,62,2024-04-19,4,230470,154000,0.05
7568,339,5,37,2024-09-18,5,466547,278000,0.05
7569,28,6,59,2024-09-12,5,468552,288000,0.15
7570,291,11,75,2025-03-23,3,615439,387000,0.0
7571,342,2,62,2024-06-20,2,230470,154000,0.1
7572,318,7,21,2025-06-03,2,527487,336000,0.1
7573,192,18,59,2024-06-13,4,468552,288000,0.0
7574,393,18,24,2025-06-27,5,510411,408000,0.1
7575,456,19,78,2025-11-16,1,201181,104000,0.2
7576,197,11,39,2024-03-25,5,275775,169000,0.1
7577,359,19,80,2025-12-24,5,341486,186000,0.0
7578,151,10,36,2025-11-03,3,236121,173000,0.15
7579,122,19,56,2024-05-27,3,863852,432000,0.1
7580,496,12,1,2024-03-15,1,234738,139000,0.1
7581,193,16,22,2025-06-22,3,353698,252000,0.05
7582,253,1,69,2024-09-18,3,214926,121000,0.1
7583,391,16,9,2025-04-26,5,449456,257000,0.2
7584,458,10,77,2024-05-07,3,92902,58000,0.0
7585,348,8,49,2025-09-22,4,432853,263000,0.0
7586,488,11,55,2025-10-19,4,78058,57000,0.05
7587,15,2,6,2025-12-15,2,618850,348000,0.2
7588,248,2,89,2025-04-17,3,273964,141000,0.0
7589,359,14,82,2024-10-03,4,354688,203000,0.05
7590,51,8,6,2025-02-27,2,618850,348000,0.0
7591,301,20,85,2025-05-14,3,572260,305000,0.0
7592,180,16,17,2024-10-01,1,195974,134000,0.15
7593,148,6,42,2024-12-19,2,387805,204000,0.15
7594,390,18,92,2024-05-08,5,759219,396000,0.05
7595,461,17,97,2025-12-04,4,246451,166000,0.15
7596,27,14,44,2025-11-27,1,533229,334000,0.1
7597,178,12,51,2024-03-12,5,525757,280000,0.2
7598,167,12,96,2025-12-10,4,110974,65000,0.0
7599,213,18,54,2025-03-07,4,295710,156000,0.0
7600,123,14,75,2025-08-02,3,615439,387000,0.0
7601,209,1,96,2024-09-13,2,110974,65000,0.15
7602,62,14,44,2024-11-17,5,533229,334000,0.1
7603,301,11,15,2024-07-31,1,564164,320000,0.05
7604,134,12,54,2024-05-14,2,295710,156000,0.05
7605,203,20,10,2025-01-17,5,728704,377000,0.05
7606,42,5,52,2024-05-11,1,107522,76000,0.2
7607,433,10,83,2025-04-06,4,147849,97000,0.2
7608,284,10,72,2025-05-12,4,531452,441000,0.2
7609,322,20,68,2025-06-03,4,380357,285000,0.2
7610,218,8,53,2025-08-08,2,269183,146000,0.0
7611,322,2,8,2025-05-21,3,506180,391000,0.05
7612,449,6,34,2025-08-07,2,886449,498000,0.15
7613,217,9,24,2024-03-21,3,510411,408000,0.2
7614,69,16,18,2024-05-03,2,542999,398000,0.0
7615,57,16,37,2024-01-11,4,466547,278000,0.2
7616,47,19,50,2025-09-12,2,244295,174000,0.0
7617,350,1,65,2025-04-22,4,173690,128000,0.05
7618,416,13,68,2024-08-19,3,380357,285000,0.1
7619,99,1,1,2024-06-26,4,234738,139000,0.05
7620,241,7,53,2025-03-03,2,269183,146000,0.1
7621,192,13,83,2025-04-10,3,147849,97000,0.15
7622,267,10,80,2025-09-14,3,341486,186000,0.05
7623,430,2,9,2024-01-09,1,449456,257000,0.1
7624,10,7,28,2024-07-27,2,158902,91000,0.15
7625,90,15,97,2025-06-20,2,246451,166000,0.1
7626,66,8,39,2024-11-28,4,275775,169000,0.05
7627,286,17,44,2024-04-28,4,533229,334000,0.0
7628,428,18,89,2024-09-05,2,273964,141000,0.0
7629,259,14,1,2024-12-03,4,234738,139000,0.2
7630,103,3,18,2024-12-08,1,542999,398000,0.2
7631,477,6,91,2025-11-02,1,128108,89000,0.0
7632,408,20,65,2025-05-11,1,173690,128000,0.15
7633,198,13,4,2025-03-10,2,213367,177000,0.15
7634,246,6,30,2024-11-07,4,836817,422000,0.2
7635,213,11,65,2024-06-11,1,173690,128000,0.05
7636,6,7,75,2024-12-10,5,615439,387000,0.1
7637,368,6,26,2024-02-20,4,579595,443000,0.2
7638,427,8,86,2024-02-01,5,619302,320000,0.1
7639,325,7,63,2024-12-19,3,639248,338000,0.05
7640,364,9,86,2024-06-08,1,619302,320000,0.05
7641,230,11,95,2025-12-06,3,377246,224000,0.05
7642,324,11,54,2025-08-19,4,295710,156000,0.0
7643,207,17,7,2025-01-13,2,571254,384000,0.0
7644,405,3,59,2025-04-12,5,468552,288000,0.0
7645,146,20,17,2024-06-04,4,195974,134000,0.1
7646,257,12,38,2024-03-14,5,313675,175000,0.2
7647,260,17,21,2024-08-31,5,527487,336000,0.2
7648,62,9,22,2024-12-01,1,353698,252000,0.0
7649,212,9,76,2025-05-23,4,67949,56000,0.15
7650,372,3,74,2025-02-13,1,481960,308000,0.05
7651,430,12,53,2025-02-27,3,269183,146000,0.15
7652,361,13,18,2024-05-17,5,542999,398000,0.05
7653,138,19,14,2025-11-03,5,615107,440000,0.1
7654,157,18,86,2025-07-30,1,619302,320000,0.05
7655,344,9,34,2024-07-13,5,886449,498000,0.1
7656,427,14,95,2025-05-06,3,377246,224000,0.15
7657,275,14,51,2025-07-09,1,525757,280000,0.05
7658,363,19,44,2024-02-04,3,533229,334000,0.0
7659,369,13,12,2024-12-20,3,200189,128000,0.2
7660,73,7,96,2024-07-11,4,110974,65000,0.2
7661,197,1,73,2024-07-11,3,148321,84000,0.2
7662,79,15,15,2024-03-30,5,564164,320000,0.1
7663,288,11,4,2024-04-18,4,213367,177000,0.15
7664,362,17,86,2024-02-05,2,619302,320000,0.15
7665,70,1,64,2025-03-24,5,81699,58000,0.0
7666,475,7,86,2024-08-16,2,619302,320000,0.0
7667,81,1,71,2024-03-09,5,899254,479000,0.0
7668,203,16,98,2025-03-13,5,252844,145000,0.2
7669,484,1,55,2024-06-16,2,78058,57000,0.15
7670,397,9,26,2024-10-29,4,579595,443000,0.05
7671,216,16,65,2025-01-05,2,173690,128000,0.15
7672,323,1,1,2025-08-16,4,234738,139000,0.0
7673,413,10,45,2025-05-17,4,732045,452000,0.1
7674,245,2,25,2025-05-15,5,356587,291000,0.15
7675,104,20,41,2025-04-06,3,579025,345000,0.15
7676,372,20,32,2024-09-14,1,484101,322000,0.15
7677,218,18,1,2024-10-04,5,234738,139000,0.1
7678,368,2,84,2024-09-03,5,133333,78000,0.15
7679,220,18,97,2025-05-29,3,246451,166000,0.2
7680,109,4,16,2024-12-04,1,150904,81000,0.05
7681,430,14,18,2025-03-08,5,542999,398000,0.05
7682,399,17,17,2025-05-22,3,195974,134000,0.1
7683,265,2,7,2024-12-01,1,571254,384000,0.2
7684,198,4,40,2024-10-27,1,612399,307000,0.0
7685,21,1,41,2024-01-14,5,579025,345000,0.15
7686,231,7,10,2024-02-05,5,728704,377000,0.0
7687,201,15,67,2024-09-20,5,327734,181000,0.1
7688,145,8,98,2025-05-23,2,252844,145000,0.1
7689,326,2,52,2025-08-10,5,107522,76000,0.05
7690,108,4,71,2024-04-17,5,899254,479000,0.1
7691,194,16,74,2025-08-12,5,481960,308000,0.1
7692,56,7,9,2024-05-26,5,449456,257000,0.05
7693,478,18,2,2024-05-08,3,457712,313000,0.1
7694,323,3,82,2025-01-02,3,354688,203000,0.05
7695,22,7,14,2025-11-02,1,615107,440000,0.2
7696,441,1,97,2024-11-03,3,246451,166000,0.2
7697,296,10,74,2025-11-08,3,481960,308000,0.05
7698,230,20,9,2025-08-01,2,449456,257000,0.1
7699,117,5,80,2025-11-30,5,341486,186000,0.0
7700,230,14,32,2025-12-27,5,484101,322000,0.2
7701,324,13,60,2024-02-07,4,272251,183000,0.15
7702,459,3,22,2024-11-23,5,353698,252000,0.2
7703,109,19,26,2025-10-25,3,579595,443000,0.0
7704,274,15,79,2024-08-11,4,250982,148000,0.2
7705,271,4,37,2024-01-22,3,466547,278000,0.05
7706,83,19,66,2024-09-01,2,636541,341000,0.15
7707,420,15,86,2025-12-01,2,619302,320000,0.2
7708,386,13,91,2025-01-29,1,128108,89000,0.05
7709,242,4,32,2024-01-05,5,484101,322000,0.05
7710,283,11,45,2024-03-22,3,732045,452000,0.2
7711,40,16,16,2024-04-17,2,150904,81000,0.05
7712,225,15,66,2024-12-15,4,636541,341000,0.0
7713,304,5,52,2024-03-14,4,107522,76000,0.15
7714,70,2,91,2025-09-13,5,128108,89000,0.2
7715,497,15,30,2025-06-27,1,836817,422000,0.05
7716,184,17,41,2024-02-04,4,579025,345000,0.1
7717,429,1,80,2025-11-26,2,341486,186000,0.05
7718,225,16,27,2025-01-22,4,381913,245000,0.0
7719,447,6,68,2025-08-31,4,380357,285000,0.0
7720,476,6,35,2025-11-09,5,801865,464000,0.15
7721,33,7,49,2025-04-21,3,432853,263000,0.1
7722,245,9,52,2025-02-28,3,107522,76000,0.2
7723,382,10,90,2025-12-12,3,260462,156000,0.0
7724,392,6,41,2024-12-30,2,579025,345000,0.15
7725,348,17,46,2024-10-31,4,181428,126000,0.1
7726,369,14,69,2024-05-22,2,214926,121000,0.1
7727,363,4,84,2024-02-19,5,133333,78000,0.2
7728,420,4,67,2024-04-15,3,327734,181000,0.0
7729,404,8,41,2024-09-12,4,579025,345000,0.15
7730,236,14,70,2024-11-23,3,651468,327000,0.0
7731,333,12,37,2024-02-07,4,466547,278000,0.15
7732,497,20,8,2024-01-10,4,506180,391000,0.2
7733,35,19,70,2024-08-02,2,651468,327000,0.2
7734,360,2,29,2024-11-27,3,147705,110000,0.15
7735,488,14,23,2025-06-05,4,435414,346000,0.1
7736,193,7,7,2024-12-18,2,571254,384000,0.1
7737,296,5,89,2025-07-07,2,273964,141000,0.05
7738,71,9,32,2025-01-03,3,484101,322000,0.2
7739,174,3,99,2024-02-24,3,754227,445000,0.15
7740,481,5,41,2025-06-27,3,579025,345000,0.15
7741,4,7,52,2025-07-10,2,107522,76000,0.2
7742,46,13,22,2025-04-20,3,353698,252000,0.05
7743,367,17,15,2024-06-13,5,564164,320000,0.15
7744,491,9,81,2025-04-18,4,402769,257000,0.2
7745,324,16,62,2024-08-08,4,230470,154000,0.05
7746,334,9,4,2024-12-18,2,213367,177000,0.2
7747,95,14,61,2025-12-12,5,184225,100000,0.15
7748,471,4,68,2024-07-12,1,380357,285000,0.2
7749,488,9,79,2025-08-08,2,250982,148000,0.05
7750,262,1,12,2024-05-22,2,200189,128000,0.05
7751,124,19,98,2024-12-22,4,252844,145000,0.05
7752,141,11,33,2025-01-04,1,420924,285000,0.2
7753,314,6,48,2025-07-06,3,725534,462000,0.0
7754,44,9,41,2024-09-01,5,579025,345000,0.2
7755,178,13,99,2024-08-25,1,754227,445000,0.0
7756,259,5,29,2024-06-11,1,147705,110000,0.05
7757,342,10,56,2024-11-30,4,863852,432000,0.05
7758,297,18,79,2025-04-02,1,250982,148000,0.1
7759,219,17,49,2024-04-12,3,432853,263000,0.15
7760,100,5,75,2024-04-04,4,615439,387000,0.05
7761,214,6,100,2025-06-21,3,130122,92000,0.0
7762,198,10,70,2024-11-17,4,651468,327000,0.2
7763,198,2,81,2025-03-24,2,402769,257000,0.1
7764,108,1,88,2024-06-28,5,141570,73000,0.2
7765,225,6,74,2025-07-11,2,481960,308000,0.1
7766,240,7,67,2025-02-08,5,327734,181000,0.1
7767,104,8,51,2025-02-10,2,525757,280000,0.0
7768,22,4,3,2025-01-31,5,285890,144000,0.1
7769,264,1,61,2024-06-04,2,184225,100000,0.15
7770,312,2,31,2024-11-15,2,317221,202000,0.15
7771,293,3,66,2024-10-15,3,636541,341000,0.15
7772,131,8,81,2024-09-02,1,402769,257000,0.15
7773,32,4,88,2024-04-07,1,141570,73000,0.05
7774,221,6,50,2025-01-19,4,244295,174000,0.05
7775,186,11,97,2024-10-07,2,246451,166000,0.2
7776,274,11,40,2024-01-03,1,612399,307000,0.1
7777,84,19,59,2024-06-04,5,468552,288000,0.15
7778,1,17,46,2025-10-11,1,181428,126000,0.0
7779,19,13,40,2024-03-22,5,612399,307000,0.15
7780,405,2,94,2025-11-06,4,98417,77000,0.0
7781,215,19,24,2024-10-30,4,510411,408000,0.0
7782,314,11,3,2024-09-25,1,285890,144000,0.15
7783,466,13,26,2024-04-18,5,579595,443000,0.2
7784,494,1,18,2024-03-15,3,542999,398000,0.1
7785,279,10,54,2025-07-12,4,295710,156000,0.15
7786,466,3,41,2024-05-31,4,579025,345000,0.05
7787,467,9,56,2024-06-30,3,863852,432000,0.0
7788,100,12,20,2025-08-08,2,188439,117000,0.2
7789,40,3,35,2025-04-16,3,801865,464000,0.0
7790,316,17,83,2024-06-24,1,147849,97000,0.15
7791,339,1,48,2024-09-06,1,725534,462000,0.05
7792,228,4,45,2025-03-20,1,732045,452000,0.15
7793,477,8,33,2024-08-27,5,420924,285000,0.1
7794,392,3,85,2025-05-26,2,572260,305000,0.0
7795,183,9,33,2024-11-20,4,420924,285000,0.2
7796,471,18,95,2025-07-30,1,377246,224000,0.05
7797,92,6,89,2025-08-15,2,273964,141000,0.1
7798,462,18,1,2025-11-18,2,234738,139000,0.2
7799,261,19,10,2024-02-18,3,728704,377000,0.05
7800,433,15,88,2024-04-23,3,141570,73000,0.05
7801,498,6,51,2024-05-03,5,525757,280000,0.0
7802,172,2,54,2024-06-19,5,295710,156000,0.15
7803,365,5,42,2024-08-21,1,387805,204000,0.15
7804,455,20,36,2024-08-25,5,236121,173000,0.0
7805,419,6,38,2024-09-09,2,313675,175000,0.0
7806,129,20,47,2025-05-13,1,325148,173000,0.05
7807,118,17,51,2025-07-28,2,525757,280000,0.05
7808,430,8,37,2025-11-26,3,466547,278000,0.0
7809,108,20,62,2024-09-20,4,230470,154000,0.1
7810,432,18,75,2024-06-07,5,615439,387000,0.1
7811,98,8,97,2024-01-20,3,246451,166000,0.2
7812,131,4,4,2025-10-17,5,213367,177000,0.15
7813,126,5,37,2025-11-02,5,466547,278000,0.15
7814,416,1,76,2024-11-22,1,67949,56000,0.2
7815,262,16,43,2025-11-18,1,288284,203000,0.1
7816,15,11,85,2025-08-21,1,572260,305000,0.1
7817,239,16,16,2024-08-04,5,150904,81000,0.05
7818,27,16,22,2025-09-21,1,353698,252000,0.0
7819,294,8,33,2025-04-26,3,420924,285000,0.1
7820,64,16,73,2025-04-27,1,148321,84000,0.0
7821,364,9,33,2024-07-24,1,420924,285000,0.0
7822,456,17,46,2025-11-26,4,181428,126000,0.2
7823,169,16,89,2025-02-09,3,273964,141000,0.2
7824,400,9,97,2024-10-27,2,246451,166000,0.15
7825,485,1,77,2025-01-21,4,92902,58000,0.15
7826,194,2,57,2025-02-07,2,683509,406000,0.05
7827,54,5,99,2024-09-26,3,754227,445000,0.15
7828,1,7,1,2025-07-10,5,234738,139000,0.0
7829,257,5,56,2024-08-03,5,863852,432000,0.2
7830,484,19,46,2025-11-25,2,181428,126000,0.2
7831,111,19,81,2024-11-09,3,402769,257000,0.0
7832,10,5,32,2025-02-15,3,484101,322000,0.0
7833,499,15,51,2025-05-09,5,525757,280000,0.1
7834,288,10,48,2025-03-04,2,725534,462000,0.15
7835,380,4,72,2025-11-13,1,531452,441000,0.05
7836,268,3,55,2025-04-26,2,78058,57000,0.15
7837,428,18,59,2024-09-24,3,468552,288000,0.05
7838,250,13,9,2024-09-06,2,449456,257000,0.1
7839,118,20,35,2025-06-11,2,801865,464000,0.2
7840,391,12,29,2025-10-01,1,147705,110000,0.05
7841,380,13,31,2024-05-18,5,317221,202000,0.1
7842,97,6,6,2024-12-20,5,618850,348000,0.2
7843,149,1,77,2024-08-30,5,92902,58000,0.15
7844,415,20,12,2025-09-26,1,200189,128000,0.1
7845,140,16,63,2024-12-02,3,639248,338000,0.15
7846,142,19,26,2024-02-07,4,579595,443000,0.15
7847,235,18,79,2025-03-03,1,250982,148000,0.2
7848,422,13,9,2025-01-08,5,449456,257000,0.1
7849,120,20,44,2025-04-06,5,533229,334000,0.15
7850,103,9,50,2025-11-10,1,244295,174000,0.0
7851,466,13,3,2024-07-29,3,285890,144000,0.15
7852,266,1,70,2024-02-22,5,651468,327000,0.0
7853,220,20,38,2024-11-17,1,313675,175000,0.15
7854,243,6,82,2024-02-02,3,354688,203000,0.05
7855,339,15,14,2025-04-12,5,615107,440000,0.2
7856,52,13,9,2025-08-25,4,449456,257000,0.2
7857,119,14,41,2024-07-04,5,579025,345000,0.15
7858,17,9,32,2024-05-01,3,484101,322000,0.0
7859,470,14,69,2025-07-23,3,214926,121000,0.15
7860,168,16,58,2025-01-29,1,282366,172000,0.05
7861,284,5,89,2024-03-09,2,273964,141000,0.2
7862,435,16,99,2024-06-19,5,754227,445000,0.0
7863,435,18,98,2025-10-18,5,252844,145000,0.2
7864,296,19,66,2024-09-21,3,636541,341000,0.05
7865,327,17,9,2024-01-27,5,449456,257000,0.15
7866,287,11,38,2025-11-24,1,313675,175000,0.1
7867,117,2,48,2025-12-31,2,725534,462000,0.15
7868,461,14,91,2025-04-11,3,128108,89000,0.05
7869,189,19,27,2024-11-24,1,381913,245000,0.2
7870,421,4,52,2025-05-19,4,107522,76000,0.0
7871,281,4,56,2024-09-18,5,863852,432000,0.1
7872,31,9,35,2024-01-05,3,801865,464000,0.0
7873,24,5,5,2025-02-24,4,501235,278000,0.1
7874,160,2,31,2025-03-08,1,317221,202000,0.0
7875,300,14,57,2024-06-11,5,683509,406000,0.15
7876,258,11,68,2025-07-29,2,380357,285000,0.05
7877,474,7,96,2025-04-09,3,110974,65000,0.05
7878,365,16,96,2025-08-25,3,110974,65000,0.1
7879,59,20,74,2025-01-18,5,481960,308000,0.05
7880,324,11,62,2025-02-21,2,230470,154000,0.15
7881,462,15,36,2025-06-04,4,236121,173000,0.1
7882,467,2,72,2024-03-09,2,531452,441000,0.15
7883,382,5,90,2025-08-24,3,260462,156000,0.05
7884,355,16,46,2025-03-16,5,181428,126000,0.0
7885,100,13,59,2024-11-27,1,468552,288000,0.2
7886,476,8,1,2024-10-23,1,234738,139000,0.15
7887,494,6,90,2024-03-03,1,260462,156000,0.1
7888,151,4,45,2024-02-17,4,732045,452000,0.0
7889,204,16,26,2025-11-29,1,579595,443000,0.15
7890,398,1,60,2025-05-06,3,272251,183000,0.05
7891,295,15,57,2025-04-03,1,683509,406000,0.05
7892,380,11,14,2024-08-06,4,615107,440000,0.15
7893,357,15,2,2024-07-01,4,457712,313000,0.1
7894,353,10,21,2024-01-25,5,527487,336000,0.2
7895,52,16,27,2025-10-06,5,381913,245000,0.2
7896,70,6,93,2025-02-11,4,781223,436000,0.15
7897,160,8,57,2024-12-22,1,683509,406000,0.05
7898,35,11,10,2025-08-11,4,728704,377000,0.05
7899,454,16,66,2024-10-06,3,636541,341000,0.15
7900,423,10,17,2024-02-25,3,195974,134000,0.15
7901,335,2,50,2024-06-10,4,244295,174000,0.2
7902,11,13,88,2025-09-27,2,141570,73000,0.15
7903,408,12,89,2025-12-28,1,273964,141000,0.1
7904,122,9,5,2024-03-07,2,501235,278000,0.15
7905,48,5,4,2024-08-19,5,213367,177000,0.15
7906,225,14,20,2025-01-28,1,188439,117000,0.15
7907,3,11,52,2025-11-02,3,107522,76000,0.1
7908,322,4,30,2024-06-09,2,836817,422000,0.1
7909,114,11,89,2024-10-11,4,273964,141000,0.2
7910,468,3,29,2025-03-20,2,147705,110000,0.2
7911,284,3,60,2025-01-09,5,272251,183000,0.0
7912,232,8,31,2024-12-06,5,317221,202000,0.0
7913,398,15,24,2025-01-22,1,510411,408000,0.05
7914,183,11,72,2024-10-30,5,531452,441000,0.15
7915,162,4,48,2024-04-22,2,725534,462000,0.15
7916,341,12,4,2024-12-22,4,213367,177000,0.0
7917,319,12,64,2024-06-09,1,81699,58000,0.1
7918,253,9,5,2025-06-28,5,501235,278000,0.15
7919,176,19,38,2024-07-14,1,313675,175000,0.05
7920,336,6,75,2025-03-20,5,615439,387000,0.2
7921,78,13,41,2025-09-03,5,579025,345000,0.15
7922,18,13,32,2024-01-26,3,484101,322000,0.15
7923,178,3,83,2025-11-12,2,147849,97000,0.1
7924,447,15,47,2025-08-24,1,325148,173000,0.15
7925,103,16,89,2025-08-22,3,273964,141000,0.0
7926,112,3,67,2024-12-08,3,327734,181000,0.2
7927,392,9,23,2024-09-30,4,435414,346000,0.05
7928,34,20,43,2025-11-16,5,288284,203000,0.0
7929,102,9,64,2024-04-24,4,81699,58000,0.05
7930,350,13,54,2024-10-10,1,295710,156000,0.15
7931,412,14,10,2025-12-17,3,728704,377000,0.05
7932,416,5,99,2024-06-03,3,754227,445000,0.05
7933,380,17,17,2024-02-10,3,195974,134000,0.15
7934,271,4,13,2024-10-03,1,670509,409000,0.0
7935,316,18,22,2024-03-15,5,353698,252000,0.15
7936,308,9,69,2025-07-22,3,214926,121000,0.0
7937,342,4,32,2025-07-21,4,484101,322000,0.1
7938,250,20,18,2024-04-22,4,542999,398000,0.2
7939,437,1,32,2025-06-17,1,484101,322000,0.0
7940,312,1,42,2025-08-29,5,387805,204000,0.2
7941,62,9,43,2025-07-13,5,288284,203000,0.0
7942,365,1,3,2024-10-16,2,285890,144000,0.05
7943,356,2,44,2024-04-25,1,533229,334000,0.2
7944,491,17,44,2024-12-15,4,533229,334000,0.05
7945,20,6,93,2025-08-27,4,781223,436000,0.2
7946,211,14,14,2024-04-09,2,615107,440000,0.0
7947,456,5,73,2024-01-23,3,148321,84000,0.15
7948,464,14,82,2024-10-24,1,354688,203000,0.05
7949,259,4,58,2024-05-27,4,282366,172000,0.1
7950,443,7,20,2025-06-20,3,188439,117000,0.2
7951,419,9,51,2025-04-13,2,525757,280000,0.0
7952,300,11,80,2024-09-26,5,341486,186000,0.2
7953,3,19,77,2025-02-02,1,92902,58000,0.05
7954,41,9,20,2024-08-17,1,188439,117000,0.05
7955,496,12,96,2025-03-03,4,110974,65000,0.1
7956,182,16,64,2025-02-04,1,81699,58000,0.15
7957,147,19,66,2024-01-24,1,636541,341000,0.05
7958,121,17,80,2024-11-06,3,341486,186000,0.0
7959,52,13,73,2025-10-26,4,148321,84000,0.1
7960,198,5,35,2025-06-25,3,801865,464000,0.0
7961,407,5,93,2024-07-13,5,781223,436000,0.1
7962,242,5,99,2024-01-24,2,754227,445000,0.05
7963,131,4,35,2025-01-29,5,801865,464000,0.15
7964,343,19,24,2024-08-10,4,510411,408000,0.0
7965,165,18,47,2024-09-14,3,325148,173000,0.15
7966,353,11,51,2024-01-14,1,525757,280000,0.2
7967,160,2,65,2024-09-08,2,173690,128000,0.2
7968,325,9,67,2024-10-04,2,327734,181000,0.1
7969,181,19,19,2025-06-27,4,484036,311000,0.2
7970,89,1,70,2025-08-26,5,651468,327000,0.0
7971,196,20,56,2025-01-16,5,863852,432000,0.15
7972,469,20,26,2025-11-11,2,579595,443000,0.1
7973,353,6,54,2025-03-22,2,295710,156000,0.15
7974,121,3,18,2025-07-05,2,542999,398000,0.15
7975,464,9,23,2024-08-24,4,435414,346000,0.1
7976,379,20,16,2025-09-19,5,150904,81000,0.05
7977,241,18,91,2025-10-12,3,128108,89000,0.1
7978,458,17,96,2024-05-17,1,110974,65000,0.05
7979,42,1,3,2025-05-24,1,285890,144000,0.15
7980,186,1,54,2024-10-30,2,295710,156000,0.2
7981,137,15,18,2024-10-20,4,542999,398000,0.2
7982,49,10,29,2024-10-11,3,147705,110000,0.05
7983,16,7,90,2024-03-15,2,260462,156000,0.2
7984,221,14,24,2025-06-25,2,510411,408000,0.0
7985,217,16,60,2025-03-10,5,272251,183000,0.0
7986,331,5,96,2025-05-08,3,110974,65000,0.15
7987,339,2,97,2024-03-22,1,246451,166000,0.0
7988,261,9,38,2024-08-23,1,313675,175000,0.2
7989,202,1,32,2024-06-26,4,484101,322000,0.2
7990,365,16,11,2025-04-25,5,501111,364000,0.15
7991,444,10,80,2024-07-11,3,341486,186000,0.05
7992,303,8,19,2024-08-04,2,484036,311000,0.1
7993,66,12,79,2024-09-27,2,250982,148000,0.05
7994,395,6,98,2025-04-06,4,252844,145000,0.15
7995,229,11,59,2025-01-05,4,468552,288000,0.1
7996,412,17,7,2025-11-05,2,571254,384000,0.0
7997,52,10,68,2024-04-05,3,380357,285000,0.05
7998,117,13,68,2024-02-05,3,380357,285000,0.15
7999,424,13,25,2025-08-19,5,356587,291000,0.05
8000,427,17,92,2025-07-09,5,759219,396000,0.15
8001,147,15,39,2025-11-14,2,275775,169000,0.0
8002,189,17,43,2024-09-09,5,288284,203000,0.2
8003,29,13,77,2025-05-01,3,92902,58000,0.15
8004,270,11,74,2024-06-30,2,481960,308000,0.2
8005,499,11,31,2024-06-02,2,317221,202000,0.0
8006,365,16,40,2025-03-05,4,612399,307000,0.0
8007,331,15,76,2025-03-31,3,67949,56000,0.15
8008,265,14,68,2025-08-06,1,380357,285000,0.2
8009,446,19,28,2024-08-18,4,158902,91000,0.0
8010,168,19,42,2025-10-14,5,387805,204000,0.1
8011,287,11,18,2025-12-30,1,542999,398000,0.0
8012,488,11,96,2024-08-23,4,110974,65000,0.05
8013,144,15,81,2025-09-25,1,402769,257000,0.0
8014,217,5,28,2025-08-07,4,158902,91000,0.15
8015,195,12,52,2025-08-20,2,107522,76000,0.2
8016,348,15,38,2025-05-20,5,313675,175000,0.2
8017,322,5,73,2025-07-21,1,148321,84000,0.15
8018,368,4,18,2025-07-17,1,542999,398000,0.0
8019,92,17,3,2024-09-18,1,285890,144000,0.0
8020,203,6,53,2024-02-29,4,269183,146000,0.2
8021,166,19,41,2025-05-15,1,579025,345000,0.1
8022,393,2,44,2025-08-19,1,533229,334000,0.1
8023,324,1,73,2024-04-10,4,148321,84000,0.15
8024,366,9,85,2024-01-02,5,572260,305000,0.0
8025,248,6,81,2025-12-12,3,402769,257000,0.2
8026,440,10,35,2025-05-10,2,801865,464000,0.05
8027,179,5,93,2025-03-09,5,781223,436000,0.15
8028,437,2,80,2024-07-22,3,341486,186000,0.2
8029,301,15,45,2024-05-07,1,732045,452000,0.15
8030,335,7,20,2024-07-03,3,188439,117000,0.0
8031,119,14,33,2024-12-01,2,420924,285000,0.05
8032,248,16,60,2025-11-27,3,272251,183000,0.15
8033,199,11,57,2024-05-13,2,683509,406000,0.1
8034,106,3,69,2024-02-19,4,214926,121000,0.1
8035,307,3,2,2025-03-24,3,457712,313000,0.2
8036,39,6,33,2025-05-03,1,420924,285000,0.15
8037,482,19,66,2024-03-28,1,636541,341000,0.15
8038,202,13,77,2024-09-27,1,92902,58000,0.15
8039,427,9,91,2025-05-24,4,128108,89000,0.2
8040,62,6,61,2025-04-15,2,184225,100000,0.0
8041,217,17,38,2025-02-03,2,313675,175000,0.1
8042,79,12,85,2024-08-11,2,572260,305000,0.0
8043,191,5,97,2025-08-09,2,246451,166000,0.15
8044,373,13,47,2025-04-01,3,325148,173000,0.2
8045,243,18,63,2024-01-11,2,639248,338000,0.1
8046,256,6,98,2025-11-08,1,252844,145000,0.0
8047,416,15,67,2024-10-31,2,327734,181000,0.2
8048,495,3,50,2025-11-25,3,244295,174000,0.15
8049,313,20,24,2024-09-23,4,510411,408000,0.0
8050,395,19,27,2024-04-19,4,381913,245000,0.05
8051,202,10,51,2024-12-07,2,525757,280000,0.15
8052,299,11,33,2024-02-09,2,420924,285000,0.2
8053,456,13,9,2025-02-06,5,449456,257000,0.1
8054,202,7,28,2025-10-29,1,158902,91000,0.0
8055,184,3,50,2024-02-25,2,244295,174000,0.0
8056,262,15,50,2025-04-01,3,244295,174000,0.0
8057,56,3,95,2025-05-28,1,377246,224000,0.1
8058,374,16,27,2025-12-05,3,381913,245000,0.05
8059,187,6,96,2025-03-01,2,110974,65000,0.2
8060,298,18,62,2024-11-20,2,230470,154000,0.2
8061,357,2,51,2025-04-25,4,525757,280000,0.15
8062,304,19,43,2025-06-13,3,288284,203000,0.1
8063,94,19,92,2024-04-01,1,759219,396000,0.15
8064,477,4,78,2025-09-07,4,201181,104000,0.2
8065,499,16,42,2024-07-06,3,387805,204000,0.2
8066,127,7,2,2025-08-10,1,457712,313000,0.05
8067,201,17,100,2024-05-11,1,130122,92000,0.05
8068,216,1,74,2024-09-25,2,481960,308000,0.15
8069,389,18,21,2025-03-20,1,527487,336000,0.05
8070,256,16,69,2025-01-03,3,214926,121000,0.0
8071,270,9,11,2024-03-10,2,501111,364000,0.2
8072,181,14,23,2025-08-27,3,435414,346000,0.0
8073,342,12,97,2025-03-22,1,246451,166000,0.15
8074,80,8,44,2024-06-09,5,533229,334000,0.2
8075,354,18,89,2024-05-12,3,273964,141000,0.1
8076,14,14,42,2025-11-15,5,387805,204000,0.15
8077,281,6,25,2024-05-31,1,356587,291000,0.05
8078,487,5,78,2024-12-31,2,201181,104000,0.05
8079,255,4,70,2025-09-19,4,651468,327000,0.2
8080,333,14,48,2025-09-04,2,725534,462000,0.1
8081,270,10,39,2025-02-24,4,275775,169000,0.05
8082,142,12,95,2025-02-26,4,377246,224000,0.1
8083,78,17,42,2025-12-01,1,387805,204000,0.15
8084,282,12,32,2024-05-05,1,484101,322000,0.0
8085,26,18,93,2025-07-13,1,781223,436000,0.2
8086,420,12,62,2024-11-13,3,230470,154000,0.15
8087,57,1,97,2025-07-09,1,246451,166000,0.1
8088,1,18,41,2024-04-21,5,579025,345000,0.0
8089,305,16,83,2025-05-13,5,147849,97000,0.15
8090,41,19,34,2025-03-21,3,886449,498000,0.15
8091,489,14,28,2025-07-15,4,158902,91000,0.2
8092,152,13,49,2025-10-11,2,432853,263000,0.15
8093,120,10,98,2024-08-12,3,252844,145000,0.05
8094,210,8,57,2025-08-10,4,683509,406000,0.1
8095,80,14,26,2024-05-31,4,579595,443000,0.2
8096,474,3,22,2025-09-22,5,353698,252000,0.0
8097,249,10,45,2024-08-11,1,732045,452000,0.05
8098,148,11,27,2024-09-07,5,381913,245000,0.15
8099,308,10,7,2024-04-28,3,571254,384000,0.05
8100,243,5,2,2024-09-15,3,457712,313000,0.0
8101,245,19,97,2025-10-01,4,246451,166000,0.0
8102,139,12,55,2024-03-18,2,78058,57000,0.2
8103,500,14,76,2024-08-29,4,67949,56000,0.15
8104,385,11,49,2025-06-29,1,432853,263000,0.2
8105,48,15,75,2025-07-24,1,615439,387000,0.2
8106,200,14,97,2024-08-25,3,246451,166000,0.15
8107,331,17,47,2025-03-27,2,325148,173000,0.2
8108,413,10,68,2025-04-06,3,380357,285000,0.2
8109,447,12,65,2025-11-01,5,173690,128000,0.1
8110,410,20,58,2024-04-25,1,282366,172000,0.05
8111,491,20,69,2024-09-27,3,214926,121000,0.1
8112,433,19,50,2024-09-05,1,244295,174000,0.15
8113,129,16,41,2025-05-05,2,579025,345000,0.1
8114,225,6,62,2024-08-30,4,230470,154000,0.1
8115,141,17,11,2025-06-03,2,501111,364000,0.05
8116,463,3,59,2025-01-27,4,468552,288000,0.1
8117,427,17,80,2025-07-30,1,341486,186000,0.2
8118,304,18,61,2025-05-19,3,184225,100000,0.1
8119,21,1,29,2025-08-31,2,147705,110000,0.05
8120,164,10,8,2024-01-13,3,506180,391000,0.2
8121,195,11,45,2024-08-23,1,732045,452000,0.15
8122,166,19,71,2024-02-03,3,899254,479000,0.1
8123,156,6,9,2024-10-10,5,449456,257000,0.05
8124,379,16,38,2025-11-04,4,313675,175000,0.05
8125,120,8,14,2025-09-16,2,615107,440000,0.05
8126,104,12,8,2024-08-30,4,506180,391000,0.1
8127,161,19,25,2025-04-28,3,356587,291000,0.2
8128,203,6,86,2025-08-07,5,619302,320000,0.0
8129,207,1,65,2025-08-31,2,173690,128000,0.0
8130,392,11,68,2025-05-15,4,380357,285000,0.2
8131,441,18,82,2025-10-29,4,354688,203000,0.2
8132,437,14,19,2025-04-21,4,484036,311000,0.05
8133,234,8,32,2025-04-25,1,484101,322000,0.2
8134,433,13,75,2025-03-23,5,615439,387000,0.05
8135,337,19,53,2025-05-26,1,269183,146000,0.2
8136,500,1,64,2024-12-09,5,81699,58000,0.1
8137,187,2,97,2024-10-11,1,246451,166000,0.1
8138,81,20,57,2025-02-13,2,683509,406000,0.2
8139,476,15,94,2024-01-18,1,98417,77000,0.0
8140,487,5,79,2025-12-07,2,250982,148000,0.05
8141,265,6,52,2025-04-04,3,107522,76000,0.05
8142,9,11,45,2024-08-31,3,732045,452000,0.15
8143,218,16,80,2024-12-25,3,341486,186000,0.0
8144,164,7,16,2025-03-28,1,150904,81000,0.15
8145,143,11,75,2024-06-17,5,615439,387000,0.15
8146,236,2,71,2025-07-20,1,899254,479000,0.2
8147,254,11,65,2024-01-08,5,173690,128000,0.1
8148,282,1,92,2025-12-08,3,759219,396000,0.05
8149,317,16,47,2024-12-12,2,325148,173000,0.15
8150,446,20,19,2024-08-10,4,484036,311000,0.2
8151,499,1,48,2025-12-15,1,725534,462000,0.15
8152,210,20,45,2024-02-16,1,732045,452000,0.05
8153,400,5,54,2024-03-07,4,295710,156000,0.05
8154,281,8,69,2025-02-01,1,214926,121000,0.1
8155,248,17,71,2024-07-06,4,899254,479000,0.0
8156,450,18,43,2025-08-05,2,288284,203000,0.15
8157,492,19,99,2024-10-22,2,754227,445000,0.0
8158,243,4,22,2024-08-16,3,353698,252000,0.0
8159,353,7,62,2025-03-12,2,230470,154000,0.0
8160,272,7,73,2025-01-15,1,148321,84000,0.2
8161,350,17,5,2024-09-24,4,501235,278000,0.2
8162,217,15,27,2024-05-06,4,381913,245000,0.2
8163,218,11,21,2025-02-08,2,527487,336000,0.2
8164,244,16,86,2025-02-12,4,619302,320000,0.0
8165,230,8,48,2024-12-30,3,725534,462000,0.2
8166,416,1,95,2024-04-12,3,377246,224000,0.1
8167,67,12,41,2025-11-05,4,579025,345000,0.15
8168,169,18,2,2024-07-02,3,457712,313000,0.0
8169,34,1,84,2025-07-15,5,133333,78000,0.2
8170,271,15,81,2024-11-29,5,402769,257000,0.1
8171,258,10,20,2025-05-11,2,188439,117000,0.1
8172,77,2,97,2025-10-06,3,246451,166000,0.15
8173,482,4,68,2024-10-22,1,380357,285000,0.05
8174,31,15,3,2025-01-13,3,285890,144000,0.0
8175,60,13,95,2024-09-07,3,377246,224000,0.2
8176,61,14,49,2025-11-18,1,432853,263000,0.2
8177,326,12,99,2024-12-17,1,754227,445000,0.0
8178,119,10,81,2024-04-01,4,402769,257000,0.15
8179,336,12,3,2025-11-10,3,285890,144000,0.15
8180,172,18,6,2024-11-15,1,618850,348000,0.0
8181,71,5,39,2025-08-24,1,275775,169000,0.2
8182,448,19,81,2025-02-19,4,402769,257000,0.0
8183,311,10,80,2024-11-13,1,341486,186000,0.15
8184,333,12,80,2025-03-23,2,341486,186000,0.1
8185,116,13,95,2025-11-25,5,377246,224000,0.0
8186,150,16,28,2025-02-17,5,158902,91000,0.05
8187,167,17,18,2025-01-06,2,542999,398000,0.1
8188,269,8,96,2024-02-09,1,110974,65000,0.15
8189,447,6,31,2024-10-30,3,317221,202000,0.0
8190,425,14,34,2025-10-07,3,886449,498000,0.2
8191,395,2,52,2024-02-06,2,107522,76000,0.2
8192,109,19,94,2024-12-31,1,98417,77000,0.1
8193,360,18,91,2024-10-06,5,128108,89000,0.0
8194,324,6,98,2025-05-22,5,252844,145000,0.15
8195,352,19,41,2024-01-11,1,579025,345000,0.1
8196,290,19,49,2024-02-22,1,432853,263000,0.15
8197,255,1,65,2024-03-16,4,173690,128000,0.05
8198,497,14,76,2025-02-11,5,67949,56000,0.0
8199,458,1,69,2024-08-16,5,214926,121000,0.0
8200,309,4,30,2025-01-23,5,836817,422000,0.1
8201,187,2,87,2024-04-08,2,866392,494000,0.2
8202,134,14,13,2024-11-29,4,670509,409000,0.1
8203,119,4,50,2025-03-25,2,244295,174000,0.1
8204,56,5,20,2025-03-07,3,188439,117000,0.05
8205,232,13,57,2025-05-27,4,683509,406000,0.2
8206,476,16,23,2024-12-29,2,435414,346000,0.2
8207,144,12,96,2025-05-15,5,110974,65000,0.1
8208,289,17,5,2025-10-08,5,501235,278000,0.0
8209,463,8,79,2025-04-22,4,250982,148000,0.0
8210,397,16,84,2024-12-10,2,133333,78000,0.0
8211,89,13,13,2024-10-11,4,670509,409000,0.0
8212,45,14,11,2025-04-03,3,501111,364000,0.1
8213,393,4,43,2024-09-25,1,288284,203000,0.1
8214,146,12,48,2024-09-24,2,725534,462000,0.15
8215,463,14,88,2025-09-05,5,141570,73000,0.05
8216,132,3,95,2025-01-12,5,377246,224000,0.1
8217,478,15,85,2024-08-12,5,572260,305000,0.0
8218,260,16,72,2025-09-01,1,531452,441000,0.1
8219,97,18,55,2025-09-09,2,78058,57000,0.0
8220,201,11,25,2025-08-31,4,356587,291000,0.05
8221,419,16,95,2024-06-26,2,377246,224000,0.1
8222,411,16,86,2025-12-22,4,619302,320000,0.0
8223,134,9,37,2025-03-23,1,466547,278000,0.1
8224,64,7,1,2025-12-11,2,234738,139000,0.15
8225,167,12,46,2024-06-07,2,181428,126000,0.1
8226,102,5,44,2025-07-24,4,533229,334000,0.0
8227,274,9,56,2024-07-31,2,863852,432000,0.0
8228,432,1,16,2024-03-15,3,150904,81000,0.1
8229,446,12,74,2024-05-15,3,481960,308000,0.1
8230,4,12,99,2024-12-13,2,754227,445000,0.15
8231,32,17,52,2025-10-15,5,107522,76000,0.2
8232,7,15,36,2025-12-14,5,236121,173000,0.05
8233,201,7,21,2024-06-03,4,527487,336000,0.0
8234,340,6,27,2025-12-09,3,381913,245000,0.0
8235,272,4,85,2025-05-15,5,572260,305000,0.05
8236,241,6,94,2025-02-20,2,98417,77000,0.05
8237,450,14,58,2024-06-07,2,282366,172000,0.05
8238,225,10,17,2025-03-15,4,195974,134000,0.15
8239,407,17,56,2025-06-02,5,863852,432000,0.1
8240,276,15,16,2025-01-29,5,150904,81000,0.1
8241,352,5,82,2025-08-20,4,354688,203000,0.1
8242,313,7,74,2025-09-13,3,481960,308000,0.1
8243,178,16,10,2025-05-15,2,728704,377000,0.15
8244,134,20,21,2025-05-31,4,527487,336000,0.15
8245,333,14,1,2025-02-18,3,234738,139000,0.05
8246,17,7,57,2024-07-10,5,683509,406000,0.05
8247,365,7,10,2025-12-31,4,728704,377000,0.0
8248,8,11,14,2025-09-03,4,615107,440000,0.15
8249,284,18,32,2024-07-31,3,484101,322000,0.0
8250,335,11,29,2024-04-14,2,147705,110000,0.05
8251,54,13,86,2024-01-17,1,619302,320000,0.2
8252,81,8,52,2024-01-12,3,107522,76000,0.2
8253,445,4,55,2024-02-29,2,78058,57000,0.2
8254,429,20,77,2025-06-25,2,92902,58000,0.2
8255,57,12,83,2024-03-14,3,147849,97000,0.05
8256,279,4,36,2025-05-10,2,236121,173000,0.2
8257,415,3,47,2024-09-23,4,325148,173000,0.05
8258,345,13,41,2024-01-23,5,579025,345000,0.0
8259,216,6,100,2025-05-27,4,130122,92000,0.0
8260,149,13,31,2024-03-02,4,317221,202000,0.1
8261,90,5,5,2025-10-30,2,501235,278000,0.15
8262,310,5,40,2025-10-16,4,612399,307000,0.2
8263,401,18,19,2025-10-15,3,484036,311000,0.0
8264,51,8,90,2025-10-18,2,260462,156000,0.15
8265,34,2,44,2024-05-08,1,533229,334000,0.15
8266,166,16,68,2024-03-20,3,380357,285000,0.0
8267,10,13,79,2025-10-29,5,250982,148000,0.15
8268,20,19,18,2024-03-06,5,542999,398000,0.2
8269,445,14,79,2024-07-07,4,250982,148000,0.1
8270,26,18,68,2025-01-18,4,380357,285000,0.15
8271,391,13,28,2024-04-05,4,158902,91000,0.2
8272,22,15,72,2024-10-24,2,531452,441000,0.0
8273,270,15,29,2024-02-25,4,147705,110000,0.05
8274,10,7,11,2025-08-15,3,501111,364000,0.05
8275,14,2,80,2024-06-07,1,341486,186000,0.2
8276,408,2,44,2025-02-11,4,533229,334000,0.05
8277,480,10,62,2025-10-29,1,230470,154000,0.05
8278,458,15,64,2024-11-30,3,81699,58000,0.2
8279,316,6,80,2025-06-26,5,341486,186000,0.2
8280,117,18,9,2025-04-17,2,449456,257000,0.05
8281,306,7,16,2024-06-05,3,150904,81000,0.05
8282,344,6,23,2025-04-09,2,435414,346000,0.2
8283,58,10,99,2024-02-08,3,754227,445000,0.1
8284,487,10,76,2025-12-01,2,67949,56000,0.2
8285,329,3,63,2024-08-28,3,639248,338000,0.1
8286,185,20,65,2024-11-14,5,173690,128000,0.15
8287,30,16,35,2024-02-23,4,801865,464000,0.2
8288,386,14,81,2024-10-03,5,402769,257000,0.05
8289,428,17,28,2025-09-05,4,158902,91000,0.15
8290,327,12,31,2025-01-03,4,317221,202000,0.1
8291,279,8,83,2024-12-10,1,147849,97000,0.1
8292,7,16,70,2024-02-09,4,651468,327000,0.1
8293,298,2,96,2025-09-23,4,110974,65000,0.0
8294,405,5,94,2025-03-30,2,98417,77000,0.0
8295,301,17,13,2025-01-06,1,670509,409000,0.05
8296,122,4,1,2024-08-02,3,234738,139000,0.05
8297,216,9,97,2025-08-17,3,246451,166000,0.15
8298,160,13,3,2024-03-26,1,285890,144000,0.0
8299,103,7,4,2025-11-24,1,213367,177000,0.2
8300,86,6,42,2025-03-21,2,387805,204000,0.0
8301,40,13,50,2024-07-31,1,244295,174000,0.2
8302,205,8,96,2025-01-30,3,110974,65000,0.05
8303,150,2,30,2024-04-06,1,836817,422000,0.15
8304,4,3,71,2024-04-17,2,899254,479000,0.05
8305,309,19,61,2024-05-03,1,184225,100000,0.15
8306,24,11,38,2024-09-13,3,313675,175000,0.15
8307,327,19,98,2025-11-12,1,252844,145000,0.2
8308,307,1,47,2024-03-16,1,325148,173000,0.2
8309,409,8,1,2025-03-27,3,234738,139000,0.15
8310,116,12,82,2025-03-03,3,354688,203000,0.05
8311,410,14,77,2025-04-28,3,92902,58000,0.0
8312,57,8,31,2024-09-27,3,317221,202000,0.05
8313,96,17,84,2025-12-22,1,133333,78000,0.05
8314,28,13,97,2024-04-10,4,246451,166000,0.15
8315,87,10,54,2024-01-23,3,295710,156000,0.15
8316,453,15,75,2025-01-10,2,615439,387000,0.05
8317,341,10,57,2024-03-24,4,683509,406000,0.1
8318,44,16,75,2025-04-27,1,615439,387000,0.1
8319,366,16,44,2024-05-11,2,533229,334000,0.05
8320,356,12,88,2025-05-20,5,141570,73000,0.2
8321,270,15,21,2024-11-19,4,527487,336000,0.0
8322,414,4,67,2025-09-01,5,327734,181000,0.2
8323,245,4,52,2024-04-11,5,107522,76000,0.05
8324,133,6,41,2024-03-09,1,579025,345000,0.0
8325,150,17,93,2024-06-09,3,781223,436000,0.0
8326,226,7,40,2025-03-02,3,612399,307000,0.1
8327,473,16,10,2024-03-17,2,728704,377000,0.15
8328,457,1,92,2025-08-10,3,759219,396000,0.0
8329,165,10,88,2025-09-03,4,141570,73000,0.15
8330,244,1,41,2024-12-26,1,579025,345000,0.2
8331,333,3,25,2024-05-05,3,356587,291000,0.0
8332,15,13,64,2025-04-17,4,81699,58000,0.0
8333,54,5,14,2024-04-26,2,615107,440000,0.0
8334,439,3,58,2024-08-14,2,282366,172000,0.2
8335,84,1,86,2025-04-10,5,619302,320000,0.0
8336,195,12,32,2025-08-24,3,484101,322000,0.15
8337,33,19,55,2024-02-01,3,78058,57000,0.0
8338,400,13,9,2024-05-12,3,449456,257000,0.1
8339,420,5,93,2025-07-20,1,781223,436000,0.15
8340,446,9,38,2025-03-07,1,313675,175000,0.0
8341,492,3,27,2024-11-06,3,381913,245000,0.05
8342,450,10,16,2024-11-20,3,150904,81000,0.15
8343,141,17,85,2024-05-27,4,572260,305000,0.15
8344,330,14,19,2024-03-04,2,484036,311000,0.05
8345,217,17,38,2024-03-22,2,313675,175000,0.0
8346,266,20,34,2024-08-17,4,886449,498000,0.0
8347,77,8,45,2025-09-20,1,732045,452000,0.1
8348,76,3,36,2024-11-22,4,236121,173000,0.15
8349,132,11,97,2025-03-10,4,246451,166000,0.1
8350,386,9,25,2025-03-19,2,356587,291000,0.0
8351,18,11,75,2025-03-16,3,615439,387000,0.0
8352,354,7,83,2024-04-08,3,147849,97000,0.0
8353,346,10,61,2025-10-19,1,184225,100000,0.05
8354,54,1,83,2025-10-09,4,147849,97000,0.05
8355,24,16,64,2025-12-01,5,81699,58000,0.2
8356,384,11,69,2025-12-01,4,214926,121000,0.2
8357,286,17,58,2024-04-24,4,282366,172000,0.0
8358,357,11,30,2024-04-19,1,836817,422000,0.1
8359,157,16,82,2025-05-15,3,354688,203000,0.1
8360,115,12,31,2025-12-19,2,317221,202000,0.1
8361,222,20,84,2024-09-11,5,133333,78000,0.15
8362,219,17,62,2025-11-11,1,230470,154000,0.0
8363,429,8,99,2025-01-06,3,754227,445000,0.05
8364,131,1,10,2024-02-19,4,728704,377000,0.1
8365,43,4,73,2024-01-19,2,148321,84000,0.15
8366,286,19,67,2025-02-11,3,327734,181000,0.2
8367,10,20,90,2025-10-21,4,260462,156000,0.1
8368,168,12,46,2024-01-22,2,181428,126000,0.2
8369,472,19,5,2025-05-09,5,501235,278000,0.1
8370,137,15,20,2025-06-27,5,188439,117000,0.0
8371,259,2,94,2025-02-11,2,98417,77000,0.15
8372,326,6,51,2025-09-12,2,525757,280000,0.2
8373,49,3,37,2025-10-12,1,466547,278000,0.15
8374,416,13,77,2024-02-06,3,92902,58000,0.1
8375,457,20,23,2025-10-23,4,435414,346000,0.2
8376,28,13,4,2025-11-02,5,213367,177000,0.2
8377,77,4,65,2024-05-05,2,173690,128000,0.0
8378,72,18,59,2025-09-09,5,468552,288000,0.1
8379,490,3,20,2024-09-04,2,188439,117000,0.05
8380,256,5,24,2025-05-12,3,510411,408000,0.15
8381,436,12,45,2025-06-15,1,732045,452000,0.05
8382,90,15,97,2025-03-10,4,246451,166000,0.0
8383,98,9,90,2024-04-04,1,260462,156000,0.1
8384,74,7,23,2024-07-12,4,435414,346000,0.15
8385,251,9,41,2025-12-17,4,579025,345000,0.05
8386,7,20,24,2024-06-03,1,510411,408000,0.1
8387,305,8,33,2025-03-25,2,420924,285000,0.0
8388,333,17,62,2025-01-13,3,230470,154000,0.0
8389,316,10,59,2025-12-26,1,468552,288000,0.2
8390,169,19,19,2025-11-09,3,484036,311000,0.0
8391,414,1,18,2025-10-18,3,542999,398000,0.05
8392,353,18,99,2025-01-02,5,754227,445000,0.1
8393,311,8,63,2025-12-24,4,639248,338000,0.2
8394,108,15,51,2025-05-15,3,525757,280000,0.05
8395,114,17,75,2024-06-01,3,615439,387000,0.15
8396,402,3,93,2025-11-28,1,781223,436000,0.15
8397,123,11,17,2024-03-28,5,195974,134000,0.05
8398,336,7,14,2024-09-02,1,615107,440000,0.0
8399,169,7,7,2025-05-01,1,571254,384000,0.0
8400,208,19,48,2024-09-23,1,725534,462000,0.05
8401,375,4,36,2025-12-29,5,236121,173000,0.1
8402,93,8,22,2024-05-09,2,353698,252000,0.05
8403,403,8,22,2025-05-10,1,353698,252000,0.2
8404,482,19,68,2024-03-01,3,380357,285000,0.15
8405,128,16,39,2024-04-17,2,275775,169000,0.2
8406,450,15,2,2025-07-29,5,457712,313000,0.1
8407,87,4,67,2025-09-24,2,327734,181000,0.15
8408,96,5,29,2025-07-21,1,147705,110000,0.15
8409,317,20,49,2024-01-07,1,432853,263000,0.2
8410,55,20,27,2025-01-16,4,381913,245000,0.0
8411,155,9,30,2025-07-10,1,836817,422000,0.15
8412,403,8,92,2025-07-26,5,759219,396000,0.2
8413,327,9,70,2025-03-30,1,651468,327000,0.05
8414,64,4,84,2025-07-10,4,133333,78000,0.05
8415,344,9,29,2024-03-03,2,147705,110000,0.15
8416,157,12,74,2024-06-22,3,481960,308000,0.15
8417,439,16,41,2025-03-26,3,579025,345000,0.0
8418,471,12,2,2024-08-26,1,457712,313000,0.1
8419,438,7,42,2024-05-13,5,387805,204000,0.2
8420,64,17,34,2025-11-14,5,886449,498000,0.0
8421,334,8,4,2025-08-01,5,213367,177000,0.05
8422,374,18,67,2024-05-19,3,327734,181000,0.0
8423,500,18,36,2025-08-28,4,236121,173000,0.15
8424,249,12,98,2025-06-11,2,252844,145000,0.1
8425,219,10,29,2025-01-15,4,147705,110000,0.0
8426,381,2,13,2024-08-09,3,670509,409000,0.05
8427,214,16,58,2025-02-24,1,282366,172000,0.15
8428,47,4,8,2024-08-26,4,506180,391000,0.05
8429,48,4,74,2025-12-14,1,481960,308000,0.15
8430,14,20,76,2024-08-13,3,67949,56000,0.1
8431,431,7,32,2024-04-26,4,484101,322000,0.05
8432,253,20,33,2025-05-14,1,420924,285000,0.05
8433,249,19,10,2024-08-08,4,728704,377000,0.0
8434,50,18,81,2025-02-28,2,402769,257000,0.0
8435,147,12,75,2024-01-15,2,615439,387000,0.0
8436,74,4,67,2025-05-03,2,327734,181000,0.0
8437,499,10,51,2025-04-04,2,525757,280000,0.1
8438,139,16,17,2025-07-26,3,195974,134000,0.15
8439,32,14,32,2024-11-24,2,484101,322000,0.1
8440,311,1,43,2025-11-07,2,288284,203000,0.2
8441,320,4,43,2025-03-27,2,288284,203000,0.15
8442,465,2,17,2024-06-11,1,195974,134000,0.15
8443,417,20,80,2025-07-15,3,341486,186000,0.15
8444,500,11,3,2025-12-13,2,285890,144000,0.1
8445,310,14,2,2025-08-05,5,457712,313000,0.0
8446,223,11,70,2024-11-25,3,651468,327000,0.1
8447,423,15,91,2024-03-22,4,128108,89000,0.2
8448,497,11,34,2024-02-04,3,886449,498000,0.05
8449,499,12,34,2024-03-27,1,886449,498000,0.1
8450,409,9,89,2025-05-10,3,273964,141000,0.15
8451,60,13,2,2024-02-19,5,457712,313000,0.05
8452,377,20,83,2025-09-07,4,147849,97000,0.1
8453,37,8,87,2024-01-25,2,866392,494000,0.0
8454,179,18,33,2024-02-04,1,420924,285000,0.1
8455,293,3,7,2024-01-20,4,571254,384000,0.15
8456,159,17,33,2025-01-02,3,420924,285000,0.15
8457,21,10,33,2024-01-14,1,420924,285000,0.0
8458,212,9,5,2025-12-31,1,501235,278000,0.1
8459,198,17,46,2025-04-18,3,181428,126000,0.2
8460,180,6,28,2025-03-27,3,158902,91000,0.2
8461,459,18,47,2024-10-15,4,325148,173000,0.0
8462,203,14,75,2024-10-15,5,615439,387000,0.05
8463,31,3,18,2025-03-08,3,542999,398000,0.15
8464,241,20,25,2025-12-14,5,356587,291000,0.0
8465,58,6,43,2025-06-03,1,288284,203000,0.0
8466,91,12,86,2024-12-27,1,619302,320000,0.15
8467,290,11,8,2025-01-11,5,506180,391000,0.0
8468,56,11,78,2024-09-03,1,201181,104000,0.1
8469,132,3,3,2025-05-24,4,285890,144000,0.0
8470,487,16,81,2025-05-07,4,402769,257000,0.1
8471,321,2,99,2024-04-13,4,754227,445000,0.05
8472,127,4,89,2025-12-18,2,273964,141000,0.05
8473,30,6,75,2025-04-28,4,615439,387000,0.15
8474,212,17,47,2024-04-12,3,325148,173000,0.15
8475,304,14,33,2025-01-23,3,420924,285000,0.1
8476,463,6,37,2025-09-13,3,466547,278000,0.2
8477,278,8,33,2025-11-11,3,420924,285000,0.0
8478,439,8,24,2024-03-31,5,510411,408000,0.0
8479,349,9,57,2025-11-30,2,683509,406000,0.1
8480,81,19,99,2025-12-28,4,754227,445000,0.2
8481,368,9,59,2024-04-04,3,468552,288000,0.2
8482,11,1,39,2024-11-09,5,275775,169000,0.2
8483,436,18,74,2024-12-13,3,481960,308000,0.15
8484,80,10,33,2025-08-16,4,420924,285000,0.05
8485,10,16,72,2025-07-27,5,531452,441000,0.15
8486,342,16,97,2025-02-10,2,246451,166000,0.15
8487,474,7,54,2025-04-26,3,295710,156000,0.2
8488,128,9,58,2024-11-25,5,282366,172000,0.0
8489,52,18,19,2025-07-30,3,484036,311000,0.0
8490,434,18,59,2024-05-09,1,468552,288000,0.15
8491,223,15,74,2025-03-28,4,481960,308000,0.1
8492,355,20,56,2024-02-28,4,863852,432000,0.15
8493,98,12,11,2025-09-07,5,501111,364000,0.0
8494,176,19,21,2024-05-09,4,527487,336000,0.1
8495,230,14,85,2024-04-25,5,572260,305000,0.05
8496,407,12,75,2025-06-27,4,615439,387000,0.0
8497,60,1,54,2025-08-11,4,295710,156000,0.1
8498,408,19,81,2024-08-05,3,402769,257000,0.15
8499,339,10,84,2024-02-17,4,133333,78000,0.15
8500,470,4,36,2025-05-07,4,236121,173000,0.15
8501,434,15,35,2025-04-06,1,801865,464000,0.1
8502,357,3,8,2024-01-19,2,506180,391000,0.1
8503,317,10,47,2024-09-19,3,325148,173000,0.1
8504,165,15,5,2025-07-05,5,501235,278000,0.2
8505,323,7,42,2025-02-02,2,387805,204000,0.1
8506,138,12,63,2025-07-16,3,639248,338000,0.1
8507,483,14,44,2025-02-03,3,533229,334000,0.15
8508,140,6,27,2025-12-07,2,381913,245000,0.1
8509,461,11,1,2025-08-01,3,234738,139000,0.0
8510,241,16,28,2024-06-13,1,158902,91000,0.15
8511,200,19,17,2025-05-01,5,195974,134000,0.05
8512,31,18,42,2025-05-24,5,387805,204000,0.2
8513,219,13,75,2025-10-22,3,615439,387000,0.05
8514,416,20,3,2025-03-09,2,285890,144000,0.15
8515,223,10,70,2025-04-20,1,651468,327000,0.05
8516,464,20,34,2025-10-18,5,886449,498000,0.05
8517,29,16,37,2024-02-17,2,466547,278000,0.1
8518,182,8,78,2025-03-18,4,201181,104000,0.0
8519,270,9,62,2025-11-28,4,230470,154000,0.15
8520,216,10,18,2024-04-18,3,542999,398000,0.15
8521,200,7,73,2024-04-24,1,148321,84000,0.2
8522,12,16,88,2024-12-07,4,141570,73000,0.2
8523,177,2,23,2024-06-29,3,435414,346000,0.2
8524,179,14,13,2024-03-16,4,670509,409000,0.2
8525,246,20,79,2024-03-04,4,250982,148000,0.2
8526,245,2,66,2024-02-24,2,636541,341000,0.05
8527,111,10,3,2024-07-20,5,285890,144000,0.0
8528,107,16,95,2024-05-24,5,377246,224000,0.0
8529,294,6,39,2025-03-18,2,275775,169000,0.05
8530,51,18,98,2024-10-15,3,252844,145000,0.2
8531,296,12,1,2025-11-19,1,234738,139000,0.15
8532,331,6,79,2024-04-30,5,250982,148000,0.0
8533,21,8,74,2024-09-26,3,481960,308000,0.15
8534,284,15,9,2024-06-08,1,449456,257000,0.2
8535,469,12,77,2025-03-21,1,92902,58000,0.1
8536,335,5,76,2024-03-25,3,67949,56000,0.0
8537,417,2,4,2025-07-30,2,213367,177000,0.05
8538,349,14,48,2025-03-18,5,725534,462000,0.15
8539,112,19,83,2024-06-06,5,147849,97000,0.1
8540,107,16,38,2025-11-22,2,313675,175000,0.2
8541,257,10,46,2025-06-26,3,181428,126000,0.05
8542,124,10,50,2025-05-05,2,244295,174000,0.15
8543,377,8,81,2024-02-24,5,402769,257000,0.1
8544,405,5,2,2025-05-01,2,457712,313000,0.15
8545,105,3,88,2025-08-12,1,141570,73000,0.15
8546,486,11,52,2024-02-17,2,107522,76000,0.1
8547,228,20,46,2025-03-10,2,181428,126000,0.05
8548,325,10,78,2025-11-01,2,201181,104000,0.1
8549,239,5,87,2025-12-08,5,866392,494000,0.05
8550,250,19,51,2025-12-25,5,525757,280000,0.15
8551,427,9,31,2025-08-06,5,317221,202000,0.2
8552,496,14,77,2025-06-23,1,92902,58000,0.05
8553,246,9,57,2025-05-14,2,683509,406000,0.2
8554,43,2,64,2025-09-23,5,81699,58000,0.15
8555,361,6,38,2025-01-23,1,313675,175000,0.15
8556,161,6,77,2025-01-25,4,92902,58000,0.2
8557,249,8,96,2024-11-20,3,110974,65000,0.0
8558,10,10,10,2024-05-24,5,728704,377000,0.0
8559,459,1,3,2025-12-22,3,285890,144000,0.0
8560,69,20,59,2024-03-11,1,468552,288000,0.2
8561,128,15,100,2025-12-05,3,130122,92000,0.05
8562,225,17,8,2025-01-08,2,506180,391000,0.15
8563,114,12,13,2025-02-09,3,670509,409000,0.2
8564,108,12,41,2025-08-19,1,579025,345000,0.0
8565,452,4,27,2024-02-01,1,381913,245000,0.0
8566,190,13,93,2024-11-05,3,781223,436000,0.2
8567,245,2,57,2024-08-12,2,683509,406000,0.0
8568,355,15,89,2025-11-11,1,273964,141000,0.0
8569,464,15,36,2024-04-04,5,236121,173000,0.05
8570,120,1,47,2025-05-26,4,325148,173000,0.0
8571,233,7,24,2024-08-06,1,510411,408000,0.15
8572,338,2,31,2025-10-10,5,317221,202000,0.15
8573,452,10,11,2025-11-07,1,501111,364000,0.0
8574,40,18,73,2024-06-09,2,148321,84000,0.15
8575,459,9,79,2025-11-24,2,250982,148000,0.05
8576,107,17,2,2024-03-20,1,457712,313000,0.15
8577,304,14,49,2025-12-10,3,432853,263000,0.1
8578,161,3,52,2025-10-27,1,107522,76000,0.05
8579,370,2,35,2025-07-09,2,801865,464000,0.1
8580,425,18,36,2024-03-06,4,236121,173000,0.0
8581,174,2,92,2024-11-06,1,759219,396000,0.0
8582,363,4,11,2024-03-12,3,501111,364000,0.05
8583,209,2,74,2025-10-04,3,481960,308000,0.2
8584,400,7,20,2025-09-06,4,188439,117000,0.15
8585,311,14,90,2025-05-11,3,260462,156000,0.15
8586,468,17,54,2024-09-19,1,295710,156000,0.1
8587,242,12,43,2024-11-20,4,288284,203000,0.05
8588,159,13,2,2024-07-02,3,457712,313000,0.05
8589,449,9,34,2025-08-27,1,886449,498000,0.15
8590,400,16,85,2024-04-22,5,572260,305000,0.15
8591,82,16,44,2025-06-14,3,533229,334000,0.0
8592,154,18,100,2024-04-28,4,130122,92000,0.0
8593,189,18,72,2024-02-26,1,531452,441000,0.15
8594,344,11,3,2025-05-26,1,285890,144000,0.2
8595,88,13,46,2025-07-24,4,181428,126000,0.0
8596,455,2,63,2024-11-29,5,639248,338000,0.15
8597,462,10,34,2024-04-03,3,886449,498000,0.1
8598,393,5,36,2024-09-23,2,236121,173000,0.2
8599,10,17,96,2025-10-06,4,110974,65000,0.15
8600,34,11,69,2024-02-14,1,214926,121000,0.1
8601,263,14,16,2025-11-16,2,150904,81000,0.15
8602,130,20,99,2025-06-06,2,754227,445000,0.15
8603,131,3,57,2024-05-26,1,683509,406000,0.1
8604,151,5,53,2024-04-29,5,269183,146000,0.2
8605,276,3,1,2025-11-06,4,234738,139000,0.15
8606,274,3,57,2025-03-15,1,683509,406000,0.0
8607,296,16,34,2025-01-03,2,886449,498000,0.15
8608,403,15,20,2025-10-28,2,188439,117000,0.2
8609,25,11,51,2025-11-30,4,525757,280000,0.0
8610,166,2,33,2024-03-26,1,420924,285000,0.15
8611,42,15,4,2024-01-15,4,213367,177000,0.15
8612,3,15,45,2024-01-07,1,732045,452000,0.2
8613,260,10,61,2024-07-02,5,184225,100000,0.1
8614,53,17,48,2025-03-23,3,725534,462000,0.15
8615,410,2,81,2025-05-08,4,402769,257000,0.15
8616,353,3,56,2024-05-14,4,863852,432000,0.15
8617,389,8,78,2025-07-20,2,201181,104000,0.05
8618,106,1,39,2024-09-22,5,275775,169000,0.0
8619,186,6,82,2024-04-23,5,354688,203000,0.05
8620,249,18,58,2025-09-29,2,282366,172000,0.1
8621,467,9,29,2025-04-19,2,147705,110000,0.15
8622,296,4,89,2025-11-25,1,273964,141000,0.2
8623,300,9,22,2025-08-30,1,353698,252000,0.1
8624,377,18,37,2025-08-28,4,466547,278000,0.15
8625,344,6,70,2024-06-29,1,651468,327000,0.0
8626,273,7,44,2024-03-03,4,533229,334000,0.05
8627,277,2,54,2025-07-26,1,295710,156000,0.0
8628,20,3,20,2025-11-04,3,188439,117000,0.15
8629,204,8,52,2025-10-31,2,107522,76000,0.0
8630,475,11,59,2025-01-15,1,468552,288000,0.05
8631,163,4,80,2024-04-18,3,341486,186000,0.2
8632,224,14,51,2024-03-19,4,525757,280000,0.15
8633,278,13,20,2024-12-21,5,188439,117000,0.15
8634,68,12,96,2024-02-25,2,110974,65000,0.15
8635,97,5,32,2025-05-14,4,484101,322000,0.2
8636,168,9,8,2024-07-01,5,506180,391000,0.05
8637,199,20,47,2024-01-21,1,325148,173000,0.2
8638,287,15,35,2025-03-25,1,801865,464000,0.2
8639,419,18,27,2024-04-09,5,381913,245000,0.15
8640,27,1,26,2024-02-27,3,579595,443000,0.0
8641,150,17,56,2025-07-06,4,863852,432000,0.1
8642,489,1,37,2024-08-24,2,466547,278000,0.2
8643,32,8,97,2025-03-16,1,246451,166000,0.1
8644,363,18,90,2024-01-02,3,260462,156000,0.15
8645,142,19,78,2025-01-28,4,201181,104000,0.0
8646,320,1,88,2025-01-16,2,141570,73000,0.15
8647,27,11,37,2025-09-17,3,466547,278000,0.15
8648,135,16,96,2024-02-29,5,110974,65000,0.05
8649,272,19,2,2025-11-01,2,457712,313000,0.15
8650,135,12,4,2025-03-11,2,213367,177000,0.15
8651,484,2,15,2025-12-03,2,564164,320000,0.0
8652,280,11,42,2025-09-30,1,387805,204000,0.0
8653,108,18,63,2025-05-08,3,639248,338000,0.1
8654,93,16,66,2024-10-16,1,636541,341000,0.2
8655,262,6,40,2024-06-12,1,612399,307000,0.15
8656,84,12,65,2025-03-31,3,173690,128000,0.0
8657,190,5,41,2024-01-14,2,579025,345000,0.05
8658,432,12,69,2024-11-23,3,214926,121000,0.0
8659,81,9,8,2024-12-03,1,506180,391000,0.05
8660,284,17,60,2025-03-24,1,272251,183000,0.0
8661,63,7,61,2025-01-05,3,184225,100000,0.0
8662,137,3,80,2025-10-12,1,341486,186000,0.2
8663,421,10,66,2024-04-04,1,636541,341000,0.1
8664,480,1,14,2025-12-31,2,615107,440000,0.0
8665,377,12,64,2024-10-08,3,81699,58000,0.0
8666,310,7,9,2025-08-17,3,449456,257000,0.15
8667,359,20,28,2025-02-20,2,158902,91000,0.15
8668,458,19,19,2025-08-08,4,484036,311000,0.2
8669,239,20,34,2025-06-07,4,886449,498000,0.05
8670,346,12,26,2024-06-03,1,579595,443000,0.2
8671,193,2,23,2024-02-19,2,435414,346000,0.2
8672,416,2,47,2025-02-25,4,325148,173000,0.05
8673,425,4,57,2024-11-04,1,683509,406000,0.05
8674,433,10,27,2025-09-16,4,381913,245000,0.05
8675,161,18,79,2025-10-22,1,250982,148000,0.05
8676,200,19,9,2025-03-16,5,449456,257000,0.05
8677,107,14,37,2024-10-31,2,466547,278000,0.15
8678,157,11,45,2025-11-04,2,732045,452000,0.0
8679,488,14,89,2025-01-16,5,273964,141000,0.1
8680,387,18,71,2024-02-02,1,899254,479000,0.1
8681,196,8,75,2024-10-27,3,615439,387000,0.0
8682,317,18,84,2025-04-03,1,133333,78000,0.2
8683,123,2,75,2024-08-21,4,615439,387000,0.15
8684,80,7,17,2024-10-14,2,195974,134000,0.0
8685,324,8,31,2025-06-21,2,317221,202000,0.2
8686,394,5,14,2024-01-05,5,615107,440000,0.15
8687,338,5,42,2025-12-31,1,387805,204000,0.2
8688,13,10,64,2024-01-06,1,81699,58000,0.1
8689,220,17,32,2025-01-23,5,484101,322000,0.15
8690,334,5,39,2025-05-26,4,275775,169000,0.0
8691,162,16,50,2025-04-20,1,244295,174000,0.05
8692,488,14,94,2025-03-04,5,98417,77000,0.2
8693,183,7,26,2024-01-30,4,579595,443000,0.2
8694,432,18,63,2024-02-29,2,639248,338000,0.2
8695,98,2,100,2024-07-25,5,130122,92000,0.05
8696,312,19,73,2024-04-05,4,148321,84000,0.0
8697,256,2,70,2025-04-20,2,651468,327000,0.1
8698,269,13,81,2024-04-11,4,402769,257000,0.1
8699,260,14,18,2025-07-30,1,542999,398000,0.0
8700,479,6,25,2025-06-24,4,356587,291000,0.15
8701,486,19,65,2025-07-11,1,173690,128000,0.15
8702,397,13,50,2025-01-22,1,244295,174000,0.0
8703,250,19,65,2024-06-12,5,173690,128000,0.0
8704,88,18,7,2025-01-13,3,571254,384000,0.05
8705,258,1,87,2024-11-26,3,866392,494000,0.15
8706,231,20,55,2025-11-24,5,78058,57000,0.0
8707,341,20,18,2024-04-13,2,542999,398000,0.1
8708,5,7,79,2025-03-29,4,250982,148000,0.2
8709,272,7,16,2024-03-04,1,150904,81000,0.2
8710,280,12,34,2025-09-24,5,886449,498000,0.0
8711,234,18,93,2025-06-27,3,781223,436000,0.1
8712,127,7,74,2025-06-30,1,481960,308000,0.1
8713,194,15,33,2025-07-06,4,420924,285000,0.1
8714,94,4,95,2024-03-02,2,377246,224000,0.15
8715,16,14,28,2025-12-05,1,158902,91000,0.2
8716,29,11,91,2024-10-31,4,128108,89000,0.15
8717,326,10,82,2025-05-02,5,354688,203000,0.2
8718,372,18,29,2025-05-25,1,147705,110000,0.2
8719,89,11,2,2025-06-20,2,457712,313000,0.15
8720,65,14,91,2024-04-19,2,128108,89000,0.15
8721,12,10,95,2025-05-23,5,377246,224000,0.2
8722,277,4,11,2025-05-13,3,501111,364000,0.1
8723,146,6,31,2024-03-20,4,317221,202000,0.05
8724,71,9,16,2025-02-01,4,150904,81000,0.1
8725,495,9,62,2024-10-09,5,230470,154000,0.2
8726,500,18,32,2025-05-23,2,484101,322000,0.0
8727,181,20,21,2024-02-09,4,527487,336000,0.05
8728,17,17,62,2024-05-18,4,230470,154000,0.15
8729,141,13,40,2025-06-17,1,612399,307000,0.15
8730,227,15,33,2024-12-06,1,420924,285000,0.0
8731,60,20,38,2024-05-22,4,313675,175000,0.15
8732,163,14,79,2025-11-09,4,250982,148000,0.2
8733,340,10,44,2024-12-17,2,533229,334000,0.1
8734,404,14,20,2025-07-29,3,188439,117000,0.1
8735,92,19,52,2025-09-16,4,107522,76000,0.05
8736,70,14,78,2024-06-14,1,201181,104000,0.15
8737,222,1,61,2024-02-14,5,184225,100000,0.1
8738,117,17,13,2024-04-16,3,670509,409000,0.1
8739,209,18,21,2025-07-24,4,527487,336000,0.05
8740,70,7,68,2025-09-22,2,380357,285000,0.05
8741,71,5,69,2025-02-03,5,214926,121000,0.2
8742,257,14,46,2025-10-26,3,181428,126000,0.15
8743,45,2,24,2025-03-17,5,510411,408000,0.15
8744,255,9,30,2025-01-16,3,836817,422000,0.15
8745,468,10,83,2025-07-26,5,147849,97000,0.0
8746,157,19,26,2025-12-23,4,579595,443000,0.0
8747,119,12,21,2025-05-07,4,527487,336000,0.05
8748,374,3,1,2024-02-23,4,234738,139000,0.0
8749,438,13,20,2024-10-19,4,188439,117000,0.15
8750,39,10,82,2025-03-20,1,354688,203000,0.2
8751,4,2,78,2024-03-26,1,201181,104000,0.2
8752,183,19,77,2025-02-05,1,92902,58000,0.15
8753,479,8,42,2024-11-14,3,387805,204000,0.1
8754,454,17,5,2025-04-30,1,501235,278000,0.0
8755,377,16,35,2025-11-01,4,801865,464000,0.05
8756,467,11,94,2024-01-05,3,98417,77000,0.05
8757,346,18,24,2025-11-12,2,510411,408000,0.1
8758,477,7,74,2025-12-03,5,481960,308000,0.15
8759,56,14,8,2024-06-10,4,506180,391000,0.05
8760,454,4,51,2025-08-06,3,525757,280000,0.15
8761,273,13,6,2025-10-04,4,618850,348000,0.0
8762,48,7,97,2025-05-21,1,246451,166000,0.0
8763,76,12,86,2025-10-16,3,619302,320000,0.0
8764,91,5,5,2024-10-03,1,501235,278000,0.15
8765,159,19,59,2024-09-08,4,468552,288000,0.1
8766,72,14,83,2024-12-12,3,147849,97000,0.15
8767,499,7,87,2024-11-23,3,866392,494000,0.0
8768,436,9,37,2025-11-19,4,466547,278000,0.15
8769,81,17,11,2024-01-16,1,501111,364000,0.15
8770,368,18,48,2024-07-15,5,725534,462000,0.1
8771,307,18,69,2025-01-02,4,214926,121000,0.1
8772,31,9,64,2024-07-10,3,81699,58000,0.2
8773,84,17,93,2024-11-26,1,781223,436000,0.1
8774,413,4,95,2024-02-20,2,377246,224000,0.05
8775,467,8,52,2024-01-21,3,107522,76000,0.05
8776,235,9,81,2025-05-21,2,402769,257000,0.2
8777,398,5,38,2024-08-21,3,313675,175000,0.05
8778,234,17,76,2025-11-26,3,67949,56000,0.1
8779,28,10,55,2025-12-25,4,78058,57000,0.1
8780,326,13,61,2024-09-25,4,184225,100000,0.05
8781,77,17,93,2025-05-07,3,781223,436000,0.2
8782,408,1,28,2025-07-30,3,158902,91000,0.0
8783,17,20,53,2024-01-23,4,269183,146000,0.0
8784,150,6,74,2024-10-25,4,481960,308000,0.2
8785,292,8,79,2025-08-15,5,250982,148000,0.05
8786,63,5,9,2024-05-14,4,449456,257000,0.1
8787,260,12,65,2024-12-30,2,173690,128000,0.15
8788,146,17,78,2024-07-03,4,201181,104000,0.0
8789,330,12,76,2024-12-16,1,67949,56000,0.0
8790,46,12,61,2025-08-04,5,184225,100000,0.2
8791,136,12,99,2024-08-22,5,754227,445000,0.1
8792,76,8,49,2025-10-28,3,432853,263000,0.0
8793,29,15,37,2024-10-08,2,466547,278000,0.1
8794,213,7,89,2024-01-21,1,273964,141000,0.2
8795,313,10,10,2024-12-02,2,728704,377000,0.2
8796,384,9,31,2025-07-06,3,317221,202000,0.15
8797,108,4,42,2025-04-28,5,387805,204000,0.0
8798,327,4,20,2024-03-16,5,188439,117000,0.05
8799,327,5,10,2024-11-11,2,728704,377000,0.15
8800,132,9,13,2024-11-23,5,670509,409000,0.0
8801,299,7,99,2025-06-01,4,754227,445000,0.2
8802,250,2,99,2024-02-23,4,754227,445000,0.15
8803,319,12,48,2024-01-26,1,725534,462000,0.15
8804,198,7,83,2024-05-13,1,147849,97000,0.15
8805,478,9,24,2024-07-02,4,510411,408000,0.15
8806,172,15,92,2025-03-13,2,759219,396000,0.05
8807,269,2,20,2025-09-12,1,188439,117000,0.15
8808,263,20,33,2025-05-07,4,420924,285000,0.0
8809,474,17,96,2025-09-10,2,110974,65000,0.15
8810,359,7,64,2024-06-15,4,81699,58000,0.1
8811,428,7,80,2025-03-21,5,341486,186000,0.2
8812,154,12,50,2025-06-15,5,244295,174000,0.0
8813,413,19,36,2025-11-26,3,236121,173000,0.0
8814,232,19,70,2025-01-06,2,651468,327000,0.2
8815,414,5,20,2025-02-13,5,188439,117000,0.05
8816,215,12,96,2024-04-13,5,110974,65000,0.0
8817,161,6,14,2025-08-14,3,615107,440000,0.2
8818,426,16,62,2025-07-10,3,230470,154000,0.15
8819,99,7,13,2024-08-17,3,670509,409000,0.1
8820,37,7,10,2024-08-21,4,728704,377000,0.2
8821,460,13,83,2024-12-03,3,147849,97000,0.15
8822,440,15,9,2024-04-07,5,449456,257000,0.15
8823,58,1,49,2024-05-25,3,432853,263000,0.0
8824,271,14,3,2025-05-25,1,285890,144000,0.05
8825,455,17,40,2024-12-31,5,612399,307000,0.2
8826,180,4,86,2024-01-06,4,619302,320000,0.0
8827,263,2,82,2024-08-20,2,354688,203000,0.1
8828,315,1,84,2024-04-07,4,133333,78000,0.05
8829,307,7,43,2025-01-27,2,288284,203000,0.15
8830,295,6,22,2025-10-10,5,353698,252000,0.15
8831,432,13,91,2025-11-22,4,128108,89000,0.1
8832,467,17,100,2025-02-08,2,130122,92000,0.05
8833,100,3,87,2024-11-20,5,866392,494000,0.15
8834,134,7,10,2025-11-15,3,728704,377000,0.05
8835,14,15,69,2025-11-03,4,214926,121000,0.05
8836,376,4,42,2024-07-16,4,387805,204000,0.2
8837,312,9,40,2025-10-31,3,612399,307000,0.1
8838,338,9,15,2025-01-19,5,564164,320000,0.2
8839,325,9,41,2024-06-29,5,579025,345000,0.15
8840,4,19,86,2024-10-11,2,619302,320000,0.2
8841,482,3,92,2025-04-02,2,759219,396000,0.15
8842,326,14,46,2025-11-12,4,181428,126000,0.05
8843,228,2,68,2025-10-24,3,380357,285000,0.0
8844,179,3,42,2024-06-08,1,387805,204000,0.2
8845,46,18,83,2024-07-15,1,147849,97000,0.0
8846,245,12,56,2024-01-20,4,863852,432000,0.05
8847,425,12,75,2024-10-11,1,615439,387000,0.1
8848,209,13,54,2025-09-26,4,295710,156000,0.0
8849,496,3,94,2024-01-10,4,98417,77000,0.15
8850,121,9,93,2024-10-03,3,781223,436000,0.0
8851,201,12,1,2024-07-08,1,234738,139000,0.0
8852,156,15,44,2025-12-12,4,533229,334000,0.15
8853,382,15,48,2025-01-06,4,725534,462000,0.15
8854,245,16,25,2025-10-20,2,356587,291000,0.2
8855,2,14,39,2024-12-11,1,275775,169000,0.0
8856,406,5,67,2024-01-22,3,327734,181000,0.2
8857,402,10,31,2025-09-18,2,317221,202000,0.0
8858,360,16,55,2024-11-14,2,78058,57000,0.0
8859,429,13,82,2024-04-10,1,354688,203000,0.15
8860,429,1,43,2024-08-13,2,288284,203000,0.15
8861,279,20,42,2024-06-17,2,387805,204000,0.1
8862,326,14,1,2024-03-12,4,234738,139000,0.2
8863,479,19,20,2024-03-04,5,188439,117000,0.05
8864,445,2,84,2024-12-26,4,133333,78000,0.0
8865,204,4,62,2025-03-18,1,230470,154000,0.0
8866,222,15,51,2024-08-13,5,525757,280000,0.0
8867,138,4,8,2024-03-01,3,506180,391000,0.2
8868,438,16,16,2025-10-17,4,150904,81000,0.2
8869,104,4,57,2025-11-21,5,683509,406000,0.15
8870,227,2,77,2025-02-26,5,92902,58000,0.1
8871,25,18,73,2025-11-20,5,148321,84000,0.15
8872,424,3,60,2025-03-06,3,272251,183000,0.2
8873,113,1,20,2025-06-07,2,188439,117000,0.2
8874,160,16,66,2025-06-13,4,636541,341000,0.2
8875,465,17,58,2025-06-04,5,282366,172000,0.2
8876,179,20,20,2025-04-11,3,188439,117000,0.05
8877,352,14,52,2025-07-04,5,107522,76000,0.15
8878,96,8,23,2025-05-29,4,435414,346000,0.1
8879,226,3,2,2025-12-31,1,457712,313000,0.2
8880,303,12,42,2024-12-06,3,387805,204000,0.15
8881,197,15,3,2024-08-09,1,285890,144000,0.05
8882,196,15,20,2024-12-01,1,188439,117000,0.0
8883,10,18,98,2024-10-10,5,252844,145000,0.0
8884,386,13,21,2024-10-27,5,527487,336000,0.05
8885,123,15,40,2025-10-18,5,612399,307000,0.0
8886,291,9,11,2024-02-27,4,501111,364000,0.1
8887,55,12,86,2025-11-07,2,619302,320000,0.05
8888,276,3,73,2025-04-25,4,148321,84000,0.05
8889,187,4,29,2024-03-05,1,147705,110000,0.2
8890,414,19,66,2025-01-25,1,636541,341000,0.05
8891,305,2,3,2025-03-26,1,285890,144000,0.1
8892,307,9,39,2024-10-15,4,275775,169000,0.1
8893,169,4,8,2024-03-07,3,506180,391000,0.2
8894,465,5,78,2024-09-18,2,201181,104000,0.2
8895,444,3,64,2024-04-05,5,81699,58000,0.2
8896,306,2,80,2025-07-01,2,341486,186000,0.15
8897,491,2,3,2025-03-12,5,285890,144000,0.2
8898,457,10,82,2024-03-15,4,354688,203000,0.2
8899,219,13,40,2025-10-16,1,612399,307000,0.15
8900,351,5,13,2025-04-22,1,670509,409000,0.15
8901,210,16,78,2024-01-03,3,201181,104000,0.05
8902,380,17,7,2024-12-16,5,571254,384000,0.0
8903,144,1,96,2024-06-06,3,110974,65000,0.2
8904,365,19,33,2025-05-11,5,420924,285000,0.15
8905,146,1,90,2024-06-29,3,260462,156000,0.15
8906,43,12,5,2024-07-21,2,501235,278000,0.0
8907,230,12,9,2024-04-04,5,449456,257000,0.15
8908,92,5,76,2025-03-21,5,67949,56000,0.2
8909,325,15,88,2024-11-07,3,141570,73000,0.2
8910,139,19,54,2025-09-16,3,295710,156000,0.0
8911,186,3,45,2024-07-04,5,732045,452000,0.05
8912,6,5,77,2024-03-25,5,92902,58000,0.0
8913,478,20,52,2024-09-25,2,107522,76000,0.05
8914,358,16,18,2025-05-12,2,542999,398000,0.15
8915,157,6,8,2025-08-14,5,506180,391000,0.1
8916,316,12,55,2024-08-28,5,78058,57000,0.05
8917,356,9,95,2024-07-22,3,377246,224000,0.1
8918,124,17,33,2024-04-03,5,420924,285000,0.05
8919,161,11,82,2024-05-03,1,354688,203000,0.0
8920,399,4,62,2024-10-10,4,230470,154000,0.2
8921,319,18,87,2024-08-03,3,866392,494000,0.0
8922,81,7,98,2024-09-11,3,252844,145000,0.1
8923,389,7,61,2025-05-31,3,184225,100000,0.0
8924,237,11,79,2024-04-30,4,250982,148000,0.05
8925,368,8,22,2025-11-28,3,353698,252000,0.05
8926,358,5,19,2024-09-14,3,484036,311000,0.05
8927,409,16,13,2024-12-23,2,670509,409000,0.2
8928,85,18,74,2025-03-23,4,481960,308000,0.1
8929,192,1,1,2024-08-16,4,234738,139000,0.05
8930,167,11,2,2025-12-08,4,457712,313000,0.1
8931,401,17,93,2024-11-08,5,781223,436000,0.0
8932,244,18,22,2024-02-12,5,353698,252000,0.1
8933,188,12,21,2024-07-10,5,527487,336000,0.15
8934,97,15,67,2025-08-13,4,327734,181000,0.05
8935,328,12,3,2025-10-07,4,285890,144000,0.05
8936,10,17,65,2025-01-24,4,173690,128000,0.05
8937,69,5,8,2025-07-05,3,506180,391000,0.1
8938,341,3,54,2025-12-24,2,295710,156000,0.05
8939,33,3,53,2024-01-21,4,269183,146000,0.1
8940,482,15,48,2025-10-13,2,725534,462000,0.05
8941,393,4,96,2024-11-03,1,110974,65000,0.05
8942,388,13,37,2024-12-11,4,466547,278000,0.15
8943,346,14,90,2025-12-14,5,260462,156000,0.2
8944,226,19,28,2024-08-30,4,158902,91000,0.0
8945,269,1,76,2024-01-09,5,67949,56000,0.15
8946,95,18,89,2025-06-02,3,273964,141000,0.05
8947,361,5,75,2024-06-29,5,615439,387000,0.0
8948,411,11,84,2025-02-03,2,133333,78000,0.2
8949,250,13,58,2025-10-22,3,282366,172000,0.05
8950,82,11,35,2024-04-26,3,801865,464000,0.1
8951,7,18,50,2024-06-05,2,244295,174000,0.05
8952,426,9,85,2025-02-21,2,572260,305000,0.1
8953,290,13,87,2025-08-25,3,866392,494000,0.05
8954,230,3,16,2024-02-28,2,150904,81000,0.2
8955,292,19,72,2025-03-18,4,531452,441000,0.0
8956,135,11,84,2025-09-05,2,133333,78000,0.2
8957,435,17,10,2025-11-04,1,728704,377000,0.15
8958,73,3,26,2025-09-23,5,579595,443000,0.05
8959,375,13,49,2025-06-12,2,432853,263000,0.2
8960,260,12,2,2025-05-11,3,457712,313000,0.05
8961,126,14,90,2024-02-28,4,260462,156000,0.0
8962,193,20,84,2025-01-03,2,133333,78000,0.0
8963,321,2,43,2024-11-19,4,288284,203000,0.05
8964,154,3,88,2025-09-20,5,141570,73000,0.15
8965,281,17,18,2024-06-21,2,542999,398000,0.1
8966,407,1,70,2025-11-22,5,651468,327000,0.2
8967,480,13,87,2025-06-15,5,866392,494000,0.2
8968,47,1,98,2024-03-11,1,252844,145000,0.2
8969,382,6,59,2025-09-02,1,468552,288000,0.1
8970,400,14,27,2024-09-07,4,381913,245000,0.0
8971,171,18,66,2025-10-27,1,636541,341000,0.2
8972,401,9,85,2024-09-24,5,572260,305000,0.1
8973,431,7,27,2024-04-25,4,381913,245000,0.05
8974,438,14,23,2025-05-22,4,435414,346000,0.15
8975,367,19,28,2024-03-15,5,158902,91000,0.05
8976,120,17,10,2024-11-07,5,728704,377000,0.0
8977,241,19,39,2025-08-28,2,275775,169000,0.0
8978,367,9,63,2025-06-08,3,639248,338000,0.15
8979,285,2,23,2024-05-04,1,435414,346000,0.2
8980,237,6,9,2024-10-12,5,449456,257000,0.15
8981,63,6,77,2024-04-17,1,92902,58000,0.05
8982,226,10,50,2025-12-09,3,244295,174000,0.2
8983,68,7,50,2024-02-28,1,244295,174000,0.05
8984,271,4,14,2025-05-16,2,615107,440000,0.0
8985,361,8,58,2024-06-30,1,282366,172000,0.1
8986,279,18,18,2025-06-22,4,542999,398000,0.1
8987,313,6,12,2024-11-21,1,200189,128000,0.2
8988,439,9,4,2024-01-25,4,213367,177000,0.05
8989,444,15,15,2024-05-13,4,564164,320000,0.1
8990,455,19,22,2025-07-20,4,353698,252000,0.0
8991,116,4,14,2024-12-18,1,615107,440000,0.2
8992,309,6,6,2025-04-15,1,618850,348000,0.0
8993,204,6,97,2024-08-18,3,246451,166000,0.0
8994,10,3,20,2025-10-29,2,188439,117000,0.2
8995,16,19,28,2024-06-29,4,158902,91000,0.0
8996,160,1,84,2025-09-03,5,133333,78000,0.0
8997,199,3,10,2025-09-22,3,728704,377000,0.15
8998,480,15,91,2024-02-06,2,128108,89000,0.15
8999,19,10,64,2024-06-09,2,81699,58000,0.15
9000,4,14,47,2025-07-18,1,325148,173000,0.2
9001,124,7,95,2024-08-22,2,377246,224000,0.1
9002,364,6,47,2025-02-15,1,325148,173000,0.0
9003,19,10,54,2024-03-10,2,295710,156000,0.1
9004,249,8,74,2024-05-02,3,481960,308000,0.15
9005,52,7,5,2024-12-12,3,501235,278000,0.0
9006,203,15,29,2025-08-28,2,147705,110000,0.0
9007,151,1,26,2024-06-02,1,579595,443000,0.2
9008,432,7,62,2025-10-15,3,230470,154000,0.0
9009,173,8,44,2025-02-28,5,533229,334000,0.15
9010,408,13,31,2024-08-15,5,317221,202000,0.0
9011,143,7,29,2025-05-07,5,147705,110000,0.1
9012,164,17,29,2025-08-25,5,147705,110000,0.0
9013,153,4,3,2025-07-19,1,285890,144000,0.0
9014,185,2,51,2025-05-14,2,525757,280000,0.15
9015,124,4,12,2025-06-15,3,200189,128000,0.15
9016,495,1,35,2024-01-06,4,801865,464000,0.1
9017,463,12,29,2025-10-10,5,147705,110000,0.1
9018,441,10,47,2025-02-01,5,325148,173000,0.1
9019,258,4,83,2024-04-10,2,147849,97000,0.0
9020,110,6,98,2024-05-23,5,252844,145000,0.0
9021,54,20,1,2024-12-22,1,234738,139000,0.15
9022,208,1,67,2024-01-08,5,327734,181000,0.2
9023,17,15,77,2024-12-23,1,92902,58000,0.15
9024,200,15,44,2024-06-14,1,533229,334000,0.2
9025,206,4,61,2024-10-14,3,184225,100000,0.0
9026,327,17,51,2025-11-20,2,525757,280000,0.05
9027,346,14,81,2025-09-10,3,402769,257000,0.05
9028,286,16,45,2025-10-13,4,732045,452000,0.2
9029,132,18,22,2024-01-04,1,353698,252000,0.05
9030,197,11,63,2024-08-20,1,639248,338000,0.0
9031,386,10,30,2025-01-20,3,836817,422000,0.15
9032,370,16,12,2024-05-26,3,200189,128000,0.1
9033,173,7,15,2024-10-29,5,564164,320000,0.15
9034,189,12,9,2025-08-17,3,449456,257000,0.1
9035,75,20,2,2024-02-20,5,457712,313000,0.0
9036,157,16,3,2024-12-24,4,285890,144000,0.2
9037,70,15,26,2024-09-17,3,579595,443000,0.15
9038,105,14,89,2024-09-17,2,273964,141000,0.2
9039,13,19,81,2025-09-16,1,402769,257000,0.0
9040,30,17,67,2024-11-27,2,327734,181000,0.1
9041,153,15,15,2025-11-11,3,564164,320000,0.15
9042,4,15,6,2025-03-04,2,618850,348000,0.05
9043,402,14,38,2024-03-01,1,313675,175000,0.15
9044,87,11,2,2025-01-06,2,457712,313000,0.05
9045,131,3,42,2024-07-11,2,387805,204000,0.0
9046,280,1,58,2024-07-10,4,282366,172000,0.05
9047,252,12,74,2024-03-11,3,481960,308000,0.1
9048,127,15,35,2025-02-01,1,801865,464000,0.0
9049,138,18,79,2025-07-16,1,250982,148000,0.1
9050,97,20,22,2025-04-01,5,353698,252000,0.0
9051,317,4,27,2025-02-19,2,381913,245000,0.2
9052,217,12,4,2025-08-22,5,213367,177000,0.05
9053,401,13,56,2024-03-03,1,863852,432000,0.05
9054,429,16,37,2025-02-22,4,466547,278000,0.1
9055,419,12,49,2025-07-22,3,432853,263000,0.15
9056,285,9,49,2024-02-18,2,432853,263000,0.1
9057,444,10,46,2025-10-26,1,181428,126000,0.0
9058,80,12,32,2025-08-01,5,484101,322000,0.2
9059,453,6,60,2025-08-15,1,272251,183000,0.2
9060,74,17,66,2024-01-09,4,636541,341000,0.0
9061,123,17,45,2024-09-13,3,732045,452000,0.0
9062,171,5,87,2025-11-30,2,866392,494000,0.1
9063,445,18,2,2025-11-19,2,457712,313000,0.05
9064,61,18,98,2025-07-31,4,252844,145000,0.1
9065,19,12,98,2025-06-25,1,252844,145000,0.2
9066,395,2,24,2025-09-11,5,510411,408000,0.05
9067,251,8,44,2025-03-19,2,533229,334000,0.0
9068,117,18,2,2024-02-24,5,457712,313000,0.05
9069,378,14,68,2024-04-17,3,380357,285000,0.0
9070,304,5,82,2025-02-15,4,354688,203000,0.15
9071,63,1,90,2025-10-24,1,260462,156000,0.2
9072,297,15,43,2024-04-13,1,288284,203000,0.15
9073,151,10,5,2025-05-11,5,501235,278000,0.1
9074,303,4,45,2025-03-22,3,732045,452000,0.0
9075,409,14,40,2025-04-10,2,612399,307000,0.2
9076,157,8,61,2025-10-20,2,184225,100000,0.2
9077,254,14,15,2025-02-27,3,564164,320000,0.1
9078,320,6,78,2025-04-17,3,201181,104000,0.2
9079,117,6,73,2025-02-22,4,148321,84000,0.05
9080,494,9,92,2024-06-20,4,759219,396000,0.05
9081,347,20,30,2024-07-14,4,836817,422000,0.0
9082,210,13,11,2024-11-30,5,501111,364000,0.0
9083,33,8,98,2024-09-28,3,252844,145000,0.0
9084,204,17,40,2025-04-04,2,612399,307000,0.0
9085,400,17,84,2025-08-14,2,133333,78000,0.05
9086,329,14,57,2024-03-28,4,683509,406000,0.2
9087,53,16,5,2025-08-20,3,501235,278000,0.0
9088,444,8,1,2024-07-09,2,234738,139000,0.1
9089,374,7,55,2024-09-13,2,78058,57000,0.15
9090,35,7,60,2024-02-16,2,272251,183000,0.2
9091,148,3,10,2024-07-16,5,728704,377000,0.1
9092,413,14,25,2024-05-02,3,356587,291000,0.15
9093,64,3,96,2025-02-27,5,110974,65000,0.05
9094,474,6,14,2025-01-25,3,615107,440000,0.15
9095,237,18,4,2024-09-18,4,213367,177000,0.05
9096,62,9,62,2024-11-15,2,230470,154000,0.1
9097,232,7,42,2024-11-08,3,387805,204000,0.15
9098,274,11,9,2025-06-08,1,449456,257000,0.15
9099,119,16,76,2025-02-16,2,67949,56000,0.15
9100,445,17,82,2025-07-12,1,354688,203000,0.0
9101,100,2,78,2025-07-15,3,201181,104000,0.05
9102,188,16,16,2025-11-14,3,150904,81000,0.2
9103,462,14,65,2025-01-17,1,173690,128000,0.15
9104,456,9,2,2024-02-18,5,457712,313000,0.2
9105,385,5,9,2024-02-08,5,449456,257000,0.2
9106,285,17,37,2024-07-08,3,466547,278000,0.15
9107,106,9,22,2025-04-23,4,353698,252000,0.0
9108,235,7,89,2025-07-12,4,273964,141000,0.0
9109,135,19,98,2024-03-21,4,252844,145000,0.05
9110,98,15,25,2024-03-28,1,356587,291000,0.2
9111,267,1,18,2024-07-25,2,542999,398000,0.2
9112,118,1,40,2025-10-27,3,612399,307000,0.0
9113,291,4,100,2024-10-10,5,130122,92000,0.05
9114,251,14,84,2024-10-20,1,133333,78000,0.15
9115,102,18,33,2025-05-03,5,420924,285000,0.05
9116,105,8,89,2024-04-08,4,273964,141000,0.2
9117,83,16,94,2025-12-16,4,98417,77000,0.05
9118,39,12,90,2025-07-25,5,260462,156000,0.0
9119,187,17,45,2024-07-08,2,732045,452000,0.2
9120,46,7,69,2024-06-28,2,214926,121000,0.0
9121,27,8,51,2025-02-21,4,525757,280000,0.0
9122,468,16,32,2024-03-15,5,484101,322000,0.1
9123,7,5,98,2025-02-17,5,252844,145000,0.15
9124,8,16,66,2025-09-04,4,636541,341000,0.1
9125,261,3,21,2025-06-27,4,527487,336000,0.1
9126,301,3,1,2024-09-11,3,234738,139000,0.0
9127,89,17,54,2024-03-17,4,295710,156000,0.2
9128,325,8,66,2025-09-16,2,636541,341000,0.15
9129,291,8,78,2025-10-11,5,201181,104000,0.1
9130,495,6,97,2024-06-07,1,246451,166000,0.2
9131,218,19,58,2024-10-07,5,282366,172000,0.0
9132,126,14,45,2024-11-20,2,732045,452000,0.2
9133,485,6,76,2024-09-05,5,67949,56000,0.05
9134,154,17,6,2025-10-09,4,618850,348000,0.05
9135,222,6,54,2024-12-14,1,295710,156000,0.0
9136,283,1,30,2025-05-25,1,836817,422000,0.15
9137,252,2,9,2025-01-29,5,449456,257000,0.1
9138,288,1,11,2024-06-03,3,501111,364000,0.0
9139,455,6,33,2024-04-17,3,420924,285000,0.15
9140,66,10,5,2025-03-05,5,501235,278000,0.05
9141,169,13,71,2025-05-30,4,899254,479000,0.1
9142,332,18,24,2025-07-11,2,510411,408000,0.15
9143,412,5,55,2024-08-14,1,78058,57000,0.15
9144,361,14,58,2024-01-26,4,282366,172000,0.15
9145,352,11,98,2025-10-27,2,252844,145000,0.2
9146,286,19,82,2025-02-21,1,354688,203000,0.05
9147,396,16,75,2025-01-03,1,615439,387000,0.15
9148,281,9,38,2025-08-30,1,313675,175000,0.15
9149,477,8,83,2025-02-18,2,147849,97000,0.15
9150,214,3,87,2025-01-15,2,866392,494000,0.15
9151,176,16,65,2024-08-14,3,173690,128000,0.1
9152,186,19,58,2025-06-21,4,282366,172000,0.15
9153,259,8,18,2024-12-13,5,542999,398000,0.1
9154,476,17,53,2025-11-28,1,269183,146000,0.2
9155,160,18,90,2024-10-25,2,260462,156000,0.15
9156,454,13,73,2025-09-26,2,148321,84000,0.05
9157,137,11,5,2024-10-02,3,501235,278000,0.05
9158,255,2,1,2025-02-03,2,234738,139000,0.1
9159,89,20,20,2025-06-13,1,188439,117000,0.15
9160,468,3,43,2025-07-13,5,288284,203000,0.2
9161,225,14,51,2024-08-27,1,525757,280000,0.0
9162,2,8,27,2024-10-25,2,381913,245000,0.2
9163,252,9,66,2024-08-07,1,636541,341000,0.1
9164,457,18,12,2025-09-17,2,200189,128000,0.15
9165,164,4,2,2024-11-22,5,457712,313000,0.15
9166,315,19,2,2024-04-14,5,457712,313000,0.15
9167,106,20,60,2025-05-29,1,272251,183000,0.15
9168,319,10,27,2024-05-10,1,381913,245000,0.05
9169,302,10,5,2025-01-10,2,501235,278000,0.15
9170,455,13,24,2024-03-08,3,510411,408000,0.0
9171,164,16,48,2025-01-08,4,725534,462000,0.1
9172,325,5,39,2024-08-05,5,275775,169000,0.15
9173,465,16,72,2025-12-02,1,531452,441000,0.0
9174,31,11,86,2025-02-07,1,619302,320000,0.1
9175,368,10,41,2025-06-19,4,579025,345000,0.05
9176,4,1,15,2025-02-18,1,564164,320000,0.2
9177,209,3,96,2024-04-29,4,110974,65000,0.15
9178,226,13,85,2024-03-22,3,572260,305000,0.05
9179,150,12,52,2024-10-27,1,107522,76000,0.05
9180,303,3,49,2025-12-20,5,432853,263000,0.15
9181,118,13,66,2024-08-06,1,636541,341000,0.1
9182,171,12,80,2025-04-14,4,341486,186000,0.1
9183,285,7,34,2025-01-28,4,886449,498000,0.0
9184,191,7,35,2024-01-22,2,801865,464000,0.15
9185,417,10,31,2024-06-10,5,317221,202000,0.2
9186,205,13,78,2025-08-25,5,201181,104000,0.15
9187,401,4,93,2025-12-22,1,781223,436000,0.2
9188,285,2,66,2025-06-13,4,636541,341000,0.1
9189,11,7,37,2025-10-16,1,466547,278000,0.1
9190,228,9,54,2025-06-23,2,295710,156000,0.1
9191,62,19,43,2025-02-03,1,288284,203000,0.05
9192,444,6,31,2024-02-27,4,317221,202000,0.2
9193,308,10,21,2024-01-23,5,527487,336000,0.05
9194,84,3,38,2025-12-03,2,313675,175000,0.0
9195,426,15,26,2024-12-04,3,579595,443000,0.1
9196,471,2,78,2024-02-01,5,201181,104000,0.2
9197,199,18,61,2025-02-14,2,184225,100000,0.1
9198,196,7,63,2024-02-28,2,639248,338000,0.05
9199,500,7,54,2025-06-23,3,295710,156000,0.15
9200,495,2,57,2024-04-21,1,683509,406000,0.1
9201,249,15,37,2025-02-12,1,466547,278000,0.05
9202,185,19,62,2025-09-12,4,230470,154000,0.15
9203,139,20,85,2024-05-15,2,572260,305000,0.05
9204,41,19,50,2025-04-24,4,244295,174000,0.05
9205,400,15,54,2024-12-02,4,295710,156000,0.1
9206,429,20,75,2024-01-31,1,615439,387000,0.05
9207,13,6,40,2025-11-17,3,612399,307000,0.1
9208,105,18,69,2024-11-01,5,214926,121000,0.1
9209,431,19,95,2025-01-21,5,377246,224000,0.05
9210,490,4,58,2024-10-12,4,282366,172000,0.2
9211,139,18,31,2025-05-13,4,317221,202000,0.15
9212,299,13,67,2025-09-10,4,327734,181000,0.2
9213,266,14,78,2025-05-05,1,201181,104000,0.2
9214,63,18,30,2024-10-31,5,836817,422000,0.0
9215,20,20,89,2025-08-21,2,273964,141000,0.1
9216,145,10,37,2025-12-04,5,466547,278000,0.0
9217,235,2,34,2024-07-09,4,886449,498000,0.1
9218,140,11,58,2024-11-03,2,282366,172000,0.1
9219,211,3,93,2025-07-28,2,781223,436000,0.15
9220,236,6,8,2024-09-15,5,506180,391000,0.1
9221,234,11,71,2024-02-26,4,899254,479000,0.1
9222,64,9,12,2025-09-17,5,200189,128000,0.05
9223,280,6,49,2025-04-04,1,432853,263000,0.05
9224,212,17,72,2024-11-17,1,531452,441000,0.05
9225,463,1,77,2025-11-23,5,92902,58000,0.0
9226,246,15,72,2025-05-21,3,531452,441000,0.2
9227,55,7,1,2024-01-31,4,234738,139000,0.1
9228,322,6,74,2025-09-07,5,481960,308000,0.05
9229,477,16,42,2025-09-18,4,387805,204000,0.15
9230,48,16,89,2024-09-07,3,273964,141000,0.15
9231,207,6,100,2025-06-15,4,130122,92000,0.0
9232,211,3,53,2025-06-24,4,269183,146000,0.15
9233,201,7,52,2025-07-29,2,107522,76000,0.05
9234,481,7,69,2024-01-11,1,214926,121000,0.05
9235,351,20,19,2024-11-06,4,484036,311000,0.05
9236,313,9,67,2024-01-28,4,327734,181000,0.1
9237,291,16,52,2024-10-10,4,107522,76000,0.1
9238,202,10,58,2024-08-18,1,282366,172000,0.1
9239,333,11,35,2025-07-30,2,801865,464000,0.1
9240,335,15,37,2024-04-21,1,466547,278000,0.05
9241,334,2,49,2025-07-07,2,432853,263000,0.0
9242,128,9,10,2025-09-22,2,728704,377000,0.2
9243,470,1,65,2024-01-10,2,173690,128000,0.2
9244,182,8,87,2024-01-20,5,866392,494000,0.05
9245,325,12,50,2024-10-22,3,244295,174000,0.0
9246,215,20,52,2025-09-25,5,107522,76000,0.15
9247,87,7,6,2025-09-07,1,618850,348000,0.0
9248,413,10,25,2024-05-16,1,356587,291000,0.1
9249,327,15,2,2024-11-16,3,457712,313000,0.0
9250,411,5,42,2025-12-12,5,387805,204000,0.1
9251,500,3,60,2025-03-03,4,272251,183000,0.2
9252,417,19,84,2025-04-04,2,133333,78000,0.15
9253,123,11,96,2024-08-19,2,110974,65000,0.05
9254,11,3,56,2024-06-07,5,863852,432000,0.1
9255,230,13,71,2024-11-24,3,899254,479000,0.1
9256,484,6,49,2025-11-15,1,432853,263000,0.15
9257,145,3,74,2025-02-28,3,481960,308000,0.0
9258,158,3,2,2025-07-01,2,457712,313000,0.0
9259,93,14,82,2025-11-15,4,354688,203000,0.05
9260,325,14,48,2024-09-18,2,725534,462000,0.05
9261,383,3,48,2025-03-15,3,725534,462000,0.1
9262,144,14,17,2025-07-08,1,195974,134000,0.05
9263,155,2,59,2024-09-23,2,468552,288000,0.15
9264,89,17,10,2025-09-24,5,728704,377000,0.2
9265,108,11,78,2025-11-26,1,201181,104000,0.1
9266,176,14,28,2024-07-03,3,158902,91000,0.1
9267,2,16,17,2025-10-24,5,195974,134000,0.15
9268,401,17,89,2024-09-11,5,273964,141000,0.0
9269,126,9,37,2024-03-15,4,466547,278000,0.1
9270,140,20,100,2025-11-19,1,130122,92000,0.15
9271,192,18,12,2024-01-19,5,200189,128000,0.1
9272,344,11,18,2024-12-20,3,542999,398000,0.0
9273,180,3,99,2025-12-30,3,754227,445000,0.15
9274,12,14,17,2025-09-23,1,195974,134000,0.15
9275,395,19,14,2024-12-23,1,615107,440000,0.2
9276,169,8,59,2024-06-08,2,468552,288000,0.15
9277,274,9,1,2024-11-19,2,234738,139000,0.0
9278,401,9,49,2025-09-02,3,432853,263000,0.05
9279,353,11,35,2024-01-17,2,801865,464000,0.2
9280,85,7,33,2025-08-21,1,420924,285000,0.0
9281,490,16,14,2024-02-18,5,615107,440000,0.1
9282,451,11,72,2024-01-16,4,531452,441000,0.05
9283,435,2,88,2024-01-28,2,141570,73000,0.2
9284,382,20,31,2024-07-09,3,317221,202000,0.05
9285,458,11,21,2024-01-26,4,527487,336000,0.05
9286,178,13,88,2025-12-24,3,141570,73000,0.1
9287,255,12,19,2025-09-13,5,484036,311000,0.1
9288,355,8,50,2025-07-13,3,244295,174000,0.15
9289,298,10,30,2025-09-08,5,836817,422000,0.05
9290,350,12,27,2025-08-15,1,381913,245000,0.0
9291,181,15,11,2025-06-04,5,501111,364000,0.2
9292,403,17,71,2024-07-10,4,899254,479000,0.2
9293,93,17,2,2025-05-08,5,457712,313000,0.1
9294,102,1,32,2025-06-14,5,484101,322000,0.15
9295,288,14,88,2025-09-08,1,141570,73000,0.2
9296,207,1,47,2024-10-26,5,325148,173000,0.2
9297,81,11,58,2025-03-05,3,282366,172000,0.1
9298,459,7,87,2024-01-04,4,866392,494000,0.15
9299,414,17,21,2025-07-01,4,527487,336000,0.0
9300,422,11,58,2025-04-07,3,282366,172000,0.2
9301,341,5,7,2024-02-02,5,571254,384000,0.2
9302,465,5,5,2025-11-09,4,501235,278000,0.1
9303,467,2,6,2025-08-22,3,618850,348000,0.15
9304,11,13,60,2025-08-17,3,272251,183000,0.05
9305,254,7,34,2025-05-06,5,886449,498000,0.1
9306,153,9,79,2024-06-01,2,250982,148000,0.0
9307,245,8,100,2025-11-29,3,130122,92000,0.0
9308,42,18,82,2025-05-10,1,354688,203000,0.2
9309,35,6,84,2024-05-03,5,133333,78000,0.0
9310,466,6,8,2025-05-15,2,506180,391000,0.15
9311,413,9,79,2025-09-25,1,250982,148000,0.15
9312,398,13,17,2025-10-15,4,195974,134000,0.0
9313,34,1,54,2025-05-10,4,295710,156000,0.1
9314,94,15,63,2024-12-20,5,639248,338000,0.05
9315,359,1,44,2024-05-18,4,533229,334000,0.1
9316,462,7,70,2025-12-02,2,651468,327000,0.0
9317,41,17,2,2025-01-30,1,457712,313000,0.0
9318,82,19,29,2024-12-04,2,147705,110000,0.0
9319,36,13,6,2024-10-29,1,618850,348000,0.15
9320,282,13,49,2024-02-08,3,432853,263000,0.05
9321,439,8,4,2025-07-23,3,213367,177000,0.05
9322,109,5,13,2024-05-23,4,670509,409000,0.15
9323,243,4,39,2024-10-14,4,275775,169000,0.1
9324,32,14,5,2025-02-06,4,501235,278000,0.0
9325,271,18,59,2025-04-09,2,468552,288000,0.15
9326,63,18,80,2024-09-18,2,341486,186000,0.0
9327,83,20,16,2025-04-15,1,150904,81000,0.0
9328,318,18,4,2025-04-27,5,213367,177000,0.1
9329,49,15,93,2025-11-02,1,781223,436000,0.0
9330,239,14,8,2024-10-04,3,506180,391000,0.15
9331,190,15,95,2025-10-06,3,377246,224000,0.2
9332,11,8,97,2025-08-29,3,246451,166000,0.15
9333,237,11,94,2025-10-05,2,98417,77000,0.15
9334,478,20,82,2025-05-15,5,354688,203000,0.1
9335,367,20,11,2025-09-24,1,501111,364000,0.2
9336,145,18,75,2025-06-25,2,615439,387000,0.15
9337,112,2,92,2024-06-15,4,759219,396000,0.1
9338,430,7,69,2024-11-19,1,214926,121000,0.1
9339,136,20,25,2024-01-26,3,356587,291000,0.05
9340,435,2,70,2025-04-19,2,651468,327000,0.0
9341,488,15,1,2025-02-06,1,234738,139000,0.05
9342,178,7,45,2025-04-02,3,732045,452000,0.1
9343,405,3,91,2024-10-24,5,128108,89000,0.15
9344,175,3,55,2024-05-22,2,78058,57000,0.2
9345,104,2,14,2025-10-11,4,615107,440000,0.05
9346,46,16,25,2024-06-16,3,356587,291000,0.2
9347,128,1,23,2025-12-02,4,435414,346000,0.05
9348,478,1,70,2025-07-20,1,651468,327000,0.1
9349,41,4,69,2025-12-12,5,214926,121000,0.15
9350,155,10,22,2024-01-22,3,353698,252000,0.2
9351,164,15,90,2025-02-11,2,260462,156000,0.0
9352,69,15,62,2024-04-12,2,230470,154000,0.0
9353,1,19,14,2024-04-18,4,615107,440000,0.2
9354,461,14,68,2025-03-01,1,380357,285000,0.15
9355,171,5,30,2024-03-28,3,836817,422000,0.05
9356,232,4,54,2025-10-31,4,295710,156000,0.05
9357,480,13,10,2024-01-07,1,728704,377000,0.15
9358,222,9,69,2025-10-22,4,214926,121000,0.2
9359,243,8,54,2024-10-24,3,295710,156000,0.0
9360,282,19,45,2025-03-13,5,732045,452000,0.1
9361,96,11,43,2024-10-25,2,288284,203000,0.15
9362,474,13,23,2025-03-30,3,435414,346000,0.15
9363,356,16,69,2025-10-17,5,214926,121000,0.2
9364,425,19,92,2025-11-27,4,759219,396000,0.05
9365,462,13,48,2025-10-03,1,725534,462000,0.15
9366,334,8,5,2025-11-15,2,501235,278000,0.05
9367,136,1,85,2024-04-12,4,572260,305000,0.0
9368,226,3,79,2025-11-26,3,250982,148000,0.0
9369,485,13,45,2025-09-16,1,732045,452000,0.2
9370,30,10,94,2024-08-16,2,98417,77000,0.05
9371,368,19,63,2024-12-10,4,639248,338000,0.05
9372,327,20,54,2025-01-05,1,295710,156000,0.0
9373,412,17,91,2024-08-23,3,128108,89000,0.05
9374,65,19,100,2025-02-06,3,130122,92000,0.0
9375,281,17,88,2024-07-08,1,141570,73000,0.15
9376,28,7,12,2025-02-11,3,200189,128000,0.15
9377,180,3,4,2024-02-29,5,213367,177000,0.2
9378,477,7,82,2024-09-26,5,354688,203000,0.05
9379,128,11,36,2025-02-21,5,236121,173000,0.05
9380,478,17,56,2025-12-10,5,863852,432000,0.0
9381,471,8,64,2025-10-06,4,81699,58000,0.2
9382,462,9,37,2024-10-28,4,466547,278000,0.05
9383,74,4,13,2025-01-31,4,670509,409000,0.15
9384,11,20,69,2024-09-04,4,214926,121000,0.1
9385,67,20,53,2024-11-04,3,269183,146000,0.15
9386,271,8,82,2025-02-04,2,354688,203000,0.05
9387,13,20,94,2025-05-09,3,98417,77000,0.2
9388,54,14,93,2024-12-09,2,781223,436000,0.2
9389,302,2,87,2025-12-27,2,866392,494000,0.2
9390,270,5,72,2024-09-28,3,531452,441000,0.1
9391,464,7,49,2025-05-03,2,432853,263000,0.15
9392,267,4,29,2024-12-11,1,147705,110000,0.05
9393,207,8,17,2025-02-06,5,195974,134000,0.15
9394,319,15,35,2024-04-16,1,801865,464000,0.1
9395,218,11,96,2025-04-23,3,110974,65000,0.1
9396,206,20,92,2024-11-06,2,759219,396000,0.05
9397,212,19,52,2024-04-27,5,107522,76000,0.1
9398,37,15,23,2025-01-14,1,435414,346000,0.15
9399,337,5,14,2025-12-05,2,615107,440000,0.1
9400,134,15,81,2024-12-01,5,402769,257000,0.1
9401,12,12,4,2025-10-02,3,213367,177000,0.0
9402,270,2,57,2025-12-27,3,683509,406000,0.1
9403,274,15,63,2024-11-15,4,639248,338000,0.15
9404,280,8,67,2024-08-19,3,327734,181000,0.0
9405,24,16,16,2025-03-22,2,150904,81000,0.15
9406,311,10,69,2024-12-24,2,214926,121000,0.05
9407,186,5,70,2024-09-19,2,651468,327000,0.05
9408,199,1,37,2024-05-01,5,466547,278000,0.2
9409,159,4,85,2024-09-11,2,572260,305000,0.1
9410,209,4,63,2024-11-14,4,639248,338000,0.1
9411,393,19,34,2025-10-22,1,886449,498000,0.0
9412,52,10,84,2025-10-31,1,133333,78000,0.0
9413,329,3,87,2025-08-04,4,866392,494000,0.05
9414,420,8,81,2025-06-02,2,402769,257000,0.2
9415,287,1,41,2024-10-15,5,579025,345000,0.1
9416,244,3,87,2025-04-14,1,866392,494000,0.05
9417,54,11,18,2025-12-15,4,542999,398000,0.15
9418,424,20,50,2024-07-18,5,244295,174000,0.1
9419,231,10,1,2025-11-28,5,234738,139000,0.0
9420,8,17,35,2024-09-15,4,801865,464000,0.2
9421,305,6,1,2025-07-04,2,234738,139000,0.0
9422,134,4,22,2025-02-16,5,353698,252000,0.0
9423,285,10,78,2024-11-29,5,201181,104000,0.15
9424,238,14,5,2024-09-07,2,501235,278000,0.2
9425,328,11,33,2025-03-01,3,420924,285000,0.05
9426,8,6,72,2025-06-21,4,531452,441000,0.05
9427,215,6,31,2024-11-23,5,317221,202000,0.15
9428,5,12,53,2025-07-21,1,269183,146000,0.0
9429,445,4,75,2025-11-16,5,615439,387000,0.0
9430,4,8,68,2024-01-14,5,380357,285000,0.2
9431,234,18,1,2024-07-18,1,234738,139000,0.1
9432,377,16,20,2025-06-20,5,188439,117000,0.15
9433,466,7,81,2024-02-22,2,402769,257000,0.05
9434,440,18,2,2024-03-03,4,457712,313000,0.0
9435,482,6,9,2024-06-23,4,449456,257000,0.2
9436,484,13,27,2025-01-22,5,381913,245000,0.15
9437,36,12,22,2024-10-02,1,353698,252000,0.1
9438,31,15,90,2025-07-28,1,260462,156000,0.2
9439,318,6,1,2024-05-17,2,234738,139000,0.15
9440,340,18,89,2024-06-07,5,273964,141000,0.1
9441,394,8,53,2025-07-04,2,269183,146000,0.1
9442,452,13,40,2025-12-21,5,612399,307000,0.05
9443,420,18,26,2025-10-14,5,579595,443000,0.2
9444,180,20,63,2024-11-27,3,639248,338000,0.2
9445,395,8,12,2024-05-24,1,200189,128000,0.2
9446,259,12,31,2025-06-21,3,317221,202000,0.1
9447,114,9,59,2025-10-27,2,468552,288000,0.2
9448,50,14,52,2025-09-15,2,107522,76000,0.2
9449,165,18,11,2024-12-24,5,501111,364000,0.0
9450,358,5,63,2024-01-19,3,639248,338000,0.05
9451,369,19,76,2024-10-05,4,67949,56000,0.0
9452,34,14,77,2024-10-31,1,92902,58000,0.2
9453,338,6,60,2025-10-04,5,272251,183000,0.1
9454,306,17,84,2025-04-20,1,133333,78000,0.05
9455,436,9,79,2024-12-02,1,250982,148000,0.1
9456,488,20,70,2025-07-29,1,651468,327000,0.0
9457,144,11,16,2025-06-09,4,150904,81000,0.05
9458,139,19,67,2025-05-10,3,327734,181000,0.2
9459,445,6,33,2025-08-13,1,420924,285000,0.0
9460,497,13,54,2025-06-13,2,295710,156000,0.2
9461,337,6,45,2025-05-20,5,732045,452000,0.0
9462,339,1,3,2025-10-15,1,285890,144000,0.2
9463,292,16,46,2024-03-23,4,181428,126000,0.0
9464,165,5,37,2025-04-02,2,466547,278000,0.1
9465,177,12,85,2024-12-04,5,572260,305000,0.05
9466,360,18,82,2024-01-26,4,354688,203000,0.2
9467,1,4,35,2024-01-14,4,801865,464000,0.2
9468,400,7,44,2024-05-10,5,533229,334000,0.0
9469,96,10,49,2025-12-21,2,432853,263000,0.1
9470,20,1,80,2025-11-25,3,341486,186000,0.15
9471,355,2,18,2025-08-08,3,542999,398000,0.0
9472,356,9,51,2024-11-11,4,525757,280000,0.05
9473,481,12,100,2025-09-28,4,130122,92000,0.0
9474,273,16,61,2024-10-21,4,184225,100000,0.05
9475,125,2,63,2025-01-30,3,639248,338000,0.15
9476,226,5,88,2024-12-07,5,141570,73000,0.05
9477,484,20,86,2024-01-31,5,619302,320000,0.2
9478,425,14,13,2025-12-08,1,670509,409000,0.0
9479,322,3,32,2024-11-10,3,484101,322000,0.15
9480,24,5,65,2024-05-17,1,173690,128000,0.1
9481,400,19,21,2024-11-19,2,527487,336000,0.0
9482,110,14,62,2024-09-12,3,230470,154000,0.15
9483,194,12,72,2025-05-06,2,531452,441000,0.2
9484,72,11,58,2024-12-21,3,282366,172000,0.1
9485,482,13,66,2024-11-27,4,636541,341000,0.2
9486,391,13,70,2025-03-12,3,651468,327000,0.0
9487,86,13,35,2025-06-21,5,801865,464000,0.15
9488,115,2,40,2024-04-24,5,612399,307000,0.15
9489,181,9,7,2024-12-17,1,571254,384000,0.05
9490,123,10,52,2024-09-12,3,107522,76000,0.1
9491,70,19,57,2024-12-23,5,683509,406000,0.2
9492,234,1,34,2024-10-21,5,886449,498000,0.1
9493,19,11,37,2025-01-15,1,466547,278000,0.1
9494,247,2,86,2024-07-19,4,619302,320000,0.05
9495,55,3,55,2025-10-26,5,78058,57000,0.1
9496,332,4,67,2025-02-07,1,327734,181000,0.2
9497,336,20,26,2025-01-07,5,579595,443000,0.15
9498,84,6,45,2024-10-13,3,732045,452000,0.2
9499,98,8,74,2025-11-12,5,481960,308000,0.0
9500,316,20,83,2024-03-19,2,147849,97000,0.1
9501,267,1,59,2024-03-23,4,468552,288000,0.0
9502,402,15,14,2025-12-14,4,615107,440000,0.15
9503,425,9,38,2024-02-22,2,313675,175000,0.15
9504,267,11,70,2025-08-30,5,651468,327000,0.0
9505,133,8,78,2024-04-11,2,201181,104000,0.15
9506,241,9,88,2024-10-04,4,141570,73000,0.2
9507,200,17,78,2025-05-06,2,201181,104000,0.1
9508,214,3,69,2025-06-01,5,214926,121000,0.05
9509,247,15,51,2025-11-12,1,525757,280000,0.2
9510,346,2,50,2025-06-20,3,244295,174000,0.1
9511,405,20,70,2024-03-24,3,651468,327000,0.05
9512,464,15,54,2024-03-09,3,295710,156000,0.05
9513,100,3,73,2024-11-24,1,148321,84000,0.0
9514,164,16,18,2025-01-14,4,542999,398000,0.0
9515,410,18,39,2025-10-05,1,275775,169000,0.05
9516,189,18,97,2025-09-28,3,246451,166000,0.1
9517,165,12,98,2025-08-09,4,252844,145000,0.15
9518,265,3,73,2025-03-01,1,148321,84000,0.05
9519,124,15,30,2025-06-14,1,836817,422000,0.15
9520,354,8,27,2025-12-12,1,381913,245000,0.2
9521,88,8,45,2024-04-21,5,732045,452000,0.1
9522,368,6,98,2025-08-19,3,252844,145000,0.1
9523,265,2,26,2025-12-10,2,579595,443000,0.1
9524,164,16,96,2024-12-21,2,110974,65000,0.1
9525,416,15,10,2024-07-02,1,728704,377000,0.15
9526,467,10,35,2024-04-15,2,801865,464000,0.1
9527,103,5,77,2025-02-25,2,92902,58000,0.2
9528,52,15,64,2024-07-29,1,81699,58000,0.05
9529,381,3,33,2025-06-21,1,420924,285000,0.05
9530,437,16,6,2025-10-08,4,618850,348000,0.0
9531,107,7,50,2024-10-07,2,244295,174000,0.1
9532,333,13,36,2024-07-04,4,236121,173000,0.0
9533,143,3,27,2025-02-11,2,381913,245000,0.1
9534,413,18,91,2025-08-29,4,128108,89000,0.05
9535,170,5,85,2024-06-24,4,572260,305000,0.0
9536,348,8,13,2024-10-02,3,670509,409000,0.0
9537,333,7,45,2024-05-13,1,732045,452000,0.15
9538,23,9,86,2025-01-09,4,619302,320000,0.2
9539,87,13,94,2025-01-07,3,98417,77000,0.2
9540,148,16,7,2024-12-07,2,571254,384000,0.05
9541,457,11,20,2024-02-06,2,188439,117000,0.1
9542,392,13,93,2024-02-16,3,781223,436000,0.05
9543,9,1,10,2025-09-19,1,728704,377000,0.05
9544,70,16,35,2025-09-10,3,801865,464000,0.2
9545,27,17,47,2024-10-01,2,325148,173000,0.05
9546,288,8,63,2025-03-04,1,639248,338000,0.1
9547,206,8,29,2025-01-01,3,147705,110000,0.1
9548,33,17,66,2025-07-22,3,636541,341000,0.2
9549,453,7,99,2024-09-23,2,754227,445000,0.2
9550,272,13,79,2024-10-31,5,250982,148000,0.15
9551,448,12,75,2024-02-14,5,615439,387000,0.0
9552,492,7,92,2025-12-29,3,759219,396000,0.15
9553,320,5,26,2025-04-16,5,579595,443000,0.0
9554,345,10,52,2025-08-14,4,107522,76000,0.0
9555,453,12,2,2025-04-11,3,457712,313000,0.1
9556,8,11,4,2024-11-18,1,213367,177000,0.15
9557,265,20,53,2024-11-26,4,269183,146000,0.1
9558,204,11,98,2025-10-23,5,252844,145000,0.0
9559,444,5,69,2025-05-23,4,214926,121000,0.2
9560,94,2,21,2024-10-23,2,527487,336000,0.05
9561,205,8,33,2024-03-03,2,420924,285000,0.0
9562,445,2,89,2024-04-17,1,273964,141000,0.2
9563,379,8,55,2024-04-13,5,78058,57000,0.15
9564,41,3,49,2025-08-28,2,432853,263000,0.1
9565,281,13,39,2024-06-06,2,275775,169000,0.0
9566,81,18,14,2024-08-09,2,615107,440000,0.05
9567,367,5,53,2024-01-03,1,269183,146000,0.1
9568,70,5,82,2024-11-01,3,354688,203000,0.1
9569,148,8,34,2024-06-23,5,886449,498000,0.05
9570,68,2,3,2025-12-08,2,285890,144000,0.05
9571,67,15,2,2024-07-14,1,457712,313000,0.0
9572,338,6,68,2025-07-11,5,380357,285000,0.05
9573,329,19,34,2024-03-03,2,886449,498000,0.1
9574,172,8,63,2024-08-26,5,639248,338000,0.0
9575,499,13,98,2024-11-26,2,252844,145000,0.2
9576,302,9,15,2024-07-07,4,564164,320000,0.15
9577,377,16,95,2025-02-21,5,377246,224000,0.1
9578,386,20,49,2025-07-04,3,432853,263000,0.0
9579,111,13,59,2025-01-06,4,468552,288000,0.2
9580,97,1,9,2025-07-19,3,449456,257000,0.0
9581,28,13,83,2025-09-03,4,147849,97000,0.0
9582,66,16,32,2024-02-26,2,484101,322000,0.15
9583,241,6,25,2025-03-09,1,356587,291000,0.1
9584,220,6,54,2024-07-21,1,295710,156000,0.15
9585,416,20,76,2024-11-24,2,67949,56000,0.1
9586,363,15,86,2025-04-26,5,619302,320000,0.2
9587,354,10,59,2024-07-05,2,468552,288000,0.2
9588,144,14,25,2024-03-06,5,356587,291000,0.05
9589,96,6,22,2024-06-18,5,353698,252000,0.05
9590,370,3,68,2025-06-18,2,380357,285000,0.05
9591,370,6,26,2024-06-29,5,579595,443000,0.1
9592,198,5,28,2024-01-29,3,158902,91000,0.2
9593,150,2,63,2025-12-23,1,639248,338000,0.2
9594,39,6,93,2024-11-02,1,781223,436000,0.1
9595,303,5,40,2024-07-08,3,612399,307000,0.05
9596,346,1,33,2025-03-29,3,420924,285000,0.15
9597,362,8,67,2025-08-12,5,327734,181000,0.05
9598,213,6,90,2024-10-13,3,260462,156000,0.0
9599,330,15,89,2024-07-20,5,273964,141000,0.05
9600,440,11,36,2024-07-20,1,236121,173000,0.1
9601,229,17,71,2025-06-18,2,899254,479000,0.05
9602,41,20,83,2025-10-01,5,147849,97000,0.1
9603,297,9,3,2024-02-03,3,285890,144000,0.05
9604,293,12,44,2025-01-05,5,533229,334000,0.15
9605,415,16,8,2024-12-19,5,506180,391000,0.05
9606,349,7,17,2025-12-15,2,195974,134000,0.05
9607,287,14,2,2024-01-05,1,457712,313000,0.15
9608,417,10,9,2025-09-09,5,449456,257000,0.15
9609,234,10,65,2025-11-28,3,173690,128000,0.15
9610,51,9,60,2025-09-26,3,272251,183000,0.05
9611,195,12,71,2025-10-23,2,899254,479000,0.1
9612,70,5,6,2025-08-08,5,618850,348000,0.15
9613,420,5,59,2024-12-06,1,468552,288000,0.05
9614,53,4,87,2025-10-02,3,866392,494000,0.1
9615,379,14,96,2024-12-29,1,110974,65000,0.1
9616,217,14,23,2024-05-26,3,435414,346000,0.0
9617,403,19,58,2024-01-27,4,282366,172000,0.2
9618,206,10,34,2025-08-05,1,886449,498000,0.1
9619,218,9,62,2024-07-24,1,230470,154000,0.05
9620,367,5,22,2024-07-22,3,353698,252000,0.1
9621,436,8,4,2024-10-04,4,213367,177000,0.1
9622,113,10,18,2024-10-29,4,542999,398000,0.0
9623,177,5,8,2024-03-13,2,506180,391000,0.15
9624,23,20,92,2024-05-02,3,759219,396000,0.05
9625,127,1,9,2025-06-30,3,449456,257000,0.15
9626,383,6,80,2024-03-20,3,341486,186000,0.05
9627,142,19,21,2025-02-15,3,527487,336000,0.05
9628,238,2,57,2025-07-16,3,683509,406000,0.15
9629,145,6,56,2024-10-24,4,863852,432000,0.15
9630,239,1,65,2024-02-07,4,173690,128000,0.05
9631,375,3,59,2024-02-10,5,468552,288000,0.0
9632,151,10,94,2024-05-18,1,98417,77000,0.0
9633,311,10,68,2025-02-05,1,380357,285000,0.1
9634,247,10,17,2025-06-05,1,195974,134000,0.0
9635,144,9,92,2024-01-27,5,759219,396000,0.0
9636,497,2,75,2025-11-04,1,615439,387000,0.0
9637,37,10,57,2025-12-05,2,683509,406000,0.05
9638,292,20,73,2024-10-17,2,148321,84000,0.0
9639,29,9,27,2024-10-23,1,381913,245000,0.15
9640,235,2,11,2024-03-01,2,501111,364000,0.0
9641,15,12,86,2024-03-17,3,619302,320000,0.05
9642,187,17,48,2024-03-31,1,725534,462000,0.05
9643,20,13,66,2024-11-20,4,636541,341000,0.2
9644,495,12,54,2025-03-31,1,295710,156000,0.15
9645,136,17,83,2024-04-28,1,147849,97000,0.1
9646,207,1,30,2024-12-06,3,836817,422000,0.0
9647,369,5,73,2024-09-29,3,148321,84000,0.0
9648,80,3,59,2025-12-02,4,468552,288000,0.0
9649,59,4,44,2025-02-01,2,533229,334000,0.2
9650,465,14,43,2024-03-22,1,288284,203000,0.0
9651,107,12,23,2024-09-19,4,435414,346000,0.0
9652,19,13,79,2024-04-24,2,250982,148000,0.1
9653,324,9,14,2024-01-11,4,615107,440000,0.1
9654,179,7,90,2024-11-21,4,260462,156000,0.05
9655,256,3,16,2024-07-23,1,150904,81000,0.15
9656,75,11,24,2025-03-25,2,510411,408000,0.0
9657,157,11,94,2025-10-25,1,98417,77000,0.2
9658,281,17,93,2024-01-21,2,781223,436000,0.1
9659,346,19,56,2025-03-14,1,863852,432000,0.2
9660,209,2,17,2024-08-28,3,195974,134000,0.05
9661,314,19,13,2025-11-01,1,670509,409000,0.2
9662,484,9,31,2024-04-10,1,317221,202000,0.2
9663,313,17,99,2025-09-01,1,754227,445000,0.0
9664,483,4,15,2025-04-07,2,564164,320000,0.2
9665,267,15,76,2025-06-12,2,67949,56000,0.05
9666,303,9,40,2025-12-28,1,612399,307000,0.1
9667,326,7,80,2024-09-28,2,341486,186000,0.1
9668,208,14,39,2024-06-01,3,275775,169000,0.0
9669,273,14,34,2024-09-05,2,886449,498000,0.15
9670,458,9,81,2025-03-23,5,402769,257000,0.15
9671,172,3,71,2024-02-08,1,899254,479000,0.0
9672,374,5,99,2025-10-17,2,754227,445000,0.2
9673,97,1,90,2024-10-04,4,260462,156000,0.05
9674,255,20,95,2025-04-27,4,377246,224000,0.15
9675,235,17,67,2025-04-11,2,327734,181000,0.15
9676,262,5,9,2024-01-04,1,449456,257000,0.15
9677,406,8,33,2025-09-16,1,420924,285000,0.2
9678,441,8,82,2025-12-12,3,354688,203000,0.0
9679,296,6,25,2025-04-10,1,356587,291000,0.1
9680,128,14,8,2025-11-18,5,506180,391000,0.05
9681,84,1,50,2025-10-20,1,244295,174000,0.15
9682,416,11,11,2025-08-26,4,501111,364000,0.05
9683,330,13,94,2025-01-25,1,98417,77000,0.05
9684,217,4,8,2025-08-23,5,506180,391000,0.15
9685,1,8,12,2024-10-04,1,200189,128000,0.2
9686,338,16,80,2024-07-03,1,341486,186000,0.2
9687,11,17,51,2025-02-25,4,525757,280000,0.05
9688,418,19,54,2024-08-11,2,295710,156000,0.05
9689,201,13,77,2025-02-04,3,92902,58000,0.0
9690,406,11,83,2024-01-09,4,147849,97000,0.15
9691,14,2,46,2025-10-23,1,181428,126000,0.2
9692,281,7,44,2024-02-24,1,533229,334000,0.2
9693,185,2,6,2024-07-10,4,618850,348000,0.2
9694,180,12,89,2024-02-06,5,273964,141000,0.2
9695,300,19,56,2024-03-20,3,863852,432000,0.1
9696,134,7,96,2024-05-09,3,110974,65000,0.0
9697,191,1,54,2024-02-19,1,295710,156000,0.15
9698,385,19,90,2025-10-12,2,260462,156000,0.2
9699,48,19,79,2025-02-12,1,250982,148000,0.15
9700,313,18,16,2024-11-13,5,150904,81000,0.0
9701,135,20,27,2025-06-18,4,381913,245000,0.15
9702,231,15,2,2024-04-05,2,457712,313000,0.05
9703,393,16,36,2024-05-01,5,236121,173000,0.0
9704,12,2,56,2025-01-15,4,863852,432000,0.1
9705,329,7,36,2024-12-13,2,236121,173000,0.15
9706,182,5,95,2025-04-01,1,377246,224000,0.1
9707,367,18,23,2024-02-23,5,435414,346000,0.1
9708,465,7,32,2024-02-06,5,484101,322000,0.15
9709,254,10,75,2025-03-10,1,615439,387000,0.05
9710,452,13,72,2025-01-03,4,531452,441000,0.15
9711,483,3,61,2024-11-28,3,184225,100000,0.05
9712,358,16,41,2025-11-08,2,579025,345000,0.1
9713,255,1,37,2024-05-19,2,466547,278000,0.2
9714,235,18,67,2024-02-28,1,327734,181000,0.05
9715,277,3,6,2025-05-19,1,618850,348000,0.05
9716,325,5,1,2024-09-12,1,234738,139000,0.0
9717,132,4,1,2024-09-02,5,234738,139000,0.05
9718,351,20,99,2025-09-03,4,754227,445000,0.0
9719,251,17,4,2024-12-21,5,213367,177000,0.15
9720,205,3,69,2025-02-14,3,214926,121000,0.0
9721,134,10,73,2025-02-09,1,148321,84000,0.15
9722,115,19,35,2024-10-14,5,801865,464000,0.0
9723,491,5,37,2025-03-20,4,466547,278000,0.0
9724,431,15,17,2025-12-07,2,195974,134000,0.15
9725,175,9,17,2024-01-20,4,195974,134000,0.0
9726,10,6,100,2025-01-25,1,130122,92000,0.05
9727,370,11,67,2024-12-30,3,327734,181000,0.15
9728,272,19,75,2025-12-25,2,615439,387000,0.0
9729,414,13,41,2025-06-03,4,579025,345000,0.2
9730,436,7,33,2024-08-10,5,420924,285000,0.2
9731,181,7,86,2024-10-08,5,619302,320000,0.15
9732,91,8,78,2024-02-13,1,201181,104000,0.2
9733,211,3,70,2025-03-27,3,651468,327000,0.2
9734,115,8,82,2024-09-18,3,354688,203000,0.1
9735,395,2,86,2025-01-21,4,619302,320000,0.05
9736,225,11,80,2024-12-03,1,341486,186000,0.2
9737,227,13,29,2024-11-09,4,147705,110000,0.2
9738,367,7,97,2025-06-25,2,246451,166000,0.0
9739,294,1,84,2025-12-28,3,133333,78000,0.05
9740,85,16,2,2025-08-30,2,457712,313000,0.1
9741,152,13,69,2024-07-26,3,214926,121000,0.05
9742,405,6,93,2024-03-12,1,781223,436000,0.1
9743,377,1,15,2025-02-16,4,564164,320000,0.15
9744,46,1,67,2024-02-15,5,327734,181000,0.15
9745,454,20,49,2025-06-01,4,432853,263000,0.1
9746,159,5,58,2025-12-23,5,282366,172000,0.05
9747,283,5,95,2025-01-04,3,377246,224000,0.15
9748,419,11,97,2025-07-24,5,246451,166000,0.05
9749,321,11,33,2024-10-28,1,420924,285000,0.1
9750,205,7,3,2025-07-17,2,285890,144000,0.2
9751,486,13,68,2025-01-21,2,380357,285000,0.1
9752,132,10,78,2024-05-02,1,201181,104000,0.2
9753,71,20,78,2024-02-14,5,201181,104000,0.15
9754,94,18,92,2024-08-18,4,759219,396000,0.1
9755,340,7,91,2024-12-18,2,128108,89000,0.0
9756,457,20,3,2025-04-22,4,285890,144000,0.0
9757,362,17,14,2024-10-25,5,615107,440000,0.0
9758,484,1,90,2025-03-11,4,260462,156000,0.2
9759,364,8,10,2025-06-11,3,728704,377000,0.0
9760,92,20,31,2024-03-13,3,317221,202000,0.1
9761,381,9,68,2025-10-23,2,380357,285000,0.2
9762,107,7,45,2025-06-04,3,732045,452000,0.0
9763,56,10,100,2025-06-17,4,130122,92000,0.2
9764,453,12,84,2024-05-28,4,133333,78000,0.1
9765,270,5,4,2024-08-15,4,213367,177000,0.1
9766,423,2,6,2024-12-30,2,618850,348000,0.2
9767,220,15,84,2025-06-04,1,133333,78000,0.15
9768,18,11,58,2024-01-01,3,282366,172000,0.1
9769,324,13,25,2025-10-14,3,356587,291000,0.15
9770,440,15,92,2025-02-05,1,759219,396000,0.05
9771,138,6,27,2024-03-10,2,381913,245000,0.15
9772,183,3,33,2024-03-27,4,420924,285000,0.1
9773,162,14,56,2025-09-22,2,863852,432000,0.05
9774,452,6,54,2025-06-04,1,295710,156000,0.1
9775,155,18,90,2025-03-02,3,260462,156000,0.05
9776,83,15,44,2025-06-24,1,533229,334000,0.15
9777,104,2,88,2025-04-30,3,141570,73000,0.15
9778,446,13,98,2024-09-23,4,252844,145000,0.0
9779,131,3,4,2025-11-16,1,213367,177000,0.15
9780,460,2,77,2024-01-27,4,92902,58000,0.1
9781,212,17,8,2024-12-01,5,506180,391000,0.05
9782,472,14,26,2025-11-01,3,579595,443000,0.2
9783,321,18,17,2024-09-12,4,195974,134000,0.2
9784,169,9,61,2025-01-26,4,184225,100000,0.15
9785,481,16,1,2024-10-31,2,234738,139000,0.05
9786,59,7,98,2024-12-18,1,252844,145000,0.1
9787,273,6,58,2024-05-10,3,282366,172000,0.0
9788,93,19,54,2024-12-16,3,295710,156000,0.15
9789,199,6,29,2025-01-05,4,147705,110000,0.15
9790,346,9,59,2024-12-15,3,468552,288000,0.1
9791,325,17,2,2025-08-21,2,457712,313000,0.1
9792,230,12,97,2025-09-11,5,246451,166000,0.05
9793,205,10,80,2024-08-30,3,341486,186000,0.1
9794,26,19,81,2025-12-03,2,402769,257000,0.05
9795,132,9,34,2024-12-05,4,886449,498000,0.0
9796,449,7,64,2025-05-31,4,81699,58000,0.1
9797,374,15,79,2025-07-29,1,250982,148000,0.0
9798,32,9,50,2025-04-01,5,244295,174000,0.05
9799,464,5,31,2024-12-05,5,317221,202000,0.2
9800,394,17,67,2024-12-27,4,327734,181000,0.0
9801,13,5,30,2024-08-18,3,836817,422000,0.1
9802,282,11,75,2024-09-02,5,615439,387000,0.15
9803,32,5,40,2024-10-14,3,612399,307000,0.05
9804,155,14,79,2024-01-08,3,250982,148000,0.2
9805,371,20,66,2025-12-20,5,636541,341000,0.15
9806,277,15,92,2024-02-17,5,759219,396000,0.2
9807,90,16,52,2025-11-03,2,107522,76000,0.1
9808,54,4,22,2025-04-21,3,353698,252000,0.15
9809,100,16,45,2025-04-12,4,732045,452000,0.2
9810,63,13,69,2025-02-20,1,214926,121000,0.1
9811,194,16,21,2024-08-04,1,527487,336000,0.15
9812,102,3,11,2025-05-22,2,501111,364000,0.2
9813,292,4,38,2024-03-18,1,313675,175000,0.05
9814,218,6,51,2024-05-03,4,525757,280000,0.15
9815,268,19,40,2025-07-12,4,612399,307000,0.2
9816,89,3,83,2025-02-06,4,147849,97000,0.15
9817,238,19,65,2024-11-15,2,173690,128000,0.05
9818,253,13,81,2024-09-20,2,402769,257000,0.05
9819,22,15,84,2025-03-26,5,133333,78000,0.15
9820,327,9,14,2024-04-04,4,615107,440000,0.15
9821,313,5,67,2025-04-16,5,327734,181000,0.1
9822,355,6,43,2025-01-14,4,288284,203000,0.2
9823,258,2,25,2025-09-03,3,356587,291000,0.05
9824,389,3,4,2024-10-26,5,213367,177000,0.05
9825,175,9,29,2024-09-14,4,147705,110000,0.05
9826,494,3,17,2024-04-08,3,195974,134000,0.15
9827,440,6,45,2024-07-09,3,732045,452000,0.2
9828,171,3,9,2025-08-02,5,449456,257000,0.0
9829,231,1,57,2024-01-02,1,683509,406000,0.2
9830,219,20,56,2025-10-30,4,863852,432000,0.15
9831,407,13,26,2024-04-09,1,579595,443000,0.05
9832,101,7,39,2025-07-20,3,275775,169000,0.05
9833,166,1,52,2024-12-23,3,107522,76000,0.05
9834,356,6,29,2024-09-05,3,147705,110000,0.05
9835,83,11,94,2024-04-12,1,98417,77000,0.0
9836,394,20,39,2024-12-01,4,275775,169000,0.15
9837,343,20,9,2025-08-25,3,449456,257000,0.2
9838,22,8,46,2025-04-27,5,181428,126000,0.15
9839,220,18,13,2025-01-04,4,670509,409000,0.0
9840,101,6,85,2025-07-19,2,572260,305000,0.1
9841,169,10,6,2024-08-09,1,618850,348000,0.1
9842,448,16,48,2025-02-09,4,725534,462000,0.05
9843,412,8,79,2025-12-03,5,250982,148000,0.2
9844,215,10,56,2024-08-28,5,863852,432000,0.15
9845,260,4,86,2025-08-16,3,619302,320000,0.1
9846,402,14,4,2024-05-15,4,213367,177000,0.05
9847,325,1,58,2024-05-22,2,282366,172000,0.2
9848,445,19,49,2024-05-23,1,432853,263000,0.1
9849,443,5,38,2025-09-16,2,313675,175000,0.2
9850,425,6,97,2025-09-20,1,246451,166000,0.0
9851,329,11,35,2024-08-05,4,801865,464000,0.1
9852,248,18,7,2025-11-10,4,571254,384000,0.2
9853,378,7,22,2025-08-15,1,353698,252000,0.2
9854,49,5,65,2024-05-01,4,173690,128000,0.05
9855,371,19,3,2024-06-03,2,285890,144000,0.2
9856,388,20,79,2025-08-24,5,250982,148000,0.05
9857,400,12,6,2024-01-03,1,618850,348000,0.1
9858,219,3,80,2025-05-16,3,341486,186000,0.1
9859,199,17,56,2025-10-05,5,863852,432000,0.0
9860,373,1,5,2024-11-13,2,501235,278000,0.0
9861,267,1,1,2025-03-06,3,234738,139000,0.1
9862,109,8,11,2024-10-07,2,501111,364000,0.0
9863,135,7,54,2025-05-20,1,295710,156000,0.1
9864,466,12,24,2024-05-02,1,510411,408000,0.0
9865,324,20,35,2025-09-26,5,801865,464000,0.1
9866,243,20,17,2025-11-30,5,195974,134000,0.0
9867,432,20,95,2025-01-23,1,377246,224000,0.2
9868,121,13,85,2024-03-09,1,572260,305000,0.2
9869,214,11,38,2025-10-20,1,313675,175000,0.15
9870,466,12,90,2024-01-19,5,260462,156000,0.05
9871,105,13,74,2025-10-11,3,481960,308000,0.2
9872,216,17,4,2024-03-17,5,213367,177000,0.0
9873,458,7,2,2024-12-14,1,457712,313000,0.0
9874,198,10,95,2025-10-01,4,377246,224000,0.0
9875,324,7,27,2025-01-07,5,381913,245000,0.1
9876,107,5,84,2025-05-19,3,133333,78000,0.2
9877,18,4,8,2025-02-27,1,506180,391000,0.2
9878,412,1,48,2024-07-25,2,725534,462000,0.1
9879,495,14,46,2024-12-18,2,181428,126000,0.05
9880,288,18,96,2025-11-24,2,110974,65000,0.1
9881,443,10,95,2024-01-18,5,377246,224000,0.2
9882,211,9,77,2024-09-28,4,92902,58000,0.0
9883,50,13,71,2024-12-30,3,899254,479000,0.1
9884,17,11,73,2024-10-16,2,148321,84000,0.05
9885,42,19,98,2024-04-12,4,252844,145000,0.1
9886,51,1,27,2025-08-03,3,381913,245000,0.05
9887,356,13,31,2024-03-16,5,317221,202000,0.2
9888,352,1,99,2025-03-27,4,754227,445000,0.15
9889,260,11,80,2024-03-15,3,341486,186000,0.05
9890,449,2,87,2025-06-27,5,866392,494000,0.15
9891,74,19,34,2024-09-23,2,886449,498000,0.2
9892,339,17,2,2025-11-24,1,457712,313000,0.2
9893,425,11,76,2025-07-06,2,67949,56000,0.1
9894,367,18,62,2025-09-15,5,230470,154000,0.05
9895,110,15,6,2024-01-25,2,618850,348000,0.15
9896,27,12,61,2024-06-06,2,184225,100000,0.0
9897,329,10,71,2025-08-03,5,899254,479000,0.15
9898,32,15,67,2025-12-09,3,327734,181000,0.05
9899,40,7,33,2025-07-18,5,420924,285000,0.15
9900,354,4,33,2024-12-23,1,420924,285000,0.2
9901,381,3,36,2024-02-28,1,236121,173000,0.1
9902,433,13,71,2025-12-28,1,899254,479000,0.05
9903,20,9,10,2024-01-03,4,728704,377000,0.0
9904,56,5,66,2025-11-03,3,636541,341000,0.1
9905,474,4,88,2025-06-02,2,141570,73000,0.1
9906,167,6,2,2025-11-25,5,457712,313000,0.1
9907,293,13,41,2025-12-17,3,579025,345000,0.05
9908,41,9,19,2025-03-17,3,484036,311000,0.1
9909,493,19,35,2025-11-10,1,801865,464000,0.05
9910,467,2,70,2024-03-05,4,651468,327000,0.0
9911,171,5,79,2024-05-04,2,250982,148000,0.05
9912,413,14,76,2025-05-23,3,67949,56000,0.0
9913,264,8,15,2024-11-11,1,564164,320000,0.0
9914,208,11,21,2025-09-05,3,527487,336000,0.0
9915,68,4,97,2024-03-19,2,246451,166000,0.15
9916,265,3,50,2024-11-01,4,244295,174000,0.2
9917,33,6,90,2024-03-19,1,260462,156000,0.0
9918,12,4,91,2025-12-13,2,128108,89000,0.05
9919,173,12,54,2025-01-25,4,295710,156000,0.2
9920,96,8,81,2024-09-08,4,402769,257000,0.15
9921,158,4,71,2025-06-01,2,899254,479000,0.15
9922,202,6,38,2024-10-15,2,313675,175000,0.1
9923,136,20,23,2025-05-13,5,435414,346000,0.0
9924,263,19,83,2024-07-23,1,147849,97000,0.1
9925,189,1,100,2025-09-20,1,130122,92000,0.1
9926,329,3,79,2025-06-21,3,250982,148000,0.05
9927,79,11,56,2025-02-10,5,863852,432000,0.05
9928,14,17,58,2024-03-28,4,282366,172000,0.05
9929,489,4,63,2024-10-20,2,639248,338000,0.15
9930,470,12,7,2024-03-22,3,571254,384000,0.2
9931,383,3,95,2025-06-05,4,377246,224000,0.2
9932,283,10,48,2024-04-03,3,725534,462000,0.1
9933,319,14,76,2024-06-20,3,67949,56000,0.1
9934,71,4,33,2024-05-23,2,420924,285000,0.1
9935,157,5,62,2025-07-18,2,230470,154000,0.05
9936,344,6,34,2025-10-20,5,886449,498000,0.15
9937,83,1,73,2025-11-10,5,148321,84000,0.0
9938,476,15,20,2025-10-20,5,188439,117000,0.0
9939,335,8,23,2024-04-18,4,435414,346000,0.1
9940,160,11,93,2024-02-03,3,781223,436000,0.05
9941,55,10,63,2024-09-07,5,639248,338000,0.0
9942,117,2,47,2025-01-16,4,325148,173000,0.05
9943,436,3,28,2024-10-14,1,158902,91000,0.05
9944,58,7,29,2024-04-28,1,147705,110000,0.0
9945,427,10,9,2024-11-05,3,449456,257000,0.15
9946,239,16,24,2024-09-11,1,510411,408000,0.1
9947,340,20,65,2024-12-09,1,173690,128000,0.1
9948,13,5,18,2025-04-30,2,542999,398000,0.15
9949,239,13,55,2025-07-30,1,78058,57000,0.1
9950,377,17,80,2025-08-20,4,341486,186000,0.2
9951,344,19,58,2025-02-16,2,282366,172000,0.1
9952,109,12,56,2024-03-06,3,863852,432000,0.0
9953,317,20,2,2024-10-23,4,457712,313000,0.15
9954,229,13,49,2025-12-18,4,432853,263000,0.05
9955,260,1,25,2025-02-24,2,356587,291000,0.2
9956,316,10,6,2024-04-18,4,618850,348000,0.0
9957,486,12,64,2025-11-04,3,81699,58000,0.0
9958,49,3,82,2024-02-16,2,354688,203000,0.05
9959,73,5,19,2024-10-15,4,484036,311000,0.0
9960,121,5,90,2024-08-16,3,260462,156000,0.2
9961,119,7,27,2024-11-07,5,381913,245000,0.0
9962,208,20,15,2025-03-17,4,564164,320000,0.0
9963,158,14,86,2025-11-25,4,619302,320000,0.1
9964,59,4,75,2025-05-14,4,615439,387000,0.0
9965,460,3,78,2024-12-04,5,201181,104000,0.2
9966,280,15,15,2025-05-20,1,564164,320000,0.1
9967,468,7,17,2024-03-02,2,195974,134000,0.2
9968,189,17,64,2025-10-24,1,81699,58000,0.1
9969,155,5,52,2025-02-15,1,107522,76000,0.05
9970,174,17,27,2024-11-05,4,381913,245000,0.05
9971,436,7,69,2025-08-17,3,214926,121000,0.15
9972,332,18,58,2025-04-17,1,282366,172000,0.1
9973,344,1,64,2025-06-15,3,81699,58000,0.0
9974,456,16,46,2024-03-10,4,181428,126000,0.0
9975,26,2,68,2024-10-12,3,380357,285000,0.1
9976,309,9,20,2025-06-05,4,188439,117000,0.1
9977,227,20,22,2024-08-24,3,353698,252000,0.1
9978,490,2,27,2025-03-14,4,381913,245000,0.15
9979,403,15,37,2025-02-10,3,466547,278000,0.2
9980,39,14,15,2025-06-20,1,564164,320000,0.2
9981,368,15,9,2025-05-16,5,449456,257000,0.05
9982,238,10,83,2025-04-01,2,147849,97000,0.1
9983,380,10,76,2025-06-14,4,67949,56000,0.15
9984,355,8,48,2024-08-28,2,725534,462000,0.15
9985,54,11,83,2025-06-16,1,147849,97000,0.2
9986,62,7,54,2024-10-18,4,295710,156000,0.1
9987,339,15,43,2024-12-17,3,288284,203000,0.1
9988,308,2,77,2025-04-16,4,92902,58000,0.0
9989,324,12,61,2024-11-12,4,184225,100000,0.0
9990,37,16,44,2024-01-21,2,533229,334000,0.0
9991,78,16,26,2024-04-16,1,579595,443000,0.1
9992,56,6,23,2024-06-28,3,435414,346000,0.2
9993,230,5,74,2025-01-26,5,481960,308000,0.1
9994,176,6,34,2025-01-09,1,886449,498000,0.1
9995,148,18,42,2025-04-25,1,387805,204000,0.15
9996,473,13,46,2024-06-08,4,181428,126000,0.1
9997,225,10,40,2024-08-09,2,612399,307000,0.1
9998,13,6,20,2024-06-06,5,188439,117000,0.05
9999,2,14,17,2024-03-15,1,195974,134000,0.1
10000,235,6,38,2024-02-12,5,313675,175000,0.15
